:1040000000000320A9390100A7390100A7390100E8
:10401000A7390100A7390100A739010000000000FD
:10402000000000000000000000000000A7390100AF
:10403000A739010000000000A7390100293A01005A
:10404000A7390100A7390100A7390100A7390100EC
:10405000A7390100A7390100A7390100A7390100DC
:10406000A7390100A7390100A739010079E600004E
:1040700091370100973701009D370100A3370100F8
:10408000A9370100AF370100B5370100BB37010088
:10409000C1370100C7370100CD370100D337010018
:1040A000D9370100DF370100E5370100EB370100A8
:1040B000A7390100A7390100A7390100C5AA0000EE
:1040C000C5AA0000C5AA0000C5AA0000C5AA000034
:1040D000A7390100A7390100A7390100A73901005C
:1040E000A7390100A7390100A7390100A73901004C
:1040F00000000000A7390100A7390100A73901001D
:10410000A7390100A7390100A7390100A73901002B
:10411000A7390100A7390100C9B10000D5B10000DD
:10412000D9B10000DDB10000912901009D290100F5
:10413000A1290100A5290100A7390100A739010023
:10414000A7390100A7390100A7390100A7390100EB
:10415000A7390100A7390100A7390100A7390100DB
:10416000A7390100A7390100A7390100A7390100CB
:10417000A7390100A7390100A7390100A7390100BB
:10418000F1F00000F7F00000FBF00000FFF000008D
:10419000A7390100A7390100A7390100A73901009B
:1041A000A7390100A7390100A7390100A73901008B
:1041B000A7390100A7390100A7390100A73901007B
:1041C000A7390100A7390100A7390100A73901006B
:1041D000A7390100A7390100A7390100A73901005B
:1041E000A7390100A7390100A7390100A73901004B
:1041F000A73901000000000029700000A739010064
:10420000A7390100A7390100A7390100A73901002A
:10421000A7390100A7390100A7390100195E000084
:10422000A7390100ED5E0000A7390100A7390100A0
:10423000A7390100A7390100A7390100A7390100FA
:10424000A7390100A7390100A7390100A7390100EA
:10425000A7390100A7390100A7390100A7390100DA
:10426000A739010010B5054C237833B9044B13B1BD
:104270000448AFF300800123237010BD30160020E6
:1042800000000000744B040008B5034B1BB1034948
:104290000348AFF3008008BD000000003416002082
:1042A000744B0400002070477047704772B6084B8B
:1042B000084A1A60BFF34F8F0749084BCA6802F4D7
:1042C000E0621343CB60BFF34F8F00BFFDE700BF39
:1042D000FCFF0220EF6916F000ED00E00400FA0593
:1042E00008B50FF059FE000108BD0000014804F0B8
:1042F0008EBF00BF88170020034B04480422012111
:104300001A7005F095B800BF9E1E00208817002087
:1043100008B50021132010F075F8BDE808400248E8
:10432000012105F085B800BF88170020FFF7F0BF16
:10433000044A054800231370044A0121137005F054
:1043400077B800BF9C1E0020881700209D1E00200B
:1043500010B50E490E4C0F4BC1F89031E6B04FF43A
:10436000CA7201A82CF0EAF9D4E9041220460AF036
:1043700021FA6369216901AA20460AF0C9F90648B1
:10438000012105F055F866B010BD00BFDC17002014
:10439000301E0020A5A555AA88170020103008F06F
:1043A00061BA103008F094BB103008F037BC07B584
:1043B00001228DF8071010300DF1070108F02EFCD6
:1043C00003B05DF804FB000010B5044B044640F850
:1043D000183B0FF00DFA204610BD00BF20C70300A8
:1043E00010B5034B03600446FFF7EEFF204610BDF7
:1043F00038C703000148022105F084B9881700205E
:1044000010B5124C1248F3EE080ABBEE080A04F18C
:10441000300105F051FB18B9BDE81040FFF7EABFC5
:10442000D4ED0D7AD4ED0C6A0948B6EE007AB0EE00
:10443000676AA6EE876A0121E6EEC77A84ED0F6A05
:10444000C4ED107ABDE8104004F0F2BFDC17002084
:104450008817002010B5124C1248F3EE080ABBEE84
:10446000080A04F1340105F027FB18B9BDE8104033
:10447000FFF7C0BFD4ED0D7AD4ED0C6A0948B6EE53
:10448000007AB0EE676AA6EE876A0121E6EEC77A87
:1044900084ED0F6AC4ED107ABDE8104004F0C8BF87
:1044A000DC1700208817002007B5DFED120A12483C
:1044B000B0EE600A01A905F0FFFA30B90E480221FA
:1044C00005F020F903B05DF804FB0C4807F03EFA54
:1044D000DFED0B0A0948C0EE200A9DED010A07F046
:1044E00093FB084B044883ED630A012104F0A0FF0D
:1044F000E8E700BF0000000088170020CC1600206D
:104500000000C842DC1700207FB515490B784BB17D
:10451000144B1A68144B1B689A42144B05DB00229B
:104520000A701A7007B05DF804FB012202A8104956
:104530001A7009F07DFF0F4B01A8196809F04FFFB1
:1045400001AA02A904A809F03DFF04AA0848002115
:1045500009F09AFF06480322002109F0C1FFE1E7B4
:104560009C1E0020141700206C1E00209D1E0020A1
:10457000941E0020C00B002010B5530A14460A46B2
:104580000146044807F0A7FC002814BF20464FF05E
:10459000FF3010BD0C1E002010B5530A14460A4609
:1045A0000146044807F06AFC002814BF20464FF07B
:1045B000FF3010BD0C1E0020037C13F008031EBF4B
:1045C000C36A406A1B1A002BACBF18466FF000404C
:1045D0007047000010B50C4C0C4807F030FC94F804
:1045E0002430DB0709D4002384F824304FF0FF3354
:1045F0002363074B01221A7010BD04F1240009F057
:10460000EDF90028EFD1F4E7701900200C1E00200E
:10461000BC0B002010B50C4C0C49E6B04FF4CA722C
:1046200001A82CF08BF8D4E9041220460AF0C2F855
:104630006369216901AA20460AF06AF80448012149
:1046400004F0F6FE66B010BD301E002014000020FD
:104650008817002000B51348ADF54B7D436901690B
:1046600065AA0AF0B6F84FF4CA720DEB020168466B
:104670002CF064F8C99B0C4A93420ED169460B4852
:1046800064934FF4CA722CF059F80948012104F0E0
:10469000CFFE0DF54B7D5DF804FB05486E2105F05E
:1046A00031F8F6E7301E0020A5A555AADC1700203A
:1046B00088170020037813F008031EBFC369406900
:1046C0001B1A002BACBF18466FF00040704707B5AF
:1046D00001220DF1070107F0FEFF01280CBF9DF834
:1046E00007004FF0FF3003B05DF804FB08B5103051
:1046F000FFF7EDFF08BD000000224FF47A71C0E91A
:10470000012102828274014A026070475C8D0300BD
:10471000F8B5069F15461A4604460E463B4672B14A
:1047200009F0D4F848B104F24446304608F014FACF
:104730002146304607F09DFF58B90020F8BD012200
:1047400009F0C4F802460028EDD13B463146204628
:10475000E6E7034B15B91A68002AEFD11C60EDE7B4
:10476000C822002010B504460FF0ECF9204610BD19
:1047700010B5044604F008FE2046BDE8104004F0E1
:10478000FBBD000070B5114B8AB003AA03F11806F7
:10479000154618685968144603C40833B3422246C4
:1047A000F7D11B88238001A8094909F041FE094877
:1047B000002104F03DFE294601A809F0BDFC014698
:1047C0000448FFF7D5FF0AB070BD00BFA08E0300FC
:1047D000941E00208817002010B50D4A0D4C10685B
:1047E0005168127A86B003AB03C301A80A491A7054
:1047F00009F01EFE2046002104F01AFE03A901A8BC
:1048000009F09AFC01462046FFF7B2FF06B010BD42
:10481000598E030088170020941E002010B50E4A00
:104820000E4C1068516886B003AB03C31189198020
:10483000927A0B499A7001A809F0FAFD20460021EE
:1048400004F0F6FD03A901A809F076FC0146204614
:10485000FFF78EFF06B010BD988703008817002071
:10486000941E002010B5044604F096FD2046BDE8D5
:10487000104004F081BD000038B5274C274D20467C
:10488000002104F0D5FD2649204604F085FD284688
:1048900007F02EF82046022104F0A6FD204621490B
:1048A000FFF7E0FF2049204604F076FD284607F098
:1048B0004DF8DFED1E7A204680EE270A022104F033
:1048C00093FD20461A49FFF7CDFF1A49204604F010
:1048D00063FD194B284693ED630A07F05DF9204606
:1048E000022104F081FD20461449FFF7BBFF144963
:1048F000204604F051FD284607F002F92046022127
:1049000004F072FD20460F49FFF7ACFF0E49204628
:10491000FFF7A8FF38BD00BF88170020CC16002085
:10492000A3870300B2870300B68703000000C842D4
:10493000C89C0300C2870300DC170020FE9C030014
:10494000D6870300E49C030031C1030008B50F487B
:10495000002104F06DFD0E4B1B78062B14D8DFE808
:1049600003F004090B0D0F1311000A490748FFF764
:1049700079FF08BD0849F9E70849F7E70849F5E76D
:104980000849F3E70849F1E70849EFE788170020ED
:104990009E1E0020E2870300E7870300F0870300E4
:1049A000F7870300008803000688030018880300C7
:1049B00010B5044604F008FD2046BDE8104004F0A0
:1049C000DBBC00001FB50A24144800944FF47A732E
:1049D000012203A905F018F828B91048022104F0B3
:1049E00091FE04B010BD039B0C48013B00210393D2
:1049F00004F01EFD0A4B1B682BB90A220021074850
:104A0000FFF7D6FFEDE7039A99689142F5DB5B6902
:104A100053F8223022461969F1E700BF88170020B9
:104A2000981E002010B5044604F0D6FC2046BDE8D0
:104A3000104004F0A1BC000010B51F4C1F492046D7
:104A400004F0AAFC0E200FF0A7FA0A220146204625
:104A5000FFF7E8FF1A49204604F09EFC0F200FF0F4
:104A60009BFA0A2201462046FFF7DCFF1549204643
:104A700004F092FC10200FF08FFA0A220146204623
:104A8000FFF7D0FF1049204604F086FC11200FF0FC
:104A900083FA0A2201462046FFF7C4FF0B4920464D
:104AA00004F07AFC12200FF077FA0A220146204621
:104AB000FFF7B8FF10BD00BF88170020278803004C
:104AC0002D88030033880300398803003F880300E2
:104AD00010B5ADF5915D86B03449354804F05CFC05
:104AE000344807F07CFA102201463148FFF79AFF5C
:104AF00031492F4804F050FC2E4807F06CFA0A2286
:104B000020FA02F12A4804F067FC2C492848FFF7F4
:104B1000A9FE00222A49264804F0E1FE294904465C
:104B20002348FFF79FFE204627492CF007FF044645
:104B3000B8B926491E48FFF795FE4FF480530093FD
:104B4000224620488EAB012103F062FE044660B18C
:104B50001F49174804F020FC15480A222146FFF798
:104B600027FF0DF5915D06B010BD1A49012202A87C
:104B700003F0ACFD044608B11749EAE717490C48B1
:104B8000FFF770FE164803F0C5FD044608B115494D
:104B9000DFE71049024603F099FD134807F04FF98B
:104BA00012490348FFF75EFEDBE700BF45880300BC
:104BB00088170020101E00205D8803006A8803000B
:104BC0006E88030031C10300B1880300B58803007B
:104BD000C3880300EA880300ED88030015890300F9
:104BE0002C890300308903000C1E00205B89030020
:104BF00008B509490948FFF735FE09490948012266
:104C000007F092F920B908490448FFF72BFE08BDC8
:104C1000BDE80840FFF75CBF6C89030088170020DF
:104C2000609D03000C1E00208389030010B504461C
:104C300004F0DAFB2046BDE8104004F09DBB000004
:104C400010B5064C0021204604F0F2FB044806F0A3
:104C50004FFE02212046FFF7E9FF10BD8817002014
:104C6000CC16002010B5084C0021204604F0E0FBD3
:104C7000064806F06BFEDFED067A022180EE270A79
:104C80002046FFF7D3FF10BD88170020CC16002068
:104C90000000C84210B5064C0021204604F0C8FBB5
:104CA000044806F02DFF02212046FFF7BFFF10BD8C
:104CB00088170020CC16002010B5084C0021204693
:104CC00004F0B6FB064B074893ED630A06F064FF59
:104CD00002212046FFF7AAFF10BD00BF8817002061
:104CE000DC170020CC16002038B5074D2B68834216
:104CF000044608D002460021044809F00AF9034896
:104D000009F02AF82C6038BDB0160020A01E002043
:104D100010B5044686B000780091CDE9012300F576
:104D2000FA61A378627804A809F082F90498BDF8C2
:104D300014302060A38006B010BD10B5044686B0C4
:104D40004079029020790190E078009004A809F061
:104D50006FF90498BDF814302060A38006B010BD30
:104D600000B58BB01F4908A809F062FB002202A918
:104D70001D4804F0FEFD05AB00931C49029804ABEE
:104D800003AA2CF04DFD032813D19DF814309DF893
:104D900010209DF80C1008A8FFF7BAFF114808A9C9
:104DA00009F020FB1048012104F042FB0BB05DF834
:104DB00004FB07AB00930E49029804AB06AA2CF043
:104DC0002FFD032809D19DF818309DF81020BDF85B
:104DD0001C1008A8FFF7B1FFE0E70348022104F028
:104DE00091FCE3E7941E002088170020AB890300A4
:104DF000B7890300F8B5264CE37D2DED028B002B1F
:104E000043D094F82830002B3FD09FED228A224EC9
:104E10000A25F0EE488A04F1A007012239463046FF
:104E200002F025FF013D38EE008AF6D1B2EE047A99
:104E3000C8EE077A94ED097A37EE677AF0EE007AD9
:104E4000F0EEC76AF4EEE76AF1EE10FA1DD4D4ED85
:104E50000B7ADFED126A27EE277AC7EE267A94EDF9
:104E6000087A77EE877A94ED157AF4EE477AF1EEC8
:104E700010FAC8BFF0EE477AF5EE407AF1EE10FA7C
:104E800048BFF0EE687AC4ED087ABDEC028BF8BD3D
:104E9000DC17002000000000E14200000000C842D2
:104EA000F8B51B4C2368002B31D000252F46236812
:104EB00058699B68AB4221DD50F82530AE00DBB16C
:104EC000586928B10EF040FE23685B699B595F6109
:104ED00023685B699B59986928B10EF035FE2368F9
:104EE0005B699B599F6123685B69985908B10EF013
:104EF0002BFE23685B699F510135D8E708B10EF09E
:104F000023FE206808B10EF01FFE00232360F8BDC9
:104F1000981E00202DE9F047414E33680BB1FFF792
:104F2000BFFF404918200FF00EFB054630600028F7
:104F300071D03D4C3B49D4F80C310360D4F81031AA
:104F400043600023D4F82801EB60D4F824312B61AE
:104F50006FF060439842A86034BF80004FF0FF308C
:104F60000FF0F3FADFF8BC80686100252F46D4F813
:104F70002831AB421ADD336841461C20D3F8149027
:104F80000FF0E1FA336849F825005B6953F82530E2
:104F9000002B40D0D4F814215A60D4F818219A601C
:104FA000D4F81C210135C3E90327E0E71F4FDFF8E0
:104FB00074A00025D4F82831AB422FDD33685B693B
:104FC00053F82590D9F80C00B84294BF40004FF038
:104FD000FF3051460FF0B9FA3368C9F814005B6925
:104FE0004FEA850853F80890D9F814309BB1D9F8E6
:104FF0000C00B84294BF40004FF0FF3051460FF014
:10500000A4FA3368C9F818005B6953F808309B6943
:105010000BB10135CEE70020BDE8F0870120FBE7AA
:10502000981E002014060400DC170020FCFFFF3F40
:105030004B6870B543608B688360CB68C36001F1D7
:105040001004064600F110050FCC0FC50FCC0FC59C
:1050500023682B60304670BDF8B5047C0646A4B1C9
:105060000D460024571EA7420DDD336830465B69AC
:1050700098470A2807D03A2805D02C2803D005F8ED
:10508000010B0134EFE700232B702046F8BD000030
:1050900030B58BB005460C4601A80E490EF0EDFB6D
:1050A000142204A92846FFF7D7FF00280FDD04A922
:1050B00001A80EF0F5FB01A80EF06AFC84ED000AD1
:1050C000002401A80EF094FB20460BB030BD4FF039
:1050D000FF34F6E731C1030030B58BB005460C460E
:1050E00001A80E490EF0C9FB142204A92846FFF7B7
:1050F000B3FF00280EDD04A901A80EF0D1FB01A822
:105100000EF034FC2060002401A80EF071FB204654
:105110000BB030BD4FF0FF34F6E700BF31C10300E4
:1051200038B50C46037802462146013023B9207871
:10513000B0FA80F0400938BD2A2B10D1154612F87C
:10514000013B2A2BFAD08BB1214601340878002884
:10515000F1D02846FFF7E4FF0028F5D0EBE70A7806
:105160009A4204F10104DDD00020E4E70120E2E7E7
:105170002DE9F043414C236887B0054633B94048D8
:10518000022104F0BFFA07B0BDE8F0830A260096BA
:105190009B683B48012203A904F036FC0028EED0AE
:1051A0002268039B526936486FF040473B4404A98C
:1051B00052F82330DB680096013B002204F024FC07
:1051C0000028DCD02268039B52692D483B4405A986
:1051D00052F823300096DB68012204F015FC002809
:1051E000CDD00021264804F023F92268039BD16822
:1051F000994205DA22480A220021FFF7D9FBC2E7CB
:1052000052693B4452F823301A69049B9A42F1DBFD
:1052100005990B449A42EDDB32461948194F184E56
:10522000DFF86C8004F0D0F8DDF81090DDE904328E
:1052300013444B451CDD3946304604F0ADF8039964
:1052400022686FF0404352690B4452F8233065B135
:105250005B690D4933F8190002F0E2FC0221304687
:1052600004F0C2F809F10109E0E79B694146F1E762
:1052700006490348FFF7F6FA85E700BF981E0020AD
:1052800088170020C38903006418002031C103007F
:10529000701800200120FFF76BBF0020FFF768BFE8
:1052A00037B5164905460122154806F03DFE04466D
:1052B00048B91DB90024204603B030BD1149124839
:1052C000FFF7D0FAF7E71DB110490F48FFF7CAFA08
:1052D00000230B490E4800930122FFF719FA0446F8
:1052E00018B9002DE6D00B49E9E7002DE3D00A49B3
:1052F0000548FFF7B7FA2C46DDE700BF609D0300C5
:105300000C1E00208389030088170020C589030034
:1053100070190020DC890300F88903002DE9F04FA3
:1053200004468FB00020FFF7BBFF074620B90027D7
:1053300038460FB0BDE8F08F01A8FFF7DDF922462F
:10534000844C854940F2012305A807F05FFC01A9C0
:105350002046FFF76DFE237C002BE8D07F4D80496F
:1053600020460DF07FFB7F4920460DF06CFB2B683B
:10537000186829F06FFC41EC100B022120460DF05B
:1053800090FC794920460DF05EFB2B68586829F0A7
:1053900061FC41EC100B022120460DF082FC7349A8
:1053A00020460DF050FB2B680A22D96820460DF0EC
:1053B000A4FB6F4920460DF046FB2B680A22996832
:1053C00020460DF09AFB4FF000082B68DB68434540
:1053D00040F3BB806749DFF8BCA1DFF8BCB108F13E
:1053E000010820460DF02FFB0A22414620460DF011
:1053F00084FB614920460DF026FB2B684FEA8806A6
:10540000043E5B699B59186829F024FC41EC100BA1
:10541000022120460DF045FC584920460DF013FBB3
:105420002B685B699B59586829F014FC41EC100B00
:10543000022120460DF035FC514920460DF003FBBA
:105440002B685B699B59986829F004FC41EC100BB0
:10545000022120460DF025FC444920460DF0F3FAC8
:105460002B685B699B590A22196920460DF045FBA0
:105470003F4920460DF0E7FA2B685B699B590A22E9
:10548000D96820460DF039FB3E4920460DF0EAFA76
:105490004FF000092A6852699259116949451DDD8A
:1054A0005269514632F8190002F0BAFB10EE100AA8
:1054B00029F0D0FB41EC100B022120460DF0EEFB51
:1054C0002A68526992591269013A914503DA59469C
:1054D00020460DF0B8FA09F10109DBE72A49DFF8A7
:1054E000BCA0DFF8B4B020460DF0BCFA2749204636
:1054F0000DF0B8FA4FF000092A6852699259116903
:1055000049451DDD9269514632F8190002F088FBC9
:1055100010EE100A29F09EFB41EC100B02212046F0
:105520000DF0BCFB2A68526992591269013A914503
:1055300003DA594620460DF086FA09F10109DBE746
:10554000114920460DF08EFA3FE7114807F004FBA1
:10555000EEE600BFD81D002070190020981E002024
:105560000C8A03004F8A03005A8A0300638A0300EF
:105570006E8A0300778A03007E8A0300848A030010
:105580008E8A0300968A030031C10300AC8A0300AF
:10559000E81D002064180020C38903007018002053
:1055A0000C4B1B6807B523B90B48022104F0AAF87D
:1055B0000DE00948002201A904F0DBF90198FFF78A
:1055C000ADFE0028F0D00448012103F031FF03B004
:1055D0005DF804FB981E0020881700202DE9F04399
:1055E0009FB0B648002203A904F0C3F90020FFF7DA
:1055F00057FE30B9B148022104F084F81FB0BDE86D
:10560000F083039AAE4C019209A8FFF775F80023C6
:10561000019AAC490DA807F0F9FA09A92046FFF74D
:1056200007FD237C002B00F00281A74EA74CA84D5C
:10563000A4F110072046FFF73DF8002840F3F7805B
:10564000502209A93846FFF707FD0822294609A874
:105650002DF0DCF80028EDD19E499948FFF718FDA0
:10566000013000F0E480502209A99548FFF7F4FCCE
:105670009949062209A82DF0C9F8002840F0D780E2
:1056800096498F48FFF704FD013000F0D08050228A
:1056900009A98B48FFF7E0FC9149082209A82DF0E1
:1056A000B5F8002840F0C380854804A9FFF714FD31
:1056B000013000F0BC80502209A98148FFF7CCFCE2
:1056C0008849062209A82DF0A1F80546002840F0D7
:1056D000AE8085497A48FFF7FFFC013000F0A780D3
:1056E000774C049BAB42A1DD09A950222046FFF76D
:1056F000B3FC7E4909A82CF021F9002896D106A90F
:105700002046FFF7E9FC013090D0069B6F1CBB429E
:105710008CD109A950222046FFF79EFC744909A8A4
:105720002CF00CF9002881D107A92046FFF7B0FC26
:1057300001303FF47BAF502209A92046FFF78CFCD3
:105740006C49072209A82DF061F800287FF46EAF9C
:1057500069492046FFF79CFC01303FF467AF5022B7
:1057600009A92046FFF778FC6449052209A82DF015
:105770004DF800287FF45AAF61492046FFF788FCB6
:1057800001303FF453AF502209A92046FFF764FCD3
:105790005349082209A82DF039F800287FF446AFB4
:1057A00005A92046FFF798FC01303FF43FAF502297
:1057B00009A92046FFF750FC4A49062209A82DF006
:1057C00025F800287FF432AF4E492046FFF784FCCD
:1057D00001303FF42BAF3DB9FFF79CFB00283FF4AD
:1057E00025AF3368049ADA603368079A5B6953F827
:1057F00025301A60059A1A6109A950222046FFF740
:105800002BFC4149152209A82DF000F84FEA850824
:10581000054600287FF40AAFDFF8F490059BAB4201
:105820001FDD08A92046FFF733FC013005D12748CA
:1058300007F092F9DEE63D4653E79DED080A48463B
:1058400002F008FA3368DDED087A5B69FCEEE77A6E
:1058500053F8083017EE902A5B6923F815200135BC
:10586000DCE7502209A92046FFF7F6FB274915225D
:1058700009A82CF0CBFF054600287FF4D7AEDFF84F
:105880009490059BAB4247DD08A92046FFF700FC3A
:105890000130CCD09DED080A484602F0DBF93368B0
:1058A000DDED087A5B69FCEEE77A53F8083017EE15
:1058B000902A9B6923F815200135E2E7881700201C
:1058C000D81D002070190020981E0020E81D00201F
:1058D000C28A0300E8180020CB8A0300EC180020DD
:1058E000D28A0300DB8A030004190020E28A030045
:1058F000A39B0300E78A0300F0180020EF8A03004F
:10590000F4180020F8180020968A0300AC8A0300DF
:105910006418002070180020049BBB428BD10448FF
:1059200007F01AF90348012103F082FD66E600BF83
:10593000E81D00208817002010B590B01F4B2048AC
:10594000029304F0F4F8012804DD1D48022103F05D
:10595000D9FE31E01A4804F0EAF8012804D11848C9
:10596000002202A904F005F80020FFF799FC0028A6
:10597000EBD0029A134C019203A8FEF7BDFE40F251
:105980000123019A104907A807F040F903A920460E
:10599000FFF74EFB237C002BD7D00C494FF4CA7283
:1059A00004F1100007F03AF904F1100007F0D4F800
:1059B0000348012103F03CFD10B010BDF58A03003F
:1059C00088170020D81D002070190020DC17002047
:1059D00030B5E9B0254B2648029304F0A8F8012819
:1059E00004DD2348022103F08DFE3DE0204804F051
:1059F0009EF8012804D11E48002202A903F0B9FF35
:105A00000020FFF74DFC0028EBD0029A194D0192BF
:105A100003A8FEF771FE0023019A174907A807F0B3
:105A2000F5F803A92846FFF703FB2B7C002BD8D001
:105A30004FF4CA7203A905F1100006F04CFE0446AB
:105A400005F1100007F088F8B4F5CA7FC9D1679A4C
:105A50000A4B9A42C5D103A9094822462AF06EFE94
:105A60000348012103F0E4FC69B030BDF58A03006E
:105A700088170020D81D002070190020A5A555AA60
:105A8000DC1700202DE9304800208EB0FFF708FC1D
:105A9000B0B1DFF860B101A8FEF72EFE40F201239D
:105AA000414A424905A807F0B1F801A95846FFF755
:105AB000BFFA9BF8103033B93D493E48FEF7D2FE9D
:105AC0000EB0BDE830883C490C220BF1100007F005
:105AD000A5F83A4904460C220BF1100007F09EF895
:105AE000374904440C220BF1100007F097F83549B0
:105AF00004440C220BF1100007F090F832490444E2
:105B00000C220BF1100007F089F8304904440C22F4
:105B10000BF1100007F082F82D4904440C220BF120
:105B2000100007F07BF82B4904440C220BF1100005
:105B300007F074F8284904440C220BF1100007F018
:105B40006DF8264904440C220BF1100007F066F8AA
:105B5000234904440C220BF1100007F05FF821499F
:105B600004440C220BF1100007F058F81E490444BD
:105B70000C220BF1100007F051F854221B49044489
:105B80000BF1100007F04AF805460BF1100006F083
:105B9000E3FF1749074803F0FFFB06480A22611993
:105BA000FEF706FF8CE700BF018B03007019002091
:105BB000098B0300881700204C180020581800207B
:105BC00064180020701800207C180020881800201D
:105BD00094180020A0180020AC180020B81800204D
:105BE000C4180020D0180020DC1800201419002050
:105BF0001F8B0300D81D00202DE9104800208FB016
:105C0000FFF74EFBA8B1DFF85CB101A8FEF774FD09
:105C10000023414A414905A806F0F8FF01A958466A
:105C2000FFF706FA9BF8103033B93D493D48FEF7BF
:105C300019FE0FB0BDE810883B490C220BF1100093
:105C400006F049FD394904460C220BF1100006F01C
:105C500042FD374904440C220BF1100006F03BFDD5
:105C6000344904440C220BF1100006F034FD324993
:105C700004440C220BF1100006F02DFD2F490444C2
:105C80000C220BF1100006F026FD2D4904440C22D5
:105C90000BF1100006F01FFD2A4904440C220BF101
:105CA000100006F018FD284904440C220BF11000E6
:105CB00006F011FD254904440C220BF1100006F0FA
:105CC0000AFD234904440C220BF1100006F003FDE9
:105CD000204904440C220BF1100006F0FCFC1E4984
:105CE00004440C220BF1100006F0F5FC54221B4971
:105CF00004440BF1100006F0EEFC04440BF110001C
:105D000006F02AFF1649074803F046FB05480A2219
:105D10002146FEF74DFE8CE7018B03007019002031
:105D2000438B0300881700204C18002058180020CF
:105D300064180020701800207C18002088180020AB
:105D400094180020A0180020AC180020B8180020DB
:105D5000C4180020D0180020DC18002014190020DE
:105D6000578B0300D81D002030B59FB004A8FEF764
:105D7000C3FC0020FFF794FA28B90221244803F05D
:105D8000C1FC1FB030BD2248002203A903F0F1FD81
:105D90000028F2D00024039A1E49ADF8444023465F
:105DA00011A88DF8464006F031FF08B96921E5E7F2
:105DB000039A019211A8FEF79FFC2346019A154908
:105DC00015A806F023FF11A904A8FFF731F99DF8E3
:105DD0002030002BEAD00E480D4D214603F028FB61
:105DE00008A8FEF767FC002808A80ADDFEF76FFC8C
:105DF00011A98DF8440028468DF8454003F0C4FAF7
:105E0000EEE706F0A9FE0248012103F011FBB8E716
:105E10008817002070190020F7B52C4B93F82E201E
:105E2000C2F3800201921A6B1107FCD4B3F8403020
:105E3000274A26499BB213600A6B12F00802FBD175
:105E40000198244D0128296819D1234C2368013376
:105E50008B42236011D3214B1A6023688B4203D1FC
:105E60001F4B1B6803B1984723682A68B3EB420FA6
:105E700082BF236803F1FF33236003B0F0BD174CEA
:105E8000226801328A422260F7D3164A1268052A34
:105E900018D1154A0D481768DA1B22EAE272064645
:105EA000D0F830C01CF0080FFAD192B23B44828186
:105EB00040F6FF729342A8BF1346326B1207FCD420
:105EC0009BB2F381044B00201860C6E7001C00431E
:105ED000601600200C000020A4160020A016002050
:105EE0004C16002054160020A8010020F7B52C4BBA
:105EF00093F82E20C2F3800201921A6B1107FCD492
:105F0000B3F84030274A26499BB253600A6B12F01F
:105F10000802FBD10198244D0128696819D1234C4E
:105F2000236801338B42236011D3214B1A6023680D
:105F30008B4203D11F4B1B6803B1984723686A68E3
:105F4000B3EB420F82BF236803F1FF33236003B03A
:105F5000F0BD174C226801328A422260F7D3164AFC
:105F60005268052A18D1154A0D485768DA1B22EAEB
:105F7000E2720646D0F830C01CF0080FFAD192B297
:105F80003B44828140F6FF729342A8BF1346326BB6
:105F90001207FCD49BB2F381044B00201860C6E7C3
:105FA00000200043601600200C000020AC160020EA
:105FB000A81600205016002054160020A80100202A
:105FC000554B984210B5044600F0A080A3F58063BD
:105FD000984203D101210E200EF056FA0023226BC5
:105FE00012F00802FBD1218862F341012180226B6B
:105FF00012F00802FBD149498C4277D1A18862F3A3
:106000000401A180226B12F00802FBD1218862F307
:1060100045112180226B1207FCD4414A1168228865
:1060200061F30A222280226B1007FCD4228842F0FE
:1060300002022280226B1107FCD4E288012161F365
:10604000C402E280226B1207FCD4364A1168A27A9D
:1060500061F30302A272216B11F00801FBD1A27A55
:1060600061F30612A272226B1007FCD4E28842F0A0
:106070000202E280226B1107FCD42B4A1168E27AFB
:1060800061F30502E272226B1207FCD4274A52F830
:106090002310E288052908BF032161F30A22E28068
:1060A000226B1007FCD494F82D2042F0010284F8F2
:1060B0002D20226B1107FCD41D4A32F82320A28127
:1060C000226B1207FCD41B4A32F82330E381134BB6
:1060D0009C4214D1184B4FF40002DA60236B1B076B
:1060E000FCD4237D43F00203237510BD0A4A944279
:1060F00001BFA288012161F30402A28082E7064B5E
:106100009C42EBD10C4B4FF00072E6E701211120CD
:106110000EF0BAF9012362E700200043001C00439F
:10612000C40B0020CC0B0020C80B0020541600200C
:1061300004000020B001002000E100E01B4B984269
:1061400027D11B4B4FF40002C3F88C20BFF34F8FB5
:10615000BFF36F8F036B1907FCD4144B98421FD108
:1061600041F606038380036B1A07FCD44FF4806367
:106170000380036B13F00803FBD1C380036B13F0A0
:106180000803FBD18372036B1B07FCD40523C37286
:106190007047084B9842DDD1054B4FF00072D3E7B2
:1061A000044B9842DFD14FF4C053DBE7001C00439F
:1061B00000E100E000200043043809281AD8DFE895
:1061C00000F025051908191A1C1F21230123104A64
:1061D00001E002230F4A091140F6FE708142A8BF78
:1061E00001460529B8BF052190688007FCD41C33FF
:1061F00042F8231070470323ECE70023064AEAE73E
:106200000123FBE70323F9E70223F7E70023DEE797
:10621000000C0042008001410060014110B50446BD
:1062200001F00BFD014694F90000BDE81040FFF7B6
:10623000C3BF0000000000002DE9F84F3E4CE37D95
:106240002DED028BF0EE408A002B6AD00FF2E009B0
:10625000D9E90089DFF8FCA0DFF8FCB084ED090A79
:1062600064253649364F9FED378ACAF81CB00A2696
:106270000422384601F0FBFCB0EE481AF0EE400A6A
:106280009AED070A01F019FD013E2C498AED070A33
:10629000EED138EEC08AB7EE007AF0EEC87AF4EEAE
:1062A000C77AF1EE10FA3CD917EE900A28F0D2FC2A
:1062B000064618EE900A0F4628F0CCFC42464B46A4
:1062C00028F020FD02460B463046394628F096FF5E
:1062D00038BB94ED0B0A9FED1C7A1C4828EE008A0F
:1062E00094ED080AC8EE077A77EE807A94ED150AE5
:1062F000F4EE407AF1EE10FAC8BFF0EE407AF5EE17
:10630000407A9FED130AF1EE10FA58BFB0EE670A1B
:1063100084ED080AFFF782FF05200DF0DDFB013D4B
:106320009FD1BDEC028BBDE8F88F00BFAFF30080BA
:10633000FCA9F1D24D62503FDC1700207C180020F0
:10634000E1420000CDCCCC3D0000C84288180020BE
:1063500000000000741E0020000080BF10B50C4C2F
:10636000DFED0C0A9FED0C0A0C4804F1240103F048
:10637000A3FB18B9BDE81040FEF73CB894ED090A3C
:10638000FFF75AFFBDE810400448012103F050B860
:10639000DC1700200000FA440000000088170020ED
:1063A00010B51D4CE37D2DED028BB0EE408A5BB342
:1063B00004F59C720023F2EC017AF4EEC87AF1EE57
:1063C00010FA24DD03B394ED156A1448B3EE047A91
:1063D000C6EE076A07EE103A04EB8303B8EEC76A0D
:1063E00093ED4D7A77EEC85A37EEC77AC5EE877AC5
:1063F00066EEE77AE6EE267AB0EE670AC4ED087A32
:10640000FFF70CFF84ED098ABDEC028B10BD013350
:10641000152BD0D1F8E700BFDC170020881800202A
:1064200010B50C4CDFED0C0A9FED0C0A0C4804F182
:10643000240103F041FB18B9BDE81040FDF7DABFB5
:1064400094ED090AFFF7ACFFBDE8104004480121B4
:1064500002F0EEBFDC1700200000FA44000000004C
:10646000881700201F4B1B68DA685B6953F82230DD
:10647000D3E90321914210B503DB1B4B03221A70B1
:1064800010BD1A4A5869146820F811405468986978
:1064900093ED017A4A1C1A6107EE902A144B20F8FA
:1064A0001140D3ED006A134CF8EEE77A04F1C40012
:1064B000A7EEA67AD4ED0D7AF6EE006AB0EE670A82
:1064C000A7EE260AE7EE667A84ED0F0AC4ED107A8D
:1064D000FFF7A4FE94ED100A04F1D000BDE81040CF
:1064E000FFF79CBE981E00209E1E00206016002014
:1064F0005C160020DC1700202DE9F8432DED048BFD
:10650000734D744E192701222946304601F0AFFB26
:10651000012229463046F0EE408A01F0A8FB012214
:106520002946304678EE808A01F0A1FB01222946F7
:10653000304678EE808A01F09AFB38EE800AB5EE9C
:10654000007A20EE070AF0EE007AB4EEE70AF1EEE8
:1065500010FAF0EE479AB0EE679A3BDDF2EE047A5D
:10656000B4EEE70AF1EE10FA34D55B4D594E192717
:1065700001222946304601F07AFB012229463046A5
:10658000F0EE408A01F073FB01222946304678EE96
:10659000808A01F06CFB01222946304678EE808A21
:1065A00001F065FB38EE800A20EE290AB4EEC90A34
:1065B000F1EE10FA4ADDF2EE047AB4EEE70AF1EEFB
:1065C00010FA43D5BDEC048B4448BDE8F8430121E3
:1065D00002F02EBFF1EE0C7A70EE677A404C17EEA7
:1065E000900A28F037FB38A3D3E9002328F08AFB70
:1065F0008046606C894628F02DFB02460B464046DB
:10660000494628F0C9F928F075FE07EE900AF5EE24
:10661000C07AF1EE10FA0DD500236364314894ED91
:10662000110AFFF7FBFD19200DF056FA013F7FF428
:106630006AAF9AE7B1EE047AF4EEC77AF1EE10FA97
:10664000C8BFF0EE477AC4ED117AE7E7F1EE0C7AB5
:1066500070EE677A224C17EE900A28F0FBFA1AA324
:10666000D3E9002328F04EFB8046A06C894628F031
:10667000F1FA02460B464046494628F08DF928F0CB
:1066800039FE07EE900AF5EEC07AF1EE10FA0DD55C
:106690000023A364144894ED120AFFF7BFFD1920EC
:1066A0000DF01AFA013F7FF463AF8BE7B1EE047A85
:1066B000F4EEC77AF1EE10FAC8BFF0EE477AC4EDF7
:1066C000127AE7E7AFF300807B14AE47E17A84BF2C
:1066D00064180020E1420000701800208817002094
:1066E000DC170020C4180020DC1800207FB5064607
:1066F0000C4601A8114915460DF0BFF826B195EDDD
:10670000000A3046FFF78AFD0D4A0E490E4803F095
:1067100016F985ED000A5CB10A26002594F90000FF
:10672000FDF7DEFD013E0544F8D10A2495FBF4F4A3
:1067300001A80DF05DF8204604B070BD31C1030022
:10674000ED420000788B0300881700202DE9F04708
:106750002DED028B544CDFF864A182B081460F46C8
:1067600020465249B0EE608AF0EE408AFEF77AF891
:106770006A4639464846CDED008AFFF7B7FF0A2240
:10678000054601462046FEF713F997F90000FDF78C
:10679000A7FD0A2201462046FEF70AF901AA39465A
:1067A00048468DED018AFFF7A1FF0A220146804687
:1067B0002046FEF7FDF897F90000FDF791FD0A224B
:1067C00001462046FEF7F4F8B0EE680A484601F0AC
:1067D00034FAB0EE480A0646484601F02EFA801B0D
:1067E000DDED006A9DED017A314907EE900A37EE42
:1067F000667AF8EEE77A2046C7EE878AA8EB0508A6
:1068000007EE906AB8EEE78A2A4EA6EEE88AFEF70F
:1068100029F85146204602F0BFFDB0EE680A204636
:106820000221FEF703FA3146204602F0B5FDB0EE34
:10683000480A20460221FEF7F9F9DDED006A9DEDD8
:10684000017AC9ED018A07EE908A37EE667AF8EE92
:10685000E77A89ED028AC7EE878A2046164907EE55
:10686000905AB8EEE78AA6EEE88AFDF7FBFF51469C
:10687000204602F091FDB0EE680A20460221FEF7A4
:10688000D5F93146204602F087FD0221B0EE480AD4
:106890002046FEF7CBF9C7ED018A87ED028A02B0E8
:1068A000BDEC028BBDE8F087881700208D8B0300BC
:1068B000A98B0300D28B0300D78B0300CD8B030081
:1068C00008B509490948FDF7CDFF09489FED090AB8
:1068D000F7EE040A0021FFF739FFBDE8084004483D
:1068E000B7EE040AFFF79ABCFB8B03008817002061
:1068F000941800200000000010B50B4C0B490C4808
:10690000FDF7B0FF04F1C4009FED0A0A04F1700125
:10691000F2EE080AFFF71AFF94ED0F0A04F1C40023
:10692000BDE81040FFF77ABCDC170020358C03006F
:10693000881700200000000010B50B4C0B490C48D4
:10694000FDF790FF04F1D0009FED0A0A04F17C01ED
:10695000F2EE080AFFF7FAFE94ED100A04F1D000F7
:10696000BDE81040FFF75ABCDC170020668C03001E
:10697000881700200000000070B53C493C482DED10
:10698000028BFDF76FFF3B48B2EE040AFFF746FCAF
:10699000394A3A49364802F0D2FF4FF48065B0EEEA
:1069A000408A00240F200DF0F7FA044401200DF076
:1069B00093F8013DF6D1002C2E489FED310AB8BF67
:1069C0003F34FFF72BFC2C4A2C49294802F0B7FF33
:1069D000A411F0EE408A4FF4806600250F200DF0E0
:1069E000DBFA054401200DF077F8013EF6D1002DC9
:1069F000B8BF3F35A4EBA51407EE904A38EE688A7D
:106A0000F8EEE77AAB1187EE887A1E4C1E491848DB
:106A100007EE903AF8EEE77A84ED297AE7EE687AA5
:106A2000C4ED2A7AFDF71EFF1849114802F0B4FCA4
:106A300094ED290A0E480221FEF7F8F814490C4893
:106A400002F0AAFC94ED2A0A09480221FEF7EEF8AA
:106A500004F1AC0094ED080AFFF7E0FBBDEC028BFB
:106A60006420BDE870400DF037B800BF978C03007C
:106A70008817002088180020ED420000C98C030010
:106A800000004842DC170020D78B0300CD8B0300A9
:106A9000D28B03002DE9F84F274CE37D2DED028BBF
:106AA000002B45D0DFF8A08004F59C77002604F188
:106AB000AC0AC14694ED157ADFF890B09FED1F8ABD
:106AC000F3EE047A87EE270A5046642507EE906AB3
:106AD000F8EEE77A20EE270AFFF7A0FBFA200CF089
:106AE000FBFF174B1749C8F81C300422584601F029
:106AF000BEF8B0EE481AF0EE400A99ED070A01F030
:106B0000DCF8013D0F4989ED070AEED10136152E5B
:106B1000A7EC010ACED194ED080A01F10C00FFF7B1
:106B20007DFBBDEC028B6420BDE8F84F0CF0D4BFB8
:106B3000BDEC028BBDE8F88FDC170020CDCCCC3D3E
:106B4000000080BF7C180020741E0020E14200007D
:106B500030B50B4C85B00A2500231A4602A90095D2
:106B6000204602F051FF00231A4603A90095204653
:106B700002F04AFFDDE90201FFF71EFB05B030BD60
:106B80008817002038B5092A04460D461046D4BFA0
:106B9000052106210DF078FC23686FF34103236083
:106BA000A3689807FCD4102323600223E363A3683F
:106BB0005906FCD44FF480532364A3681A06FCD40E
:106BC000103504EB850540F2FF736B60236843F0DA
:106BD00002032360A3689B07FCD438BD08B51A4B99
:106BE0001A4ADA634722C3F8E4201948C3F8E420BC
:106BF0000021C3F8F4200422FFF7C4FF1448052243
:106C00000121FFF7BFFF134807220221FFF7BAFF58
:106C1000104809220321FFF7B5FF0F480A2200217F
:106C2000FFF7B0FF0C480B220121FFF7ABFF0A482A
:106C30000C220321FFF7A6FFBDE8084006480D22FD
:106C40000221FFF79FBF00BF001C004008030100A6
:106C5000000C00420080014100600141036843F0E4
:106C600002030360036913F0FF0FFBD17047012398
:106C70000360036913F0FF0FFBD10368DB07FCD44B
:106C8000704700000B4B93FBF0F00B4B82B29A83E2
:106C90000A4A136913F0FF0FFBD1074B41436420ED
:106CA00091FBF0F189B2D9831A6912F0FF0FFBD181
:106CB000704700BF000E2707003C004000A00141C4
:106CC00030B50B4C85B00A2500231A4602A9009561
:106CD000204602F099FE00231A4603A9009520469B
:106CE00002F092FEDDE90201FFF7CCFF05B030BDF6
:106CF0008817002070B504460D46022004210DF0CF
:106D0000C3FB164B164A9A6346221648C3F8A420C2
:106D1000FFF7ADFF0368036003461A6912F0FF0F27
:106D2000FBD103221A731A6912F0FF0FFBD11A6804
:106D300042F002021A600B4B1E461A6912F0FF0F56
:106D4000FBD120462946FFF79DFF0648FFF786FF47
:106D5000336913F0FF0FFBD170BD00BF001C004072
:106D600007030100003C00402DE9F843844D854CA9
:106D700095ED067ADFF86082834E844FF0EE007A5C
:106D8000B4EEE77AF1EE10FA4CBF4FF416404FF430
:106D90001600FDF7A9FF94F81790B9F1000F40F025
:106DA000BB809FED7B0A04F1AC00FFF737FA0121AD
:106DB00002200DF0E3FA494602200DF023FB88F88B
:106DC000009094ED0E0A7348FFF728FA94ED0F0A2D
:106DD0007148FFF723FA94ED100A7048FFF71EFA86
:106DE00094ED130A6E48FFF719FA94ED110A6D48F5
:106DF000FFF714FA94ED140A6B48FFF70FFA94EDBD
:106E0000120A6A48FFF70AFAD4E90601FFF73AFFC7
:106E100067496848012200F02AFF9FED671AF0EEEB
:106E2000400A95ED070A00F048FF6449614885ED86
:106E3000070A012200F01BFF9FED5F1AF0EE400AE7
:106E400095ED020A00F039FF5D495A4885ED020AC6
:106E5000012200F00CFF9FED581AF0EE400A95ED6C
:106E6000030A00F02AFF5749524885ED030A012220
:106E700000F0FDFE9FED501AF0EE400A95ED000A7D
:106E800000F01BFF50494B4885ED000A012200F03D
:106E9000EEFE9FED491AF0EE400A95ED010A00F072
:106EA0000CFF4A4885ED010A0BF053FA9FED421A98
:106EB000F0EE400A95ED060A00F0FFFE434885ED2E
:106EC000060A0BF043FA9FED427A4048C0EE077A7B
:106ED000C7ED007A0BF03DFAD7ED000A9FED361AA8
:106EE00060EE200A96ED000A00F0E7FED5ED027A8A
:106EF000D5ED036A86ED000A37EEA67AB6EE006A93
:106F000027EE067A77EEE67A85ED057AC5ED047A06
:106F1000BDE8F843FDF76EBF94ED177AD6ED007A21
:106F20002C48B4EEE77A94ED167AD7ED007AF1EEBC
:106F300010FA48BF0023B4EEE77AD4ED157A94ED49
:106F4000087A48BFE375F1EE10FA48BF0023B4EEAB
:106F5000E77A48BFE375F1EE10FAC8BFC4ED087ACE
:106F600094ED080AFFF75AF998F800301BB9D4E9F4
:106F70000601FFF7BFFE012388F8003021E700BFBC
:106F8000741E0020DC170020701E0020D417002083
:106F90000000000094180020A0180020AC18002069
:106FA000B8180020C4180020D0180020DC180020D9
:106FB0007C180020E1420000CDCCCC3D4C180020D4
:106FC0005818002064180020701800204C1E002063
:106FD00000007A4488180020C401002007B50E4A3A
:106FE0000E4801A902F0C5FC30B90C48022102F09C
:106FF00089FB03B05DF804FB094901982AF09EFC67
:10700000084BB0FA80F04009D8750121034802F01E
:107010000FFAFFF7A9FEECE7E28C030088170020C7
:10702000ED8C0300DC17002008B5054B1B6803B18D
:107030009847044A937A43F01003937208BD00BF47
:107040001017002000C00141394B3A4A10B51960B1
:10705000394B9A634622C3F8E820384A0446104662
:10706000FFF705FE36481368136060430123B0F54F
:10707000803F13731FDA136843F002031360034663
:107080002E4A9BB293832F4B4FF48041C3F88C1050
:10709000BFF34F8FBFF36F8F0020C3F88C1183F8BD
:1070A0006E03D960537A43F010035372136913F0DF
:1070B000FF0FFBD110BDB0F5003F05DA116843109A
:1070C00041F481711160DBE7B0F5802F06DA1168B9
:1070D000831041F4007141F00201F3E7B0F5002F95
:1070E00004DA1168C31041F44071F4E7B0F5801F71
:1070F00004DA1168031141F48061ECE7B0F5800F08
:1071000004DA1168831141F4A061E4E7B0F1807FF3
:1071100004DA1168031241F4C061DCE7B0F1806F5A
:107120004FEAA023ACDA116841F4E061D3E700BF75
:107130001017002007030100001C004000C001419F
:10714000C0D4010000E100E038B53C4D28680028BB
:1071500070D0D0E9022393426DDA426952F82300DD
:10716000002867D0D0E903329A4264DA344C354BB8
:10717000626E1A60344BA26E1A60344BE26E344871
:107180001A60FEF71DFF3348FEF71AFF2B683248DE
:10719000DA685B69314D53F82220D36892ED017AA9
:1071A000012B1BBF03F1FF33D2ED026A9FED2C6A66
:1071B00007EE903A1CBF76EEC76AF8EEE77A294BE5
:1071C00018BF86EEA76AD4ED0D7A83ED006AF6EE5D
:1071D000006AB0EE670AA7EE260AE7EE667A84ED4B
:1071E0000F0AC4ED107AFFF719F894ED100A1E4843
:1071F000FFF714F8D4F820011C491D4CFFF724FFB9
:10720000022323702378033B012B06D9284601F083
:10721000FEFF284602F022FBF4E71648FFF727FDA1
:107220000B48FEF78BFF0B48FEF788FF20780438E9
:1072300018BF012038BD0020FCE700BF981E0020C9
:10724000DC170020C40B0020CC0B0020C80B002052
:10725000001C004300200043A018002088170020D5
:10726000000000005C160020AC18002065640000DF
:107270009E1E002000C001412DE9F84F7C4C237870
:10728000022B0546A34600F0F180FDF709FEFDF74D
:1072900041FE0746002800F0E6801DB17548012137
:1072A00002F0C6F8744D2B681A69012A7DDD5B690E
:1072B00072491B68D8686FF06043984234BF800001
:1072C0004FF0FF300DF041F92B686C495B691B688A
:1072D0000646D8686FF06043984234BF80004FF094
:1072E000FF300DF032F904462A6865499368012B96
:1072F0001BBFD2ED007A92ED017ADFED626A03F1F5
:10730000FF331EBF37EE677A07EE903AF8EEE77A62
:107310004FF0000318BFC7EE276AD360884699462E
:10732000C1ED006A2968D1E902329A4280F2868072
:1073300007EE902A98ED007A91ED000AF8EEE77AD0
:10734000A7EE870AFEF778FF2B6898ED007ADA68D7
:1073500007EE902AF8EEE76AD3ED007A5B69E6EE75
:10736000877A53F82230C3ED007AFFF7EDFE00284C
:1073700064D02A681369012B5BDD002E59D0002CE4
:1073800057D0D168536953F82110C8680022904241
:107390000EDD4B6933F8123046F822308B6933F832
:1073A000123044F822300132F1E7002426469BE7F0
:1073B0004FF0020A2B68D3E9032C5B69D44553F8DC
:1073C000220014DAD0F80CE000218E4531DD42694C
:1073D00056F82130B3FBFCF322F81130826954F8DF
:1073E0002130B3FBFCF322F811300131EDE7C0F896
:1073F0001090FFF7A9FE2B68DA685B6953F822103A
:10740000C8680022904211DD4B6933F812C056F86B
:107410002230634446F822308B6933F812C054F8A6
:107420002230634444F822300132EBE70AF1010ACA
:10743000C0E72A68D3680133D36073E716B13046DA
:107440000CF082FB14B120460CF07EFB01239FED73
:107450000E0A8BF800300D4B83ED090AFEF7ECFEA7
:107460003846BDE8F88F06232370F9E70027F7E7D1
:107470009E1E002088170020981E0020140604007D
:1074800098160020000000000000FA43DC170020DE
:1074900008B50120FFF7F0FE28B9BDE80840024812
:1074A000022102F02FB908BD8817002030B5002155
:1074B0008DB01320164C0CF0A5FF0123E375FFF7E8
:1074C00053FC9620FDF710FC64200CF005FB002017
:1074D000FFF7D2FE70B10F4B0F4A1B680F4901A88E
:1074E0002AF07EF901A8FDF719FF68B14FF41600E4
:1074F000FDF7FAFB0025E575FFF736FC294613205A
:107500000CF080FF0DB030BD4FF41640F0E700BF27
:10751000DC17002014170020B5160020F28C0300A1
:1075200010B50E480E4C01F072FE0C4802F096F9B0
:107530000C4803F0B9FE23787BB1FFF7B7FF0A4987
:107540000B6801330B60094909688B42A8BF084BDF
:107550004FF000022270A8BF1A7010BD88170020DB
:107560009D1E002018170020141700206C1E0020FC
:107570009C1E0020037C13F0D00F03D0002110309C
:1075800005F0A2B97047000030B5B3B005460BA8AE
:10759000FDF7B2F818A8FDF7AFF80020FDF780FE60
:1075A000044668B325A8FDF7A7F8174A1749002332
:1075B00029A805F02BFB25A90BA8FDF739FD0BA881
:1075C000FFF7D8FF25A8FDF797F800220FA929A8F3
:1075D00005F030FA25A918A8FDF72AFD9DF870409E
:1075E0005CB1282269461CA806F044F86946284682
:1075F000FDF796FD04460028E4D00FA805F0ACFA8C
:10760000204633B030BD00BFFA8C03007019002053
:10761000F0B5314F3C7895B02CB13048022102F0E2
:1076200071F815B0F0BD2D48224603A902F0A1F96A
:107630000028F2D02A4E03992A480A252AF08AF90E
:107640002648009523462246314602F0DDF90028FF
:10765000E3D02549214800952346224602F0D4F97B
:107660000028DAD0039A214909A82AF0B9F809A814
:10767000FFF78AFF04460028CFD11D4B1D49186033
:107680001D4B0125187005A83D7006F0D1FE31682C
:1076900004A806F0A4FE04AA05A907A806F092FE15
:1076A00007AA2146134806F0EFFE0322214611489F
:1076B00006F016FF11490F4806F024FF104BDC7549
:1076C000FFF752FB214613200CF09CFE034829468D
:1076D00001F0AEFEA5E700BF9C1E00208817002029
:1076E000C00B0020B51600206C1E0020FC8C03008F
:1076F00014170020941E00209D1E00200945000044
:10770000DC17002010B5B4B00DA8FCF7F5FF1AA8DF
:10771000FCF7F2FF0020FDF7C3FD28B93248022133
:1077200001F0F0FF34B010BD2F4802F000FA00283D
:10773000F4D02D4802F0FBF90128EFD12A480022AD
:1077400001A902F016F90028E8D027A8FCF7D4FF19
:10775000264A2749264C00232BA805F057FA27A9CB
:107760000DA8FDF765FC0DA8FFF704FF1E480021DA
:1077700001F05EFE27A8FCF7BFFF002211A92BA88D
:1077800005F058F927A91AA8FDF752FC9DF87830A2
:107790002BB302A928221EA805F06CFF019802A9AC
:1077A000FDF7BEFC0028E5D00023ADF89C308DF835
:1077B0009E3002AA0123214627A805F027FA40B9E6
:1077C0000C49094801F0E8FD074802A9FCF7D0FF81
:1077D000D0E727A805F026FE0028F1D0CAE711A8B7
:1077E00005F0BAF99EE700BF88170020FA8C030065
:1077F00070190020018D030010B5B4B00DA8FCF77E
:107800007BFF1AA8FCF778FF0020FDF749FD28B997
:107810002D48022101F076FF34B010BD2A4802F055
:1078200086F900283ED1294B019327A8FCF764FF75
:10783000274A2849244C00232BA805F0E7F927A95B
:107840000DA8FDF7F5FB0DA8FFF794FE1E480021DB
:1078500001F0EEFD27A8FCF74FFF002211A92BA88D
:1078600005F0E8F827A91AA8FDF7E2FB9DF87830A3
:107870002BB302A928221EA805F0FCFE019802A93C
:10788000FDF74EFC0028E5D002A9204601F07CFD62
:107890002046114901F080FD25990A222046FDF776
:1078A000C1F8D7E7084802F042F90128B0D10648EC
:1078B000002201A902F05DF80028B6D1A8E711A8BE
:1078C00005F04AF9A8E700BF88170020158D0300CE
:1078D000FA8C030070190020128D030073B5364D29
:1078E000364C374E28460CF033FE224635492846A2
:1078F0000CF024FE3448354D03F040FD34480AF0C6
:107900005FFB09230093082206230121284606F085
:10791000EAFA22462F4928460CF010FE4FF4CA72AC
:107920002D492E482E4D06F0DBFE2E49084604F068
:1079300009FE2C490122284604F0E2FA22462A498F
:1079400028460CF0FBFD294807F0B0FA284B2948DF
:107950000025DD71A3F8445483F84654FCF7CCFEAF
:10796000254A264B1268DA60254A1268C3F85C275C
:107970002946304603F0ECFC3046224E224922468E
:107980000CF0DCFD2A4629463046204D03F04EFC23
:1079900022461F4930460CF0D1FD284601F0C0FBBD
:1079A0001C49224628460CF0C9FD1B48294602B056
:1079B000BDE8704002F034BE9C160020000000209C
:1079C0001817002069460100CC160020A01E0020D8
:1079D0004C1E0020F1DC000000A00300301E00203F
:1079E0000C1E0020241E0020A9420000B01E002012
:1079F00070190020D81D0020B8010020C801002007
:107A00006C1E002068160020E1430000881700204B
:107A1000C943000085910000D817002000B55D48DB
:107A2000EBB006F051F95B4806F096F9142159487D
:107A300006F080FA4FF41640FDF756F901211320A5
:107A40000CF09CFC002113200CF0DCFC5249534844
:107A5000012204F069FA524B524A53480093002124
:107A6000524B07F035FA524B524A4F4800930021CF
:107A7000514B07F043FA514804F0ADFA4FF400734C
:107A8000420A0021484807F02CFA0122002146480A
:107A900007F02EFA444807F03BFA00233F490093D1
:107AA00001224748FCF734FE464B1870464805AAA9
:107AB0004369016906F08DFE444B4FF4CA7205A973
:107AC000184628F03BFE424AD0F89011914204D06B
:107AD00040494FF4CA7228F031FE76213E4803F047
:107AE000FFFE00233D4A3E4840210AF073FADFEDD5
:107AF0003D0A9FED3D0A3A480AF030F9FFF76EF86B
:107B00003A480A21FFF7F6F83948002106F076FFD7
:107B10003749384801F04DFB3549364801F058FBEC
:107B20003549344801F067FB344802F083FD0146D3
:107B3000304801F060FB3249304802F07FFD3149A6
:107B4000314803F08FFB31492F4803F0ABFB2E483F
:107B5000642103F04FFB2C492D4803F0CDFB0C2092
:107B60000CF076F92B4806F02FFD2B4A2B4903A881
:107B700006F072FA03A9274806F034FC4FF4160009
:107B8000FDF7B2F8234905A806F052FC6BB05DF88A
:107B900004FB00BFA01E0020609D03000C1E0020FF
:107BA000318D0300288D0300B01E0020198D0300C5
:107BB000D54500009945000079450000101E0020C1
:107BC00070190020481E0020301E0020DC17002005
:107BD000A5A555AA14000020CC1600209020002056
:107BE0004C1E0020CDCC4C40CDCCCC3D804F120063
:107BF000F026002088170020BC010020D8170020A4
:107C0000AB420000358D030068160020696D00004E
:107C100018170020941E00203C8D0300458D0300A2
:107C200007EE900A91ED020AF8EEE77A77EEC07A55
:107C300091ED010A87EE800A704790ED017AD0ED50
:107C4000027AE7EE007AFDEEE77A17EE900A80F30B
:107C50001000704790ED017AD0ED027AE7EE007ADD
:107C6000FDEEE77A17EE900A80F310007047012AC4
:107C70002DE9F04180460D46164610DC91F90000D2
:107C8000C04707EE900A95ED027AF8EEE77A77EEB4
:107C9000C77A95ED017A87EE870ABDE8F081002763
:107CA0003C4695F90000C0470137BE420444F8D174
:107CB00094FBF6F307EE903AE5E7FFEE007AB4EEB8
:107CC000670AF1EE10FA1FBFF7EE007A61EE200AA4
:107CD00077EEC17AE7EE800AB0EE600A70470020C6
:107CE000704700207047000038B50D461146054A20
:107CF00010680268146B2A46A04780F00100C0B2E9
:107D000038BD00BFB80B002038B50D461146054AF6
:107D100010680268946B2A46A04780F00100C0B248
:107D200038BD00BFB80B002038B50C4615460329F6
:107D30001AD8DFE801F0020912160C4B1868036824
:107D40009B6A9847204638BD084B1868043004F0F9
:107D500042F9400A28600024F4E74FF400731380CE
:107D6000F9E708231360F6E70424EBE7B80B0020DB
:107D700042884378007843EA022340EA03207047B0
:107D80000B0A017043700B0C090E8370C1707047B1
:107D9000024400F8011B9042FBD1704710B5024429
:107DA00010F8013B11F8014B9042A3EB040301D002
:107DB000002BF5D0184610BD43690239023B8B42B7
:107DC00083BF4389806A01FB03000020704702687B
:107DD0004AB1134613F8011B20290BD93A29F9D1CE
:107DE000911C8B4202D04FF0FF3070471278302A3E
:107DF000F9D103600020704701380A4411F8013BB3
:107E000000F8013F9142F9D1704737B5012300F1E5
:107E10003001C26A019104464078FFF775FF0546BC
:107E200090B9236AE070E06AA269C31A934208D24B
:107E3000A3780199022B04D1024401236078FFF753
:107E400063FF284603B030BD0125FAE738B5C36AA1
:107E50008B4204460D4614D0C3786BB92A4660782D
:107E6000012304F13001FFF73FFF00281CBF4FF052
:107E7000FF350120E56238BDFFF7C7FF0028FAD1C2
:107E8000ECE70020F7E7000038B50023C3704FF09F
:107E9000FF33C3620546FFF7D9FF044618BB95F8C8
:107EA0002F2295F82E3243EA02234AF655229342B6
:107EB0001BD195F83030EB2B03D01833DBB2012BFC
:107EC00015D80C49032205F16600FFF767FF40B1A2
:107ED0000949052205F18200FFF760FF002818BF5D
:107EE0000224204638BD0424FBE70324F9E70224DA
:107EF000F7E700BF40C0030044C003002DE9F04392
:107F0000002385B00B600F461546FFF760FF061E85
:107F1000C0F23A81A44B53F82640002C00F0368181
:107F20003C60237805F0FE056BB16078FFF7D7FE63
:107F3000C70708D41DB110F0040500D00A25284653
:107F400005B0BDE8F0830023F0B223706070FFF746
:107F5000C8FEC10700F11C810DB14207EED400211B
:107F60002046FFF791FF022840F0EE806E4604F5B0
:107F7000FB7104F23627354611F8040C10B108469F
:107F8000FFF7F6FE10318F4245F8040BF4D10025BF
:107F900056F8048BB8F1000F00F0CD804146204622
:107FA000FFF772FF012800F2C78094F83C2094F894
:107FB0003B3043EA0223B3F5007F40F0C98094F8D8
:107FC000470094F8466056EA002604D104F15400B4
:107FD000FFF7CEFE064694F84050A6616B1E012BBB
:107FE000A57000F2B58094F83D90A4F80A904B4635
:107FF000002B00F0AD8009F1FF3313EA090F40F0C8
:10800000A78094F8423094F8417047EA03273B0771
:1080100039B2278140F09C8094F8440094F84330B2
:1080200053EA002300F09980184694F83F3094F802
:108030003E2052EA032200F08B8006FB05FE02EB95
:10804000171CF4446045C0F08380A0EB0C034B4543
:10805000B3FBF9F07CD3554B984279D84FF6F573C2
:10806000984240F297804FF00309851C42440CEB84
:108070000803B9F1030F6561C4F81C802262A36292
:1080800070D194F85B2094F85A3043EA02231943E4
:1080900009B200295CD104F15C00FFF769FEAD0074
:1080A000606205F2FF15B6EB552F51D34FF0FF3349
:1080B000C4E90333B9F1030F4FF08003237130D1CA
:1080C00094F8612094F8603043EA0223012B28D110
:1080D00008F101012046FFF7B9FE10BB94F82F22EA
:1080E00094F82E32207143EA02234AF65522934235
:1080F00017D104F13000FFF73BFE2D4B984210D111
:1081000004F50570FFF734FE2A4B984209D104F5B7
:108110000670FFF72DFE206104F50770FFF728FEBB
:10812000E060254A84F80090138801339BB21380E5
:10813000E380002503E703200135042D7FF428AFF9
:10814000042805D10125FAE60428FBD0012801D92D
:108150000D25F4E64FF0000827E704F15000FFF783
:1081600007FE62E7002FF3D0B9F1020F4FEA450393
:1081700018BF5B19724418BF05F0010562620CBF9D
:108180001D4605EB53058CE70B25D8E60C25D6E6F6
:108190000325D4E640F6F57948458CBF4FF0020937
:1081A0004FF0010961E700BF141F0020F5FFFF0F2A
:1081B0005252614172724161181F002001292DE95C
:1081C000F04706460C46174673D943698B4270D96F
:1081D0000378022B3FD0032B50D0012B69D101EB48
:1081E0005108016A01EB5821FFF730FE054638BB04
:1081F00006F1300908F1010AC8F3080814F0010477
:108200001FBF19F8083003F00F023B0103F0F00321
:1082100014BF1343FBB209F80830316A0123F3702D
:1082200001EB5A213046FFF711FE054640B9CAF36B
:10823000080A44B1C7F3071709F80A700123F3705D
:108240002846BDE8F08719F80A30C7F3032723F062
:108250000F031F43F0E7016A01EB1421FFF7F6FD5E
:1082600005460028ECD1640006F1300304F4FF74E5
:1082700018191F55C7F307274770DFE7016A01EB9D
:10828000D411FFF7E3FD05460028D9D1A40006F17B
:10829000300304F4FE741C442046FFF769FD27F008
:1082A000704700F0704047EA00012046FFF768FD84
:1082B000C4E70225C4E70129F8B505460C4652D9A2
:1082C000436999424FD20378022B29D0032B38D02F
:1082D000012B48D101EB5106016A01EB5621FFF752
:1082E000B5FD10B14FF0FF30F8BD771C296AC6F319
:1082F00008062E4401EB5721284696F83060FFF718
:10830000A5FD0028EED1C7F308073D44E30795F823
:10831000300046EA00204CBF0009C0F30B00E3E741
:10832000016A01EB1421FFF791FD0028DAD1640006
:10833000303504F4FF742B19285D5B7840EA032084
:10834000D2E7016A01EBD411FFF780FD0028C9D103
:10835000A40005F1300004F4FE742044FFF708FD8A
:1083600020F07040C0E70120BEE72DE9F04105682C
:1083700080460F4649B9EE68C6B16B69B34298BFF3
:1083800001262B69A3B9002406E02846FFF793FFD6
:108390000128044603D801242046BDE8F081421C90
:1083A00051D06B698342F7D83E46EAE70126E8E7F9
:1083B000BE4215D16B69D8F80000741CA34298BF67
:1083C00002242146FFF777FF0128E4D0431C3AD06E
:1083D000D8B1EB68012B03D96A69934238BF1E46B6
:1083E00034466B690134A34202D8012ECBD9022452
:1083F000D8F800002146FFF75EFF40B10128CAD03F
:10840000013020D0B442ECD1BDE7002CE8D04FF0D1
:10841000FF3221462846FFF7D1FE90B957B9D5E97A
:108420000432023A9342EC6010D92B7943F00103F5
:108430002B71B1E7224639462846FFF7BFFE0028D8
:10844000EDD00128A7D14FF0FF34A5E7013B2B6108
:10845000EBE7826838B500230568036104469AB9E2
:108460002B78022B01D96B6A6BB92B890BB90220CF
:1084700038BD6B6AA361A3696261002BF7D0303508
:10848000E5610020F4E71A466B8963B9114620685C
:10849000FFF711FF431C02460BD00128E7D96B6997
:1084A0009842F3D3E3E711462846FFF785FCA06125
:1084B000E1E70120DCE770B5C3780446002B44D126
:1084C0002378032B38D12679012E35D104F13005DC
:1084D0004FF4007200212846FFF75AFC552384F818
:1084E0002E32AA2384F82F3252234122722184F89B
:1084F000303084F83130612384F8323084F833200E
:1085000084F8162284F8173284F8141284F81512AD
:1085100004F506702169FFF733FCE16804F5077084
:10852000FFF72EFCE269607801323346E2622946A9
:10853000FFF7EAFB00232371002260781146FFF762
:10854000F3FB003818BF012003E0FFF75EFC0028B2
:10855000B6D070BD2DE9F84F0369046803F1200A15
:10856000BAF5001F24BF002383618369054688464E
:1085700073B1CAF30809B9F1000F4AD14169013357
:10858000836139B92389B3EB5A1F42D80023AB6109
:1085900004200BE06789013F17EA5A2739D12046AA
:1085A000FFF789FE0128064602D80220BDE8F88FB1
:1085B000421C01D10120F9E76369834223D8B8F155
:1085C000000FE3D069692846FFF7CFFE0646002872
:1085D00037D00128E9D0431CECD0E37803BB314607
:1085E0002046FFF7E9FB04F1300B8046E0624FF4D0
:1085F000007200215846FFF7CBFB63899F4215D3D9
:1086000063899F42D6D16E6131462046FFF7D4FB85
:10861000A86130344C44C5F810A0EC610020C5E7D7
:108620002046FFF7F2FB0028C4D1D8E76078012389
:1086300008EB07025946FFF767FB0028E0D1013736
:10864000DBE70720B2E738B5056804460420A169D6
:1086500009B9A8B11CE02846FFF7F8FBC0B9E369E7
:108660001A78C2B1DB7AE52A03F03F03A37109D07F
:108670002E2A07D00F2B05D023F02003082B01D181
:10868000002038BD00212046FFF764FF0028DED01F
:108690000023A361F5E70420FAE738B5056804462E
:1086A000FFF7D7FE70B9A1692846FFF7CFFB48B99D
:1086B000E3691B78E52B08D03BB101212046FFF789
:1086C00049FFEFE7042808BF072038BD1FB5CDE9F3
:1086D000001003A814460391FFF779FB002815DB6F
:1086E0000B4B53F820200AB100211170019A0AB1F6
:1086F0000021117043F820202CB1002201A9684606
:10870000FFF7FCFB0446204604B010BD0B24FAE73B
:10871000141F002030B595B00222019002A901A8D3
:10872000FFF7ECFB0446002843D103A80B222021CD
:10873000FFF72EFB34482546019B1A781F2A1ED8C6
:108740009DF80C30E52B33D025B16B1E03AAD25C0B
:10875000202A37D0029B099309A800230B93FFF727
:1087600078FE044628BB09A8FFF76DFF002834D126
:1087700010984DB30B2203A9FFF73EFB26E05A1CCD
:1087800001921A78A2F161011929134609D8A2F1C0
:1087900020039BB21D4911F8012B6AB19342FAD113
:1087A00006E07F2A84BF831813F8803C002BF1D1A8
:1087B0000624204615B030BD0B2DF9D003AA535521
:1087C0000135B9E71D46BFE7E52303700298012391
:1087D000C370FFF770FE0446EBE70428FBD1002DC1
:1087E000E7D009A8FFF759FF04460028E1D1014668
:1087F00020221098FFF7CCFA109B0822DA7210980A
:108800000B2203A9B8E700BF7EC00300FEC003002F
:108810002DE9F04F87B00D46039003A816461C467D
:10882000FFF7D5FA0028C0F24282A34B53F820305C
:108830000BB100221A70C7B23846FFF752FAC207CE
:1088400000F13782430700F1368204AA032138463B
:10885000FFF76AFA30B9049A531EB3F5004F01D2FC
:108860001A4201D0012304935EB1944BA6F5007225
:108870009A4203D9132007B0BDE8F08F731E33422C
:10888000F8D1002C00F01982109BB3F5007FC0F0E6
:10889000148205AA01213846FFF746FA002840F065
:1088A000EC8015F008030093059B14BF4FF00009FE
:1088B0004FF03F094B4501D20E20DCE7A3EB090343
:1088C0007F2B0593F8D9B6F5813FD3D215F0020E70
:1088D0004FEA56222CD005F00701022900F0F3815F
:1088E000E80740F1F08162BB75481D0B012630F8A6
:1088F000021B09B1A94222D940F6F571B3FBF6F586
:108900008D429BBF05EB4505013502356D088CBFD7
:108910006D00033505F2FF154FF020018CBF4FF0BD
:1089200002084FF001086D0A02914FF0010BEDE1D2
:10893000E907D8D49EE75200CBE11146D0E176009A
:10894000D5E71646D8E7B8F1020F18D101984FF6CF
:10895000F571884208D9002A40F0B1817600402E96
:1089600000F20B823246BEE7019840F6F57188426C
:108970000CD8002AA0D17200802AB4D99CE7019AB1
:1089800040F6F5739A4297D84FF001084FF4007201
:1089900000212046FFF7FCF94A490B222046FFF749
:1089A0002BFA059984F80EB000230222B8F1030FC8
:1089B000E3722273CBF3072B4FF00102637418BFED
:1089C0000223B1F5803F667384F80FB02274A3745C
:1089D00055D2E174C1F307212175F82363753F2354
:1089E00000222376FF23A3766276E276494604F1DD
:1089F0001C00FFF7C5F9B8F1030F4FF0210343D175
:108A000084F845304E2384F8432084F8442084F8C9
:108A10004630294604F12400FFF7B2F9022384F816
:108A20002C30012384F83030062384F83230802340
:108A300084F84030244984F82D20292384F82E20FE
:108A400084F82F2084F8312084F8332084F84230D1
:108A5000132204F14700FFF7CFF94FF0550384F8D4
:108A6000FE316FF0550384F8FF314A460123214659
:108A70003846FFF749F9834650B30120FBE604F17D
:108A80002000FFF77DF9A8E784F829304E2384F809
:108A90002A30C5F30723E375802384F82430292383
:108AA00084F8272084F828200849A57584F8263002
:108AB000132204F12B00CEE7141F002000FEFF005C
:108AC00010C103004AC0030056C003006AC003007F
:108AD000B8F1030F41D1012309F1060221463846BE
:108AE000FFF712F94FF4007259462046FFF750F98C
:108AF0005223237063706123A37084F8E731019BD4
:108B000041227221E27084F8E41184F8E51184F8BE
:108B1000E621591E04F5F470FFF732F9022384F8B8
:108B2000EC314FF0550384F8FE316FF0550384F8B3
:108B3000FF3109F107020123214684F8EDB184F8E1
:108B4000EEB184F8EFB13846FFF7DEF8012309EB08
:108B5000030221463846FFF7D7F8109B23F4FF7233
:108B600022F0010200212046FFF712F9B8F1030FAD
:108B700054D1F8232370FF236370A370E370237133
:108B80006371A371E37123726372A3720F23E372A3
:108B9000109B5B0A0193019BAB4228BF2B462146E9
:108BA000524638469B46FFF7AFF8014600287FF44F
:108BB00064AF4FF400722046FFF7EAF8B5EB0B05FF
:108BC000DA44E8D1029BB8F1030F18BF1E46019B9F
:108BD000B34228BF33465246214638461D46FFF76A
:108BE00093F800287FF449AF761BAA44EFD1B8F17F
:108BF000030F1DD0059BB3F5803F1BD2B8F1020FC8
:108C00000CBF04230123009AB2B10022114638465A
:108C1000FFF78AF8003818BF01202CE6B8F1010FE1
:108C20005A49204618BF6FF00701FFF7A9F8AFE7D0
:108C30000C23E8E70623E6E700994FF4007220468C
:108C4000FFF7A6F8552284F8FE21AA2284F8FF2116
:108C5000009A84F8BE2184F8C121059A84F8C231B3
:108C60004A4443F6C163B2FBF3F2FE2384F8C331F6
:108C7000930843F03F03012584F8C43184F8C521EB
:108C8000494604F5E37084F8BF5184F8C051FFF7FA
:108C900077F8059904F5E570FFF772F8009A2B460E
:108CA00021463846FFF730F80028AED0E5E60B2025
:108CB000E1E50320DFE50A20DDE51120DBE5BEF17B
:108CC000000F3FF4F9AD002A7FF437AE30485D0C59
:108CD000012230F8021B19B1A9427FF62CAE002107
:108CE000B3FBF2F02B4E8500A0F57F40F63805F27D
:108CF0000725B0424FEA55253FF6DEAD16460A4637
:108D0000002102914FF0200B4FF003080299DDF88B
:108D100010C00BEB090A481950440CF1FF31014413
:108D2000CCF1000C01EA0C0CC9EB0611ACEB000C09
:108D3000B8F1030F084406BFE344E24465448342AC
:108D4000FFF4BAAD0299591AA1EB0B01B8F1030F68
:108D5000A1EB0501B1FBF6F101917FF4F4AD0198AF
:108D60004FF6F57188423FF611AE002A7FF4A4ADAC
:108D7000012E7FF6A1AD7208A5E7BEF1000FA5D1C7
:108D8000802E3FF699AD3246B6E500BFF8FFFF00F2
:108D90001EC10300FFFFFE0FF8B5104E04460D463E
:108DA00004F10C0731460AF068FD314638460AF0F6
:108DB00064FD0B49E56120460AF072FD31463846F4
:108DC0000AF06EFD28460AF0BBFE0023A061C4E94C
:108DD0000A33C4E908332046F8BD00BF31C103009F
:108DE0002CC1030010B50446806908B10AF0AAFE40
:108DF00004F10C000AF0FCFC20460AF0F9FC2046C5
:108E000010BD0023C0E90A33C0E908337047836A04
:108E100030B51BB9C362FF22104630BD426A81697A
:108E2000C569541C44628A5C94FBF5F1013B05FB67
:108E3000114141628362816803685C18A342EBD0F0
:108E400013F8011B9142F9D1C16A0139C162F5E7FA
:108E5000836A1BB18269436AD05C7047FF20704708
:108E60002DE9F843D0F82C800646B8F1000F18D051
:108E700000240C700D46571EA146A7420ADD30465D
:108E8000FFF7C5FFF36A98450DD12870013405F846
:108E9000019FF2E7F36A984505D13046FFF7B7FF27
:108EA000F8E74FF0FF342046BDE8F88310B5C368FB
:108EB00042691A44934205D013F8014B8C42F9D110
:108EC000002010BD826AC3699A421BDA036A826974
:108ED0005C1C0462D154D0E9072494FBF2F302FB3A
:108EE00013430362836A82680133836203689C18B8
:108EF000A342E5D013F8012B8A42F9D1C26A0132AC
:108F0000C262F5E74FF0FF30DBE7C06A70472DE93A
:108F1000F84FD0F82C9006460D469046B9F1000F58
:108F200017D009B100220A7000245F1E05F1010A62
:108F3000A346A7420FDD3046FFF769FFF36A994564
:108F400009D1404507D015B128550AF804B00134BD
:108F5000EFE74FF0FF342046BDE8F88FF0B5866AA2
:108F600000239E4217DD426AC5691A4492FBF5F45C
:108F700005FB14228469A55C8D4208D002688468D0
:108F80001444944205D012F8017BBD42F9D1184631
:108F9000F0BD0133E5E74FF0FF33F8E7C36AF0B502
:108FA000CBB1876A00239F4215DD016882688D1866
:108FB000A9420ED0426AC66911F801CB1A4492FB4D
:108FC000F6F406FB14228469A25C6245F0D11846CF
:108FD000F0BD0133E7E74FF0FF33F8E7C36AF0B5C0
:108FE000FBB1D0F828E000220123964512DD456A46
:108FF000D0F81CC004688668154495FBFCF70CFB90
:10900000175587697D5D2644B44205D014F8017B6D
:10901000AF42F9D11846F0BDA94208BF0133013271
:10902000E3E74FF0FF33F5E770B5C66A044656B183
:1090300000252046FFF7EBFEE36A9E4205F101059D
:10904000F7D0284670BD4FF0FF35FAE738B5054632
:10905000016008460C4627F0C5FA023C04806860AF
:10906000284638BD03684268023B9BB213704268D1
:109070001B0A53707047F0B505464068002835D08C
:1090800043780278002442EA03231A0401D48B4275
:109090000CDAC3F30E0202322B681444A34226DD1D
:1090A0000319025D5B7842EA0323EEE75A1A022AAB
:1090B000D8BF19466FEA41426FEA524202556868CA
:1090C000204496B2C2F3072242706F68A01C8B4204
:1090D00038440BDD9A1E531AC6F30E0202321444B2
:1090E0009BB23B556A6814441B0A6370F0BD0020B4
:1090F000FCE743685BB102680139C91A8A4206D3AA
:1091000058565A5C0028BCBF02F07F025A54704780
:1091100010B541680446FFF7ECFF204610BD000083
:1091200038B5044630200AF009FD4FF400610546C9
:10913000FFF732FE256008200AF000FD4FF40071B1
:109140000546FFF783FF4FF4807222840A4A656068
:1091500004F11F01D16004F12001516204F12101E9
:10916000D163064A1460064AE26000232363A362C7
:10917000E3775360204638BDD00B00201C1F002031
:10918000600C002038B50446303027F033FA2568EB
:109190002DB12846FFF726FE28460AF0D3FC656865
:1091A0002DB12846FFF7B4FF28460AF0CBFC204635
:1091B00038BD61B1836A03F10C0240F822105A1CD9
:1091C00003448262002283F84420036B836070476B
:1091D000826A002A30B50CDD00F13004002354F817
:1091E000045B8D4202D18160012030BD01339A427F
:1091F000F5D10020F9E719B1C36813B9C1604B601C
:1092000070471A465B68002BFBD15160F7E7F7B552
:10921000044600F1440700F130060025A36AAB4282
:109220001DDD17F8013BBBB9306803681B6998471F
:10923000002811DD3068A06003685B699847E37F10
:10924000C1B22BB1A068019103681B6898470199CE
:109250002068FFF72BFEE7E701350436DEE72846F6
:1092600003B0F0BD2DE9F043064685B0414901A8A1
:109270000AF003FBF568002D79D006F1100101A872
:109280000AF00EFB01A80AF049FB96F8213013B949
:1092900001A80AF037FB00272B68DC59002C63D0AB
:1092A000204629F0ABFA039B98425BD123783F2BF1
:1092B0004AD1002101A80AF017FB0378672B39D0A7
:1092C000002101A80AF010FB0478A4F173035C42AA
:1092D0005C41002101A80AF007FB0378472B2BD142
:1092E00001244FF00108039BA3422FD996F82130A7
:1092F0005BB1214601A80AF0F7FA2B680278DB5926
:109300001B5D9A4218BF4FF0000896F821307BB9D8
:10931000214601A80AF0E8FA2B68DB598146185D5E
:109320002AF056FA99F80030834218BF4FF000082F
:109330000134D8E70124CCE7002101A80AF0D4FACF
:109340000378532BCDD1CBE70024CAE7B8F1000F47
:1093500008D02B681F4401A80AF04AFA384605B025
:10936000BDE8F083183797E76D68002D93D100278B
:10937000F1E700BF31C1030090F820301BB98068CD
:1093800008B109F067BB704790F820301BB98068BE
:1093900008B109F058BB704790F820301BB98068BD
:1093A00008B109F050BB704790F820303BB9806895
:1093B00028B111B1024909F046BB0249FBE77047E9
:1093C000ED8C030077C1030090F820301BB9806852
:1093D00008B109F090BB704790F820301BB9806845
:1093E00008B109F094BB704790F8202038B50C46BE
:1093F0006AB985685DB110EE100A25F02BFC41ECCE
:10940000100B21462846BDE8384009F047BC38BD5E
:1094100090F820301BB9806808B109F03FBC704754
:1094200090F820301BB9806808B109F07DBB704707
:1094300090F8203043B9806830B111B1034909F088
:1094400011BB024909F0FFBA704700BF30C10300E9
:1094500070B50D4688B0A649044601A80AF00DFA79
:10946000AB68002B04DB626A934201D000262EE039
:109470002E79062E07D0207C2AF0AAF9472810D191
:10948000636A002BF2DCEB68002BEFD0062EEDD8E0
:10949000DFE816F00D0039006B00A800CF000701CF
:1094A00036015328EFD1636A012BDFD1EBE7616A04
:1094B00049B92046FFF7BCFF2046E968FFF764FF83
:1094C0002046FFF759FF636A012B06D0012601A849
:1094D0000AF08EF9304608B070BD20680A232C22AD
:1094E00004A9FFF714FD286920B104A929F0A0F907
:1094F0000028BBD0E86804A928F02CFA01212046F6
:10950000FFF796FFE2E7616A59B92046FFF790FF3F
:10951000EB68204619680A22FFF756FF2046FFF73E
:109520002BFF636A012BD1D10A232C2204A92068C6
:10953000FFF7EDFC04A901A80AF0B2F92B692BB9D9
:1095400001A8ED680AF012FA2860D7E701A80AF02E
:109550000DFA2B691B68984288DB01A80AF006FA0D
:109560002B695B689842EBDD80E7616A61B9204650
:10957000FFF75EFFEB68204693ED000A0221FFF73C
:1095800033FF2046FFF7F8FE636A012B9ED10A23C2
:109590002C2204A92068FFF7BAFC04A901A80AF04C
:1095A0007FF92B6933B901A8ED680AF0F1F985ED6F
:1095B000000AA3E701A80AF0EBF92B69D3ED007AC2
:1095C000B4EEE70AF1EE10FA3FF550AF01A80AF049
:1095D000DFF92B69D3ED017AB4EEE70AF1EE10FA68
:1095E000E1DD43E7616A11BB2046FFF721FF636AB3
:1095F0004BB9EB68204693ED000B0221FFF708FF03
:109600002046FFF7B9FE666A012E7FF45FAF0A239A
:109610002C2204A92068FFF77AFC04A901A80AF00B
:109620003FF9EA683349019828F0FAF84FE7012139
:10963000DAE7616A51BB2046FFF7FAFE636A3BB97D
:10964000EB6820461978FFF7AFFE2046FFF794FE3F
:10965000636A012B7FF43AAF0A232C2204A9206805
:10966000FFF755FC04A901A80AF01AF994F8213073
:1096700013B901A80AF046F91F4901A80AF022F916
:10968000044628B1EB6801241C701FE70121D2E7D2
:109690001A4901A80AF016F900283FF4E7AEEB6872
:1096A000F2E7616A09BB2046FFF7C2FE636A43B96D
:1096B000EB68204619780A22FFF7B2FE2046FFF732
:1096C0005BFE666A012E7FF401AF0A232C2204A9F7
:1096D0002068FFF71CFC04A901A80AF0E1F801A822
:1096E0000AF044F9EB681870F1E60121DBE700BFEE
:1096F00031C1030032C10300ED8C030077C10300C8
:109700009847E3E690F82030C16223B9806810B131
:10971000014909F0A7B9704736C103002DE9F843A4
:10972000254C2068436A002B04DDBDE8F843022184
:10973000FFF7E8BF0021FFF77BFE2368DD68002DFF
:1097400038D01E4FDFF87880DFF8789000262B683D
:10975000995961B30B7820683F2B1AD14146FFF726
:109760001BFE2B68206899590131FFF715FE206810
:109770003946FFF711FE2B68206833445969FBF71F
:1097800071F820684946FFF707FE2B682068995951
:109790000131FFF701FE20683946FFF7FDFD2B6818
:1097A0002068334418365969FBF75CF8CFE76D68D9
:1097B000002DCBD1BDE8F8831C1F0020C389030016
:1097C00028990300A608040038B5204C2068436A95
:1097D000012B04D0BDE838400221FFF793BF0021E0
:1097E000FFF726FE20680A2300F110012C220068F2
:1097F000FFF78DFB2068FFF735FD01680B783F2BE5
:10980000054616D112492068FFF7C6FD2968206871
:109810000131FFF7C1FD0F492068FFF7BDFD696900
:109820002068FBF71FF80C492068FFF7B5FD296891
:1098300001312068FFF7B0FD20680649FFF7ACFD55
:1098400069692068FBF70EF838BD00BF1C1F0020B7
:1098500028990300C3890300A608040070B50446D4
:109860000068FFF752FB002837DD264656F8100B3C
:10987000FFF74BFB0F2305462C2220683146FFF7EC
:1098800046FB237CD3B12068FFF73FFBA84217D0EB
:10989000002363622046FFF7E5FC0146B0B90121D1
:1098A0002046FFF72FFF2068FFF72FFBA84202D1C9
:1098B0002068FFF7B9FB6068FFF7D4FB01200DE0DB
:1098C00020682C21FFF78AFB6062E3E72046FFF760
:1098D000BFFD0028E7D10221E2E7002070BD37B5C7
:1098E0000446006801911546FFF78BFA019920465E
:1098F000FFF752FD2068FFF708FB30B92046FFF75D
:1099000086FC002DF6D0A847F4E7D4E90005FFF760
:1099100045FB411C2846FFF7AEFB054628B92068E9
:10992000FFF782FB284603B030BD24682046FFF7CE
:1099300035FB2946421C2046FFF792FAF2E710B5A4
:1099400086B00446FFF7CBFF0146019003A809F05B
:1099500094FF03A80AF01CF8019960688DED000AD5
:10996000FFF7C7FB03A809F043FF9DED000A06B00F
:1099700010BD2DE9F34105460E4600682C2117461F
:10998000FFF7ECFA431C03D1002002B0BDE8F081E0
:10999000431C194668680193FFF76DFB019B30601B
:1099A00001462C222868FFF7B2FA2868FFF750FA20
:1099B0002C2802D12868FFF72AFA3368002BE3D05D
:1099C0000FB90120E1E795F8214074B9306828F01B
:1099D00015FFA04209D956F8248098F8000029F014
:1099E000F7FE013488F80000F0E73168019138464D
:1099F00028F01EFF019904460028E2D16868FFF7AD
:109A000078FB34602046C0E72DE9F3410E46174647
:109A10006946002280461D46FFF7ABFF044620B989
:109A20000024204602B0BDE8F081089B0098102B6E
:109A30000CBF0949094901AA27F0F2FE0099D8F89C
:109A40000400FFF756FB019BBB4201DBAB4201DD8B
:109A5000002DE5D13360E4E739C10300334504004C
:109A60002DE9F3410E4617466946002280461D4601
:109A7000FFF77FFF044620B90024204602B0BDE86E
:109A8000F081089B0098102B0CBF0949094901AAD5
:109A900027F0C6FE0099D8F80400FFF72AFB019BC7
:109AA000BB4201D3AB4201D9002DE5D13360E4E7DD
:109AB00039C103003CC1030070B52DED048B84B0A7
:109AC0000D46002269460646B0EE409AF0EE608AE6
:109AD000FFF74FFF044600B3009901A809F0CDFE3F
:109AE00001A809F055FF00997068B0EE408AFFF7B1
:109AF00000FBB4EEC98AF1EE10FA04DBB4EEE88A9A
:109B0000F1EE10FA04D9F5EE408AF1EE10FA09D11F
:109B100085ED008A01A809F06BFE204604B0BDEC7B
:109B2000048B70BD01A809F063FE0024F5E7406ACC
:109B300070470000024B1B6803B11847704700BF15
:109B4000241F00207FB5154C2068FFF7F0FF022886
:109B5000264604D020680221FFF7D4FD19E00A252B
:109B6000206800956423002202A9FFF74DFF90B101
:109B7000206800954FF6FF73002203A9FFF744FF0A
:109B800048B1DDE902010AF0A7FA20680121FFF7D8
:109B90004FFC04B070BD30680221DDE7281F0020B3
:109BA0007FB5334C2068FFF7C2FF0228254604D05A
:109BB00020680221FFF7A6FD1EE00A23009320681B
:109BC0006423002202A9FFF71FFF00284CD0294A76
:109BD000206803A9FFF7CDFE002845D020680121A9
:109BE000FFF726FC039D2449284627F08BFE28B169
:109BF000002102980AF006FC04B070BD1F492846F7
:109C000027F080FE064608B10121F2E71C492846EC
:109C100027F078FE044668B102980AF01DFC20B9CE
:109C2000029801210AF0EEFBE2E7029831460AF0C1
:109C3000E9FBE9E71349284627F064FE0028DBD05A
:109C400002980AF009FC38B9029801210AF0DAFBFF
:109C5000012009F041FFCBE7029821460AF0D2FB30
:109C6000012009F039FFCFE728680221A2E700BFF1
:109C7000281F0020FAC103007BC4030010C20300A8
:109C80005BC403005AC4030030B51E4C85B0206885
:109C9000FFF74DFF0228054604D002212068FFF798
:109CA00031FD1CE00A23009320686423002202A9EE
:109CB000FFF7AAFE20B3144A206803A9FFF759FE54
:109CC00068B120680121FFF7B3FB039C0F492046D0
:109CD00027F018FE28B1002102980AF04FFB05B0CA
:109CE00030BD0B49204627F00DFE08B12946F3E7A9
:109CF0000849204627F006FE0028F0D00121EBE7B6
:109D00002946CBE7281F002015C2030029C2030003
:109D100022C203002FC203002DE9F043404B414C07
:109D20001F68414B20681E6887B0FFF700FF0228BC
:109D30000546A04604D002212068FFF7E3FC1FE09F
:109D40002068002202A9FFF714FE002866D0029DB9
:109D50003649284627F0D6FD07EB06092468024657
:109D600088B91023009303A9FF232046FFF778FE4C
:109D700008B1039BBB55D8F800000121FFF758FB41
:109D800007B0BDE8F0832A49284627F0BBFD02460C
:109D900060B91023009303A94FF6FF732046FFF725
:109DA0005FFE0028E7D0039BBB53E4E72149284628
:109DB00027F0A8FD024660B91023009303A94FF0D5
:109DC000FF332046FFF74CFE0028D4D0039BBB5145
:109DD000D1E71949284627F095FD58B90A23009381
:109DE0000246034604A92046FFF70EFE0028C2D013
:109DF000049BECE71149284627F084FD0028BAD1DE
:109E0000DFED0F0A05A9B0EE600A2046FFF754FE09
:109E10000028B0D0059BC9F80030ACE729468BE795
:109E2000201F0020281F00202C1F002036C2030006
:109E30003CC203003BC2030041C2030045C2030011
:109E40000000000010B50E4C2068FFF770FE28B12E
:109E500020680221BDE81040FFF754BC20680121B2
:109E6000FFF7E6FABFF34F8F0649074BCA6802F4C3
:109E7000E0621343CB60BFF34F8F00BFFDE700BF2D
:109E8000281F002000ED00E00400FA0570B5114D18
:109E90002868FFF74CFE2C46014628B128680221AD
:109EA000BDE87040FFF72EBC28680B4EFFF7C0FAE4
:109EB00028680A490A4DFFF76FFA55F8041B206815
:109EC0001022FFF789FAB542F7D12068BDE870404B
:109ED000FFF752BA281F00200C6280004BC203001B
:109EE000FC618000024B02211868FFF70BBC00BF29
:109EF000281F002030B5114C85B02068FFF717FEF1
:109F00000128054605D020680221FFF7FBFB05B0BC
:109F100030BD0A23009320681023022203A9FFF713
:109F200073FD38B1039809F0CDFF20682946FFF78B
:109F30007FFAECE7FFF7D6FFE9E700BF281F002014
:109F400030B5114C85B02068FFF7F1FD01280546BA
:109F500005D020680221FFF7D5FB05B030BD0A23EC
:109F6000009320681023022203A9FFF74DFD38B1AA
:109F7000039809F06DFF20682946FFF759FAECE7CE
:109F8000FFF7B0FFE9E700BF281F002010B5154C10
:109F900086B02068FFF7CBFD012804D0206802219D
:109FA000FFF7B0FB1CE00A23009320686423002223
:109FB00005A9FFF729FD0028F0D000212068FFF750
:109FC00037FA05980AF048FA012808BF06492068C0
:109FD00018BF06490390FFF7DFF90398FFF7CCF9A4
:109FE00006B010BD281F002010C203007BC4030070
:109FF00013B5164C2068FFF79AFD014630B1206872
:10A00000022102B0BDE81040FFF77CBB2068FFF7DB
:10A010000FFA0F492068FFF7BFF909F00FFD07EEAF
:10A02000900AB8EE670ADFED0B7A206880EE270A07
:10A030000221FFF7D9F9206807490190FFF7ACF931
:10A04000019802B0BDE81040FFF796B9281F002024
:10A0500050C2030000606A4772C2030037B50D4D5D
:10A060002868FFF764FD044628B128680221FFF73D
:10A0700049FB03B030BD01462868FFF7D9F92046F7
:10A0800029F09EFB0DF10701091A0A222868FAF748
:10A090008FFCEEE7281F002030B5134C85B02068F8
:10A0A000FFF745FD012805D020680221FFF72AFBB4
:10A0B00005B030BD0A25009520686423002203A95D
:10A0C000FFF7A2FC68B120680021FFF7B1F90398FF
:10A0D000246809F061FF2A4601462046FAF7A2FCEF
:10A0E000E6E7FFF7FFFEE3E7281F00202DE9FF4723
:10A0F000304FDFF8D0A0DFF8D0803868DAF80060A1
:10A10000D8F80090FFF713FD3D46044630B138689B
:10A110000221FFF7F7FA04B0BDE8F087014638687E
:10A12000FFF786F938682449FFF736F9D8F8003088
:10A13000DAF80010386819441022FAF773FC38680E
:10A140001E491F4FFFF728F92246394601A827F07C
:10A1500047FB0134286801A9FFF716F9102CF3D149
:10A160002868DFF85C80FFF707F906EB0904DFF8E1
:10A170005C9000263246494601A827F031FB28684A
:10A1800001A9FFF701F900273A5D414601A827F030
:10A1900027FB0137286801A9FFF7F6F8102FF3D144
:10A1A00028681036FFF7E8F8B6F5007F04F11004D0
:10A1B000E0D1B0E7281F00207BC2030078C0030075
:10A1C0008CC20300201F00202C1F002092C203001D
:10A1D0007FB5144C2068FFF7AAFC012804D0206842
:10A1E0000221FFF78FFA1BE010260023206800965B
:10A1F0001A4603A9FFF734FC0028F0D00A4D206866
:10A200000021FFF715F9039B084920682B60FFF731
:10A21000C3F8296820683246FAF704FC00232B6053
:10A2200004B070BD281F00202C1F002099C203001D
:10A230007FB5154C2068FFF77AFC012804D0206810
:10A240000221FFF75FFA1CE0102600232068009629
:10A250001A4603A9FFF704FC0028F0D020680B4D34
:10A260000021FFF7E5F8039B094920682B60FFF701
:10A2700093F8324629682068FAF7D4FB054B002290
:10A280001A6004B070BD00BF281F0020201F0020EE
:10A29000AFC203002C1F00202DE9FF412A4B2B4C9D
:10A2A0001F682B4B20681E68FFF741FC012804D073
:10A2B00020680221FFF726FA2AE02068002203A97D
:10A2C000FFF757FB0028F3D020680021FFF7B0F814
:10A2D000039D2049284607EB060827F013FB28B901
:10A2E000B95D10222068FAF763FB11E01A4928468D
:10A2F00027F008FB10B9B95B1022F3E7174928468D
:10A3000027F000FB38B9B95920681022FAF78AFB08
:10A3100004B0BDE8F0811249284627F0F3FA10B9DD
:10A32000B9590A22DEE70F49284627F0EBFA002840
:10A33000EED1206898ED000A01900221FFF754F851
:10A340000198FFF719F8E3E7201F0020281F0020DD
:10A350002C1F002036C203003CC203003BC2030096
:10A3600041C2030045C2030003461A6B5007FCD4E8
:10A370009A8861F304029A801A6B9207FCD41A88B7
:10A3800042F002021A801A6B9007FCD41A7D42F048
:10A3900002021A75012283F82E201A7D42F0020271
:10A3A0001A7593F82E20D107FBD5B3F8400080B280
:10A3B0001A6B12F00202FBD1198862F34101198075
:10A3C0001A6B9207FCD470472DE9F04F2DED028BEC
:10A3D0008B4D83B02868FFF7AAFB2F46044640B197
:10A3E0002868022103B0BDEC028BBDE8F04FFFF7F7
:10A3F00089B9844BDFF824A21D68C5F3032007EE5A
:10A40000900AF8EEE77A17EE900A24F023FC7E4BD0
:10A41000002224F0A1FD8046E8B207EE900AF8EE93
:10A42000E77A894617EE900A24F014FC02460B46A0
:10A430004046494624F0B0FA24F05CFF08EE100ACA
:10A44000C5F3035007EE900AF8EEE77A17EE900A8C
:10A4500024F000FC6C4B002224F07EFD8046C5F306
:10A46000073007EE900AF8EEE77A894617EE900A71
:10A4700024F0F0FB02460B464046494624F08CFA95
:10A4800024F038FF614B1A68614B1B68C2F30B2B39
:10A490004FEA1258C3F30B0206EE902A5D4AC3F34B
:10A4A0000B39D669D569D36964F3C713D361D3690E
:10A4B00064F38203D361D36943F00203D361D369A8
:10A4C00064F3C303D361D36964F3C30306EE100AD4
:10A4D000D3611C21504607EE908AFFF745FFBAF87A
:10A4E00006304C4AC3F3C103022BBAF80630DFF83A
:10A4F0002CA104B208BFA400C3F3C10308BF24B257
:10A50000032BD36943F0080308BF2401D3614FF044
:10A510001D01504608BF24B2FFF726FFBAF80620F7
:10A52000C2F3C102022ABAF8062003B208BF9B0098
:10A53000C2F3C10208BF1BB2032A04BF1B011BB236
:10A5400007EE103AF8EEC75A07EE10BAB8EEC77A1F
:10A55000F8EEE77A27EE067A67EE887A25EEC77A74
:10A5600016EE900AA7EEA57A6043C6F3C01607EE72
:10A57000904AF8EEE75A07EE909AF8EEE77A04FB75
:10A58000190428EE678AF8EEE67AA8EE257A0BFB26
:10A59000134408FB034327EE866A07EE903AA5EEC4
:10A5A000867A1C4BF8EEE77ADA6987EE278A66F33B
:10A5B000C712DA61DA69C5F3800565F38202DA61F0
:10A5C000DA696FF34102DA613868DFED137AB4EECD
:10A5D000E78AF1EE10FA01D5022103E70021FEF728
:10A5E00027FF386801900221B0EE480AFEF7FCFE12
:10A5F000019803B0BDEC028BBDE8F04FFEF7BCBE86
:10A60000281F002000018000000024400401800079
:10A61000080180000018004000007AC4001C0043BC
:10A62000024B1960024B00221A607047281F00205D
:10A63000241F002000487047300E0020014B196095
:10A64000704700BF241F002008B500F07FFB034BBC
:10A6500053F82030002283F8492008BD841F0020D1
:10A66000F8B5044610300D4617461E4600F0EAF9CC
:10A6700004F1240000F0E6F90020C4E90E00C4E96A
:10A68000100084F8480084F8490060722DB90A4B24
:10A690000A4A0B48272125F05FF99DF818306371AD
:10A6A0009DF81C30E3719DF8203025602771A6715C
:10A6B00023722046F8BD00BFD4C50300E5C50300E2
:10A6C00039C603001FB5044604AB006803E9060061
:10A6D00008F0BCFB9DF80D30227AE17920680093E8
:10A6E000002308F0DFFD2068029A9DF80C1008F0A6
:10A6F000ECFB206804B0BDE8104008F09DBB10B52D
:10A700000446006808F08BFB0023637210BD000054
:10A7100017B4837A6C4684E8060043B19A070DD5D6
:10A72000EFF31083B3FA83F35B09C37272B694E854
:10A73000060003B05DF8044BFFF7C4BFDB0742BF60
:10A74000014B8289DA60F2E700280040837A53B136
:10A750009A0703D5C37A33B162B67047DB0742BFAD
:10A76000014B82891A61704700280040006811B9C6
:10A77000012108F076BB0021FBE703290DD8DFE8B3
:10A7800001F0060A02080021006808F077BB0121E9
:10A79000FAE70221F8E70321F6E77047006801B9FC
:10A7A000012108F0A5BB006808F07CBB70B5054628
:10A7B0000C468E18B44206D021782846FFF7F3FFE6
:10A7C00004F8010BF6E770BD08B5006808F06AFCF4
:10A7D0000028A3BF0C235843024B0020A8BF1858E1
:10A7E00008BD00BFA0C6030008B5006808F05AFC09
:10A7F0000028A3BF044B0C2202FB00304FF0FF30B7
:10A80000A8BF406808BD00BFA0C6030008B5006827
:10A8100008F048FC0028A3BF044B0C2202FB0030C8
:10A820004FF0FF30A8BF806808BD00BFA0C603007E
:10A830002DE9F04100F1100686B00546304600F0E3
:10A8400057F9002840F0818005F12407384600F0D0
:10A850004FF90446002872D12846FFF7D7FFC1B24E
:10A86000304600F043FA0221304600F057FA012248
:10A870003749DFF8E080304600F034FA304600F027
:10A8800065FA48F820502846FFF7AEFFC1B23846B7
:10A8900000F02CFA0221384600F040FA384600F069
:10A8A00055FA48F820502846FFF78EFF4FF0010870
:10A8B000014623462246CDE90344CDE901480094F0
:10A8C000304600F045FAA8632846FFF77DFF23468F
:10A8D00002462146CDE90344CDE90184009438467F
:10A8E00000F036FAE863B02025F07CFE286400B35F
:10A8F000303085F8488068642A6CAB6B224403F1E1
:10A90000100153F8040B42F8040B8B42F9D11034B8
:10A91000302CF1D10023696CEA6B194402F110006C
:10A9200052F8044B41F8044B8242F9D11033802B8A
:10A93000F1D195F8483043B9384600F093F93046E4
:10A9400006B0BDE8F04100F08DB906B0BDE8F08179
:10A9500049A60000841F0020437A70B504461BB945
:10A96000012242724381C36094F8483013B92046F3
:10A97000FFF75EFF0F4E2079182505FB006393F962
:10A98000081009F081FDA07905FB006393F9081018
:10A9900009F07AFD607905FB006595F9081009F06A
:10A9A00073FD054B204693E80600BDE87040FFF7B5
:10A9B00089BE00BFE00104007C1F00201FB5094ACA
:10A9C000094B1360002393800322CDE90132192340
:10A9D00000930649064818231722FFF741FE05B0E9
:10A9E0005DF804FB7C1F002000093D00743400204A
:10A9F000301F0020074B196841B9EFF31080064A59
:10AA000018B972B6BFF35F8F012111701A68013255
:10AA10001A6070470C20002008200020074B1A689D
:10AA200052B11A68013A1A601B682BB9044B1B78A3
:10AA300013B1BFF35F8F62B6704700BF0C200020D8
:10AA400008200020FF2202704FF440710022427063
:10AA5000428081808260C26002617047184A02EBC6
:10AA6000011110B491F84E10CCB211F001010CD0CC
:10AA70000178836802EB0112012182F84E10042252
:10AA80004270D3B15DF8044B184714F0020F08D0A0
:10AA90000478C36802EB0412022482F84E4041702D
:10AAA000EFE7610709D50178036902EB0112042180
:10AAB00082F84E1007224270E3E75DF8044B7047BE
:10AAC00000A0004108B5FFF795FF074B198C074B15
:10AAD00001F01F0153F8210008B1FFF7BFFFBDE8E7
:10AAE0000840FFF79BBF00BF00A0004110200020DE
:10AAF0002DE9FF4103781F2B04464FF0000040F280
:10AB00009E80504E2070012223781F2B07D8316879
:10AB100002FA03F008420AD001332370F4E701205F
:10AB20008DE003F00F03043B6344187644E0FFF725
:10AB300061FF3768002F43D1434A444D13694448AD
:10AB400043F4007313612B8867F341032B802B8838
:10AB500000F5007843F001032B80394668634FF419
:10AB60000072C5F8388025F011FE39464FF40072A6
:10AB7000404625F00BFE374ADFF8E4C01068516804
:10AB8000354F128940F602732B8001AB03C301AD30
:10AB90001A80C02005224FF0010E35F9023B002B30
:10ABA000BFDB4FEA531803F01F013B440EFA01F1DB
:10ABB00047F8281083F80003013A12F0FF02ECD1A5
:10ABC00022783068012101FA02F303433360234BFA
:10ABD00043F8224004321D4B120198586FF3410094
:10ABE00098502278043212019858084398502078DF
:10ABF0001A69814022EA010119612278043203EBCB
:10AC0000021251796FF301015171227820790432D7
:10AC10001201995860F30E2199502278607904321C
:10AC20001201995860F3155199502278043212019B
:10AC300099586FF31B619950FFF7F0FE002004B0A4
:10AC4000BDE8F081042000200008004000A0004181
:10AC500030120020E8C6030000E100E010200020D0
:10AC600000ED00E010B50446FFF7C4FE6378062B44
:10AC700058B228D023781F2B28D801229A40144B91
:10AC800019680A4222D0196821EA02021A601B6878
:10AC900093B9104A4FF00041C2F88010BFF34F8FB4
:10ACA000BFF36F8F0C4A118863F3410111800B4A87
:10ACB000116963F3492111612178094A002042F8A2
:10ACC0002100FF222270FFF7A9FE10BD0220FAE743
:10ACD0000420002000E100E000A000410008004046
:10ACE00010200020023240F82210704738B5037857
:10ACF00001711F2B04460D460DD8FFF77BFE23780C
:10AD0000054A04331B01D15865F30E21D150BDE82B
:10AD10003840FFF783BE38BD00A0004138B5037846
:10AD200041711F2B04460D460DD8FFF763FE2378B3
:10AD3000054A04331B01D15865F31551D150BDE8C4
:10AD40003840FFF76BBE38BD00A000410078704767
:10AD50002DE9F74F054600789DF830B09DF8389002
:10AD60000F9E9DF840701F2890468A469DF834201B
:10AD70001C4603D9002003B0BDE8F08F6B78062B8A
:10AD8000F8D0AB78002B5FD010210846019225F057
:10AD900021FC0028EED02B782E49019A01EB0311FB
:10ADA0000B46D3F80CC0BCF1000F05D0D3F80CC093
:10ADB000614501D0DB68F4E7D86001239B45AB70A7
:10ADC00046D0BBF1020F08BF0423018841F0010106
:10ADD000018001886FF34201018001886FF3C40193
:10ADE000018001886BF309210180018862F38A21C7
:10ADF0000180018869F3CB210180018867F30C3160
:10AE00000180018866F34F310180A1B24180C0F812
:10AE100004A032B1426804FB03F107B1B140114410
:10AE20004160C0F80880B9F1000F05D05C43836829
:10AE300007B9B4401C448460EB781BB12A78054BF9
:10AE400003EB0213C36096E7024B03EB0010B4E779
:10AE50000223BAE730120020F8B505460E46174621
:10AE60000024BC4207D02B68315D1B6828469847F8
:10AE700008B10134F5E72046F8BD7047D0F81C2131
:10AE8000D0F818319A421DBFD0F81C31C018007E8E
:10AE90004FF0FF307047D0F81831D0F81C01181A65
:10AEA00048BF00F5807070472DE9F04100251E462F
:10AEB0004FF47A730446C0E90153104B40F8183B35
:10AEC0008846174629464FF4807225F05FFCC4F887
:10AED00018514FF48072C4F81C51294604F5907043
:10AEE00025F054FCC4F82052C4F81080C4F8245251
:10AEF00027756675A5752046BDE8F081FCC6030080
:10AF000070B504460C4900690C4E08F0EFF9206951
:10AF100008F00CF8207D182505FB006393F9081054
:10AF200009F0B2FA607D05FB006595F90810BDE8EF
:10AF3000704009F0A9BA00BFA0860100E00104003A
:10AF40000023C0F82032C0F82432012380F82812F0
:10AF500083757047D0F80031D0F804210133DBB29B
:10AF60009A421EBFD0F800218154C0F800317047CA
:10AF70002DE9F0411E4604461546002382B3C0F871
:10AF800018310122C0F81C31006908F002F828B31A
:10AF9000206908F07BF804F1180801464046FFF7E5
:10AFA000D9FF0127BD4220690ED007F0D9FF022149
:10AFB000206907F0DCFF206908F068F80146404688
:10AFC000FFF7C8FF0137EDE707F0C3FF1EB12069A7
:10AFD000032107F0CCFFE8B2BDE8F0810546FAE7AF
:10AFE0001046F9E70123FFF7C3BF08B5837D6BB1B6
:10AFF000D0F82032D0F824220133DBB2934205D0BE
:10B0000000F59070FFF7A6FF012008BD0020FCE7C7
:10B01000D0F80421D0F800319A421FBFD0F8043193
:10B02000C25CD0F8043101331DBFDBB2C0F804317B
:10B0300010464FF0FF307047F8B5002204460D4629
:10B04000827590F82812006907F0A3FFD0B104F5CB
:10B050009077D4F82002D4F82462861B48BF06F506
:10B060008076AEB138462669FFF7D2FFC1B23046CE
:10B0700007F0CCFF0028ECD12069032107F077FF0F
:10B08000032004E02069032107F071FF0220F8BDCE
:10B090002DB12069032107F06AFF3046F7E7284603
:10B0A000F5E70121FFF7C8BF08B51830FFF7B0FF7B
:10B0B00008BD70B50446006907F0C7FF98B1206964
:10B0C00007F0D0FF80B1206907F04AFF2069032113
:10B0D00007F04DFFD4F83052002D33D10023C4F8CF
:10B0E0001831C4F81C3170BD206907F0C5FF40B1AC
:10B0F000206907F0BCFF20B1206907F0C2FF0028DB
:10B10000E1D0206907F0B8FF10BB206907F0A5FF68
:10B110000028E8D0206907F0B4FF002838D0D4F820
:10B120002032D4F824229B1A48BF03F580736BB3F6
:10B1300004F59070FFF76CFFC1B2206907F077FF4C
:10B14000A075D0E7236820461B699847A847C5E744
:10B15000206907F005FF2069032107F008FFD4F8F4
:10B16000343203B19847206907F08BFF0028BAD02A
:10B170000023C4F82032C4F824320123A375D4F884
:10B180002C32002BAFD0BDE870401847FF21D4E728
:10B19000D4F81831D4F81C2120690133DBB2934272
:10B1A00007D107F0D6FE20690321BDE8704007F003
:10B1B000DEBE07F06BFF014604F11800FFF7CAFE80
:10B1C000206907F0CDFEEEE70148FFF772BF00BF30
:10B1D00090200020FFF7F8BFFFF7F6BFFFF7F4BF9E
:10B1E0000249034816231522FFF75EBE8034002073
:10B1F00090200020836821EAE17141601944C16018
:10B200007047C160704710B50446081E01DA08F0A7
:10B2100015FCA368834204DDE06094F8280018B1AF
:10B2200003E0E3688342F8DD002010BD70B50B4BEE
:10B2300004460E4640F8183B0949154608F01DFB28
:10B24000012325EAE57584F8283000236662A360AF
:10B25000E4626560E560204670BD00BF20C7030062
:10B2600031C10300183008F01BBB10B50446081E9E
:10B2700001DA08F0E3FB6168A0600844E06010BDFB
:10B2800010B54FF0FF310446FFF7EFFF08F0D6FB93
:10B29000636A206103B1984708F0D0FB2369C01AA4
:10B2A000606110BD41627047436A2DE9F041044678
:10B2B00003B1984708F0C2FB04F13005074604F1DA
:10B2C0006C080026E36EB3420FDB55F8040B50B157
:10B2D000036839469B680136984720B155F8040C3D
:10B2E0000368DB689847A845ECD120464FF0FF3152
:10B2F000BDE8F041FFF7B9BF00F1300270B5134669
:10B3000000F16C0553F8044B1CB1E66ACC6AA64206
:10B310000BD0AB42F6D1002352F8044B3CB90C33AE
:10B3200040F82310C36E0133C366012003E00133EC
:10B330000F2BF1D1002070BD00F1300300F16C0142
:10B34000002243F8042B8B42FBD1C26670470000F9
:10B35000002238B504460D461146FFF767FF064B3D
:10B36000236000232046E366FFF7E6FF2946FFF748
:10B3700041FF204638BD00BF38C703004FF0FF3300
:10B38000036170472DE9F04190F913300133054610
:10B390000F4604D1BDE8F0411248FFF704BA072672
:10B3A00000244FF0010895F91300002109F02AF854
:10B3B00008FA06F195F91100394009F023F895F9DA
:10B3C0001300012109F01EF8640095F91200E4B29F
:10B3D00009F042F808B144F00104013EE3D22046EE
:10B3E000BDE8F081301F002073B590F910300133B3
:10B3F00004460E46154613D101790068FFF7A0FDFB
:10B400002068036831461B6898472068036829460E
:10B410001B689847206802B0BDE87040FFF741BE46
:10B4200090F9133001330AD1144B00930023ADF887
:10B43000043002AB13E906001148FFF769F994F9EB
:10B440001000002108F0DEFF06F07F012046FFF724
:10B4500099FF29462046FFF795FF94F91000012136
:10B4600008F0D0FF94F91330013305D1044802B03D
:10B47000BDE87040FFF76AB902B070BD20A10700B7
:10B48000301F0020F8B5DB0002F0070203F038039C
:10B49000134343EA81139DF8186080F83C3090F81C
:10B4A00040309DF81C509DF8207066F3471380F8DB
:10B4B0004030ED0090F8383007F0070705F0380508
:10B4C00023F03F033D4304461D4380F8385006F007
:10B4D0000702F221FFF788FF94F8382002F00701F5
:10B4E00002F0380343EA411343EAD2122046F52121
:10B4F000FFF77AFF94F83C2002F0070102F03803CE
:10B5000043EA411343EA92122046F421BDE8F84091
:10B51000FFF76ABF37B590F91030013304460D4686
:10B5200018D101790068FFF70BFD206803682946F0
:10B530001B6898472068FFF7B4FD21792068012235
:10B54000FFF750FD206803685B699847C5B228463D
:10B5500003B030BD90F9133001330AD1134B00937F
:10B560000023ADF8043002AB13E906001048FFF7E2
:10B57000CFF894F91000002108F044FF45F0800155
:10B580002046FFF7FFFE00212046FFF7FBFE0121CA
:10B59000054694F9100008F035FF94F91330013393
:10B5A000D5D10348FFF7D2F8D1E700BF20A10700AB
:10B5B000301F002037B590F91030013304460D4696
:10B5C0001FD101790068FFF7BBFC2068036829469A
:10B5D0001B6898472068FFF764FD217920680222E4
:10B5E000FFF700FD206803685B69984705462068FF
:10B5F00003685B69984740EA052085B2284603B096
:10B6000030BD90F9133001330AD1174B009300235A
:10B61000ADF8043002AB13E906001448FFF778F8E0
:10B6200094F91000002108F0EDFE45F0800120465D
:10B63000FFF7A8FE00212046FFF7A4FE00210546E3
:10B640002046FFF79FFE40EA052085B2012194F9CC
:10B65000100008F0D7FE94F913300133CED103481F
:10B66000FFF774F8CAE700BF20A10700301F0020D1
:10B6700008B5FFF79FFF40BA80B208BD37B590F913
:10B680001030013304460D4623D101790068FFF7DD
:10B6900057FC2068036829461B6898472068FFF715
:10B6A00000FD217920680322FFF79CFC20680368D5
:10B6B0005B6998470502206803685B6998472843DF
:10B6C0000502206803685B6998470543284603B074
:10B6D00030BD90F9133001330AD1194B0093002388
:10B6E000ADF8043002AB13E906001648FFF710F876
:10B6F00094F91000002108F085FE45F080012046F5
:10B70000FFF740FE00212046FFF73CFE0021050226
:10B710002046FFF737FE2843050200212046FFF7A9
:10B7200031FE0121054394F9100008F06BFE94F9F5
:10B7300013300133CAD10348FFF708F8C6E700BF4A
:10B7400020A10700301F002038B588210446FFF7EC
:10B750008FFF8A21A0822046FFF78AFF8C21E0829A
:10B760002046FFF785FF8E2120832046FFF780FFCC
:10B77000902160832046FFF77BFF9221A083204623
:10B78000FFF776FF9421E0832046FFF771FF9621B3
:10B7900020842046FFF76CFF982160842046FFF745
:10B7A00067FF9A21A0842046FFF762FF9C21E08476
:10B7B0002046FFF75DFF9E2120852046FFF758FFBA
:10B7C000A12160852046FFF7A5FEE12184F82C0029
:10B7D0002046FFF74DFFE321E0852046FFF79AFE64
:10B7E000E42184F830002046FFF794FEE521054669
:10B7F0002046FFF78FFE00F00F0343EA0510608636
:10B80000E6212046FFF786FEE52105462046FFF7A4
:10B8100081FE031143EA0510A086E7212046FFF7C9
:10B8200079FE84F8360038BD08B5F321FFF772FEC3
:10B8300000F0010008BD000030B5044690F910008A
:10B84000421C85B018D12068FFF75AFBD021204652
:10B85000FFF760FE60283FD12046B622E021FFF7C7
:10B86000C3FD4FF4967008F037F92046FFF7DCFF70
:10B870000546F8B16420F6E7012108F0C3FD94F90C
:10B880001000012108F07AFD94F91300431C03D144
:10B890001248FFF761F8D9E7012108F06FFD94F92C
:10B8A0001100012108F06AFD94F91200002108F04E
:10B8B00065FDCBE72046FFF747FF052300931A46B7
:10B8C00003212046CDE90155FFF7DCFD642008F097
:10B8D00003F9012005B030BD0020FBE7301F002038
:10B8E000024A01710260FFF7A7BF00BF902000204D
:10B8F00010B5FA210446FFF7C1FEB0F5000F1ED0C7
:10B90000A18A9FED107A4B00C1EB2022C3EBE0111E
:10B91000B4F9163052435943B4F918301213534353
:10B920009B1303EBE123E36003EB830380331B12E0
:10B9300007EE903AF8EEE77A87EE870A10BD9FEDA2
:10B94000020AFBE70000C8420000C07F2DE9F8436F
:10B950000446FFF7CDFFF7212046FFF78FFEB0F535
:10B96000000F054600F0BF80E068B4F91C60B0F538
:10B97000FA334FEAE07141F1FF32A3FB038903FB85
:10B9800002F109EB4109F71706FB02F103FB07116E
:10B99000A6FB03670F44390341EA16513003B4F99B
:10B9A0001E60F71706FB09FC08FB07CCA6FB08671F
:10B9B00067444FEA162C4CEA076C668B4FEA272E39
:10B9C0001CEB00004EEB010E00304EF5004EA0FBCC
:10B9D000060106FB0E114E10CF1756EA070100F0C4
:10B9E0008580B4F9240000FB09FCC11708FB01CCD9
:10B9F000A0FB0801B4F922804FEAE87908FB02F2C3
:10BA000003FB0922A8FB0389914461444FEA4842A1
:10BA10004FEA494C2D111218C5F580154CEAD83C57
:10BA2000B4F920804CEB010C0023E9179B184FEA76
:10BA3000C17E4FEAC5704FEAC80141EB0C0C4EEADB
:10BA4000550EC01A40F635436EEB0C0EA0FB0301F9
:10BA500003FB0E1132463B4623F0AAFDB4F92A201F
:10BA60004D13460B46EAC14602FB05F7D31706FB0A
:10BA70000377A2FB06233B44554306FB0355A2FB79
:10BA800006232B44550E45EAC315B4F92820B4F912
:10BA900026402D184FEA636641EB0606D317514343
:10BAA00000FB0311A2FB00230B44D10C41EA4331FC
:10BAB0006D184FEAE34046EB00032A0AE51742EA15
:10BAC0000362191220012B0143EA1473801843EB1F
:10BAD000010123F02FFD9FED070A07EE900A27EEE4
:10BAE000800ABDE8F8839FED040AFAE79FED030A98
:10BAF000F7E700BF0000803B0000C07F00000000AF
:10BB000038B50446FFF7F4FEFD212046FFF752FD4D
:10BB1000B0F5004F38D0B4F93250E268B4F934309F
:10BB20002D05A2F59632C5EB803002FB130303F519
:10BB30008043D91394F830305343DB1203F50040AF
:10BB400094F9363053439B1243439B1203F5001282
:10BB5000B4F92E30534303F500539B134B43DA13D0
:10BB600094F82C105243D2114A43A3EB221323EA38
:10BB7000E373B3F1C85FA8BF4FF0C8531B1300EEC7
:10BB8000103ABAEECB0A38BD9FED010AFBE700BFC1
:10BB90000000C07F0000000008B52DED028BB0EE64
:10BBA000408AFFF7D3FE9FED167AC0EE077AC7EE04
:10BBB000887A17EE900A23F04DF89FED0D1B41ECAB
:10BBC000100B21F045FD0F4953EC102B002022F003
:10BBD000E1FE09A3D3E9002323F094F823F08AFBC4
:10BBE000BDEC028B00EE100A08BD00BFAFF3008071
:10BBF000EBE2361AC05BC83F0000000040A5E540FC
:10BC00000000C8420000F03F70B510EE100A10EEC0
:10BC1000906A23F01FF813A3D3E9002323F09CF9C3
:10BC200002460B4600200E4922F0B4FE9FED0A1B8F
:10BC300041EC100B21F00CFD55EC104B304623F07D
:10BC400009F822462B4623F087F923F053FB00EE38
:10BC5000100A70BDAFF3008085EB51B81E0515408A
:10BC60000000F03F0000000040A5E54000F58053D3
:10BC70004FF0FF321A60704770B500F580560546E8
:10BC800033685A1C0ED00C1D2046190B00F0B6FA72
:10BC90004FF4805331682A46204600F0E9FA4FF00D
:10BCA000FF333360012070BD2DE9F84F1F460B1D97
:10BCB0002DED028B08EE103A06468846144600F534
:10BCC000805A0C9B43B3C4F30B0BCBF580559D42BC
:10BCD00028BF1D4624F47F69DAF8003029F00F09E7
:10BCE0004B450DD041463046FFF7C6FF18EE100A0F
:10BCF000CAF800904FF480533246494600F09CFA4F
:10BD000039462A4606EB0B0024F018FD0C9B5B1B02
:10BD10002F440C932C44D4E7BDEC028B0120BDE8EA
:10BD2000F88F2DE9F84F1E4600F58053DDF8289076
:10BD30001C68631C82468846154633D0944203D95A
:10BD400002EB09039C422DD204F58053AB4229D962
:10BD5000641B4ABFC4F1000B4FF0000B0024CBF56D
:10BD60008057A9EB04018F42A8BF0F4634B1234688
:10BD70003246294608F1040000F05EFA30193A46CE
:10BD80000AEB0B013C4424F0D9FCA14507D9A9EBEF
:10BD900004033219291908F1040000F04DFA0120BA
:10BDA000BDE8F88F4B4632462946F4E770470368F2
:10BDB000DB69184703681B69184710B40468646995
:10BDC000A4465DF8044B604703681B6A184710B42B
:10BDD0000468646AA4465DF8044B60470368DB6945
:10BDE000184703681B69184710B404686469A446BF
:10BDF0005DF8044B604703681B6A184710B4046879
:10BE0000646AA4465DF8044B604710B504460430EC
:10BE100000F0D7F8606918B107F094FE0023636161
:10BE200010BD08B5043000F001F980F00100C0B287
:10BE300008BD08B5043000F0CEF8400A08BD014640
:10BE4000406908B1FFF718BF0120704713B5446976
:10BE5000134649024CB14FF4007200920A46014663
:10BE60002046FFF75EFF02B010BD4FF400730430B0
:10BE700000F0E2F9003818BF0120F4E737B5456952
:10BE800049025B0245B1009313460A460146284623
:10BE9000FFF747FF03B030BD043000F0CDF90038A4
:10BEA00018BF0120F6E713B54469134649024CB1A7
:10BEB0004FF4007200920A4601462046FFF7F4FE56
:10BEC00002B010BD4FF40073043000F0D1F9003817
:10BED00018BF0120F4E737B5456949025B0245B157
:10BEE000009313460A4601462846FFF7DDFE03B0DD
:10BEF00030BD043000F0BCF9003818BF0120F6E76F
:10BF000038B5074B044640F8043B154600F050F89E
:10BF1000044B2360002365746361204638BD00BF75
:10BF200050C7030094C7030070B50446043000F006
:10BF3000A7F8A368054673B1DB7A5B060BD4637C74
:10BF40004BB163693BB941F2040007F0F7FD0646C7
:10BF5000FFF78CFE6661284670BDF0B505460024EB
:10BF60000C26E3B28B420FDA06FB03501778837975
:10BF70009F4207D15778C3799F4203D19778037ABC
:10BF80009F4202D00134ECE70020F0BD8368002B13
:10BF900003DB017B184608F035BA70478368002B35
:10BFA00005DB017B184681F0010108F02BBA7047D0
:10BFB00001604FF0FF320021C0E90112012202733B
:10BFC000704710B50446006820B103685B68984765
:10BFD0000023636010BD406800B10068704743688B
:10BFE0003BB19A79187ADB7940EA024040EA0320B3
:10BFF00070476FF07F40704713B5006803680DF11C
:10C0000007025C6905210123A0479DF8070002B0E3
:10C0100010BD13B5006803680DF107025C69352196
:10C020000123A0479DF8070002B010BD08B5436882
:10C03000DA7AC2F38013520606D4FFF7DDFF10F060
:10C04000030F0CBF01230023184608BD4368DB7AA9
:10C050005A0610B5044607D42046FFF7CDFF8307E4
:10C0600002D007F033FDF7E710BD00680368062132
:10C070001B6918470068036804211B691847000002
:10C08000F7B5044600680D46164610B9002003B007
:10C09000F0BD03681B689847206803685F69042344
:10C0A0000DEB03029F21B8479DF805307F2B01BFA0
:10C0B0009DF806308DF805309DF807308DF8063074
:10C0C0002DB101AA31462846FFF747FF606063683B
:10C0D0002BB9474801AA1021FFF73FFF6060636852
:10C0E000002BD3D0DB7A5B0615D42046FFF784FF04
:10C0F000C707FAD46368DB7A9E0628D520680368F0
:10C1000066211B6998472068036899211B69984735
:10C110001E2007F0C5FC6368364A5B7A20685A43E4
:10C12000354B9A4228BF1A4603681146DB68984788
:10C13000206803689B689847636870B1DA7A500793
:10C140000BD5910621D42046FFF763FF20E020465F
:10C15000FFF75FFF0506FAD4D0E7DB7A9A073DD4F4
:10C1600063681B68B3F1807F3CD920680368B721FE
:10C170001B6998470423226820461371FFF77AFF52
:10C180002046FFF763FF012081E72046FFF734FFD9
:10C1900063689D7A0540E3D12046FFF766FF636838
:10C1A00020689A7ADB7A8DF8005013F0100F8DF822
:10C1B000012007D003689D6901230DEB03023121A3
:10C1C000A847CDE79B06026848BF0123956956BF83
:10C1D00002230DEB03026A460121F1E723680B22DB
:10C1E0005A71BDE7B3F5803F8CBF03230223C2E73A
:10C1F000D0C7030040420F00000E270770B5446807
:10C2000005460E46B4B1E37AC3F380145B0611D43D
:10C21000FFF7BCFE2846FFF719FF2846FFF725FF6A
:10C22000286803683203DB692021984704462846C2
:10C23000FFF7B4FE204670BD73B51D464368CDE9D7
:10C240000021044683B1FFF7A1FE2046FFF7FEFE62
:10C2500020680368DDE900211E6A2B46B0470646C8
:10C260002046FFF79BFE06B90025284602B070BDA8
:10C270002DE9F04745680446884691461F46002D43
:10C2800039D0FFF783FE6368DB7A5B0612D5204660
:10C29000FFF7EBFE206803684A465D6A41463B466D
:10C2A000A8472046FFF7E6FE2046FFF777FE384610
:10C2B000BDE8F087BA46BAF1000F19D02046FFF763
:10C2C000C5FE2046FFF7D1FE5FFA88F62068C6F566
:10C2D00080750368554528BF55465E6A4A462B4619
:10C2E0004146B04720B1AAEB050AA944A844E2E7B9
:10C2F000A7EB0A07D8E72846DAE7012070470000D5
:10C30000064B9A686FF300029A60DA68D207FCD491
:10C310001A6A42F001021A62704700BF00600041D1
:10C32000094B1A686FF341021A60084BDA696FF320
:10C330004D32DA611A696FF34D321A611A696FF37F
:10C3400055521A61704700BF003400420008004097
:10C35000044BB3FBF1F1044B9A68C9B261F30F22AD
:10C360009A607047000E27070034004238B51D4B15
:10C370001D4DDA6942F40052DA611A6942F4005242
:10C380001A611A696FF355521A612B6843F0010361
:10C390002B600446072190F9060008F075F8072184
:10C3A00094F9070008F070F8072194F9080008F0E4
:10C3B0006BF8072194F9090008F066F8072194F951
:10C3C0000A0008F061F894F90B00072108F05CF806
:10C3D0004FF4F053AB6011236B602B6843F0020302
:10C3E0002B6038BD000800400034004273B505469C
:10C3F000202D14461846069A134B01D0D82D00D193
:10C400001C635E6B65F307065E6399639B6B019328
:10C41000019B48B142B1890404F180644ABF0146DE
:10C420002146204624F08AF9074C084B2360E36933
:10C430005B0502D407F04AFBF9E7E36943F4806344
:10C44000E36102B070BD00BF003400420200000191
:10C4500007B50023084600931A461021FFF7C6FFD0
:10C46000012003B05DF804FB13B508461C461146D5
:10C47000FFF746FF00940B4600229021FFF7B6FF1E
:10C48000034A9368012043F00103936002B010BD9A
:10C49000006000411FB51C46131E42F21002084600
:10C4A000039342F2900108BF1146FFF729FF039B57
:10C4B00000940022FFF79AFF034A9368012043F09B
:10C4C0000103936004B010BD0060004107B5002374
:10C4D0000846009342F23001FFF788FF012003B0C5
:10C4E0005DF804FB13B510461C46FFF709FF0094E6
:10C4F00003460A466B200549FFF778FF044A936814
:10C50000012043F00103936002B010BDB210080097
:10C510000060004113B510461C46FFF7F1FE009481
:10C5200003460A46322043F2B201FFF75FFF044A96
:10C530009368012043F00103936002B010BD00BF77
:10C5400000600041054A0260054A426002F18062D3
:10C5500002F56E321F328260704700BF98C8030038
:10C56000036B202113B50446084659B1019126F00A
:10C5700045F9236801995B680246204602B0BDE890
:10C580001040184702B010BD10B50446243001F029
:10C5900025FA50B104F50D7001F020FA28B1206899
:10C5A0000368BDE81040DB691847002010BD024653
:10C5B00038B552F8105F04462946806801F02EF91C
:10C5C00040B1A3783DB943F04003A370A37863F072
:10C5D0007F03A37038BD22690135AA42F6D023F04B
:10C5E0004003F2E7F8B5057815F04005044602D09F
:10C5F00000263046F8BD4269154B9A42F8D2FFF743
:10C60000D6FF06460028F3D0A268236991795769BE
:10C61000023B8B401F44A0680379E9B28B420DD9DD
:10C6200005223944243001F000FA01350028DFD01A
:10C630004FF40072002124F0A9F8ECE782794FF45E
:10C6400000739340626912FA83F36361D1E700BF1C
:10C6500000FE1F0010B5044680680A462430A16918
:10C6600001F0E3F920B1A38803F00F0300EB4310BE
:10C6700010BD70B5047805460E469CB924222146AB
:10C6800024F084F8AE60F379102B03D0202B07D070
:10C690000C2B03D1402301242B70AC70204602E008
:10C6A0008023F8E7002070BD38B5CB6804460D46FE
:10C6B00023B9BDE838408968FFF7DBBF2422002199
:10C6C00024F064F8102301202370A070AB68A360ED
:10C6D000EB68236238BD2DE9F04F2DED028B837896
:10C6E0000446D80783B0884615466DD523781907C8
:10C6F00034D5E36962699B1A9D4228BF1D4604F147
:10C70000100308EE103A2E464FF00009002E00F0FC
:10C71000A38022786769A0685306C7F3080B4FEA25
:10C72000572124D5026A1144D4F808A0BBF1000FA8
:10C7300051D1B6F5007F4ED3DAF8302091424AD07D
:10C74000B6F5806F60D2DAF82800036842461B69AC
:10C750009847002838D04FF400774FE05A06CED5DE
:10C76000A3685A896369C3EB42139BB2C4E790F88C
:10C77000059009EA0109BBF1000F08D1B9F1000FDA
:10C7800005D16FB912064CBF026A226A2261A26803
:10C790002169907952690239814011444944C3E7C3
:10C7A0001307216905D5A278570602D50131216109
:10C7B000EDE718EE102A00F068FF002804DBE6D150
:10C7C000237813F0D00F47D1637843F002036370EE
:10C7D0004FF0FF3041E0CBF50077B7424FF0000259
:10C7E0000AF1240028BF374601F01FF90028EBD0DA
:10C7F00000EB0B013A46404623F0A0FF63693B443F
:10C80000B8446361F61B81E7207840064FEA56235F
:10C8100006D49AF80400A0EB0900834228BF03461F
:10C8200091424FEA432709D9DAF828000268D2F882
:10C8300014A04246D0470028E0D1C5E7C81882427C
:10C84000F2D20AF12400CDE9001301F0C7F8DDE9C6
:10C8500000130028E8D1B7E7A81B03B0BDEC028B9A
:10C86000BDE8F08F73B501220DF10701D0E9045640
:10C870000446FFF730FF01280CBF9DF807004FF07A
:10C88000FF30C4E9045602B070BD436913F4F07F71
:10C8900037B50446C3F3431500D099B901220DF111
:10C8A00007012046FFF717FF40B2012802D0002001
:10C8B00003B030BD63691F33A0686361343000EB9F
:10C8C0004510F5E72033F7E72DE9F0410D460178F3
:10C8D0000769044681B14069A84206D03DB9256187
:10C8E000A378656123F02003A370012006E00B0705
:10C8F00006D5E369AB420BD227610020BDE8F08189
:10C900004E0605D5A3685B89B5EB431FE8D9F3E76D
:10C91000D4F808C0A2789CF806300933DBB26E1E4A
:10C92000520626FA03F603D5236A1E442661D7E78A
:10C93000421E22FA03F39E4200D398B90B064CBF65
:10C94000DCF82030236A236104F11008002EC7D0E0
:10C950002169A068424600F098FE002806F1FF36E3
:10C96000F4DCC9E7F61AEFE7F8B50F4616460021E2
:10C97000242204461D4623F009FFB868A68000F172
:10C98000340206F00F063B6AA06002EB4612E36039
:10C99000D37A19073FD403F037032370D17A11F00B
:10C9A000180F04BF43F0080323709DF81830E3709C
:10C9B00005F00303012B28D0022B24D05BBB6B05B1
:10C9C00029D40123A370A1788F0707D52378DE0629
:10C9D00021D4DF071FD443F02003237005F00803A0
:10C9E0000B43A370036B518BA361938A6E0541EADD
:10C9F000034114D559B9A37863F07F03A3706B0486
:10CA000011D40120F8BD0323DCE70223DAE700F0AC
:10CA100040FF0028EFD100202070A070F2E72162D3
:10CA2000D369E361EBE7E1692046FFF74DFF00289A
:10CA3000E7D1F0E72DE9F0431346027885B00746C9
:10CA40000E46002A42D10A7812F0D00F3ED04C692F
:10CA500014F01F043AD1A14600213046D6F81480C4
:10CA60000393FFF712FF88B3017879B32E29039B54
:10CA700021D0E5291FD0C27A12F0080C1DD184B153
:10CA8000411E00F10A0511F8010F4FEACC1242EAEB
:10CA90005C0250FA82F28D425FFA82FCF3D1E145EA
:10CAA00014D10094C8F34F1231463846FFF75CFFAB
:10CAB00005B0BDE8F0830024CEE70F2AFBD14A067B
:10CAC000CAD590F80D9001F01F04C5E70020EFE7EC
:10CAD00037B503780446002B39D090F90230002B8B
:10CAE0002FDA0121FFF7B6FD054630B9637843F030
:10CAF00001036370002003B030BD0378E52BF5D04F
:10CB0000237803F03703C37223781B0744BFE3691C
:10CB1000C361236A43831B0C83820E4B1B6863B182
:10CB20000DF103020DF1060101A89847BDF804308C
:10CB30002B836B82BDF80630EB82A37803F07F0372
:10CB4000A370A068FFF720FD0028CFD0D3E7012015
:10CB5000D1E700BFCC22002010B50446FFF7B8FF94
:10CB600000232370A37010BDF0B595B01F460023BD
:10CB7000ADF808308DF80A30ADF8383003780192FE
:10CB800006460C4613B1002015B0F0BD0B7813F02B
:10CB9000D00FF8D013782F2B12D1019A13782F2BA6
:10CBA00002D101320192F8E7A1681BB93046FFF7C4
:10CBB00060FDE9E702A8FFF75CFD0028E3D002ACC6
:10CBC000019901AB0BAA304600F0E0FB0028DAD057
:10CBD000019B1B789BB100230BAA2146304600F035
:10CBE00093FA0028CFD035460FCD02AC0FC40FCD3D
:10CBF0000FC42B6823603046FFF7AEFFDFE73B46EC
:10CC00000BAA2146304600F07FFABDE719B101F2C8
:10CC10004441FFF7A9BF0846704700002DE9F047DF
:10CC2000837888469907044691464BD51A0744D421
:10CC30006369DB434B4545D34F4604F1100A6269F3
:10CC4000002F00F0A880A068467916EA5226C2F3A9
:10CC500008050BD155B92169002946D0A3785B0698
:10CC600037D5E369934234D901312161D4F808C042
:10CC700021699CF8063002399940DCF814301944D7
:10CC80003144002D3DD1B7F5007F3AD3B7F5806F21
:10CC9000DCF83020DCF8280062D2914202BF8CF828
:10CCA00024504FF0FF33CCF83030036842461B6A03
:10CCB000984738B14FF4007648E0C169FFF704FEA9
:10CCC0000028B5D1637843F0010363704FF0000989
:10CCD0006EE0524600F0D9FC0028F3DBC6D12046B6
:10CCE000FFF765FC0028C1D1ECE7236A3BB9204679
:10CCF000FFF75DFC0028E5D023692362B6E72361D6
:10CD0000B4E7C5F50076BE4228BF3E4625BB626942
:10CD1000E3699A4222D2A37813F0200F0CBF0122BC
:10CD200005220CF1240000F080FE0028CAD028441F
:10CD300032464146354423F001FDB5F5007F05D16B
:10CD4000A068243000F04AFE0028BBD06369334459
:10CD50006361B044BF1B72E70122E2E70522E0E70E
:10CD60009CF804E07B0AAEEB0606B34228BF3346CC
:10CD700091424FEA432609D801EB030E964582BF44
:10CD80004FF0FF328CF82450CCF830200268556AFE
:10CD90004246A847D8E7E369934205D2E261A37807
:10CDA00063F07F03A37003E0034B1B68002BF6D1F5
:10CDB0004846BDE8F08700BFCC220020411E00F1AC
:10CDC0000A030020C20142EA500011F8012F52FA72
:10CDD00080F09942C0B2F5D1704710B549010446C0
:10CDE000FFF772FD28B120460021BDE81040FFF793
:10CDF0004CBD10BD2DE9F04F054616460746884646
:10CE000099460FCD8DB003AC0FC40FCD0FC42B6866
:10CE10002360336873600023B38101244C4530D80C
:10CE2000A8EB040189B203A8FFF7D7FF824618B91F
:10CE300000200DB0BDE8F08F0025EAB2514638461B
:10CE400000F04CFBB38983463BB9D6E901239A42F3
:10CE500003D1B0FA80F04009EBE7304600F00BFE5A
:10CE60000190584600F0B8FE019B8346184600F03A
:10CE7000B3FE8345DCD101350D2DDED10134E4B2A2
:10CE8000CCE70120D5E72DE9F04F05461446894649
:10CE90001F460FCD8DB003AE0FC60FCD0FC62B684A
:10CEA000336004F11600FFF789FF002623686360F2
:10CEB0008046A68101254FF00F0ABD4245D8A9EB57
:10CEC000050189B203A8FFF788FF00283ED0059A24
:10CED00092F82430BD4243F0010382F824304FF031
:10CEE00000010CBF45F040032B46037080F80BA0F7
:10CEF000017380F80D80418300F1010BA089A8B96E
:10CF0000D4E901239A4211D1B6B10136F6B24FF6F7
:10CF1000FF700429CBB211D8ABF8000001310D2904
:10CF20000BF1020BEAD10135EDB2C6E720460191C3
:10CF300000F0A1FD0199ECE70126EAE70A2B94BF76
:10CF4000ABF80300ABF80500E8E701200DB0BDE841
:10CF5000F08F02462DE9F04352F8163B87680546EC
:10CF600000F12101202002F8010B9142FBD1187839
:10CF70002E3818BF01201E4613F8012B2E2AFAD096
:10CF80007A1EB242964603D912F801392E2BF8D1F7
:10CF900000224FF0070C114690464FF00809BE42A0
:10CFA00051D233782E2B07D1B64513D14FF00A0C4E
:10CFB00008244FF010093BE0222B0BD07C2B09D02A
:10CFC000A3F15B04022C05D9A3F12A04052C06D891
:10CFD0002D2B13D0614513D800205F2321E0A3F14E
:10CFE0003A04052C03D9A3F121045D2C06D903F0E2
:10CFF000C003802BEED10C46002019E0614507D913
:10D00000BCF10A0F1ED0B6451CD30EF1FF36F2E775
:10D01000A3F16104192C0ED8203B49EA0202DBB2CD
:10D02000D2B24C1CE4B22944062C8B7500D82C7566
:10D0300001362146B3E7A3F14104192C98BF49EA10
:10D040000808EEE70020AB7D202B11D030B118EAA4
:10D05000020F18BF02226A75BDE8F0832A7DAB1863
:10D0600001217E2269759A753122DA750846F3E747
:10D070000020F1E72DE9F0470E7D80460D46622441
:10D0800000274FF07E0901F1160A06F0D7FC032EA7
:10D0900028BF03263844331D87B2DBB207F00F02E6
:10D0A000E918013B092ADBB294BF303237329E4285
:10D0B0008A754FEA1717F1D1AB19002183F8169042
:10D0C0004046FFF701FC01214046FFF7DEFB014629
:10D0D00030B998F80100B0FA80F04009BDE8F08757
:10D0E000037873B1C37A1B07EDD40B22504623F0AB
:10D0F00017FB0028E7D1601E10F0FF04C5D12046C1
:10D10000ECE70120EAE700002DE9F04F2DED028B5E
:10D110008BB00D4604930B78079013F0D00F174691
:10D1200005D100200BB0BDEC028BBDE8F08F079B52
:10D130001B78002BF5D113690D220C33B3FBF2F3EE
:10D14000DBB206937B7D9A071DBF069B03F10109A5
:10D150005FFA89F30123029328468B680593002127
:10D16000FFF7B2FB07F116034FF0000A08EE103A82
:10D17000D0465446D146CDF80CA0D3466E69002166
:10D180002846C6F34F16FFF780FB002878D16B784E
:10D19000002BC6D1049B9A05C3D503F00303013BC2
:10D1A000012BBED8039B002C08BF33460393029B80
:10D1B0009C4216D200212846FFF767FB002840F06A
:10D1C000D2806B78002BACD12846FFF70BFA0028F1
:10D1D000A7D0059B1B7904EB0314029BE4B2A34286
:10D1E000F2D8BBF1000F40F0C180029B03F1FF3980
:10D1F000039B5FFA89FB53FA89F91FFA89F65B46AC
:10D200003A4631462846FFF73EFE002889D031468F
:10D210002846FFF7E2FD0446002882D020220021A4
:10D2200023F0B4FA3B4653F8162F22605A68626026
:10D230001A8922819B7AA3727B7D03F018032373E2
:10D24000514B1B68002B00F099800DF123020DF16A
:10D25000260109A89847BDF824302382BDF826305E
:10D26000E3819DF823306373059B059A93F824307E
:10D2700043F0010382F824306CE04FF0010B7DE7AE
:10D280000278E52A00D08AB9039B002C08BF3346F8
:10D290000393029B9C423CBF0134E4B2002A3FF45A
:10D2A00079AFE52A06D14FF0000967E7029B9C425F
:10D2B00038BF00242E2AF6D0C17A0F2929D1B9F11E
:10D2C000000F1CD1069B02F01F0843457FF456AFA8
:10D2D00012F040093FF452AF90F80DA09946B8F112
:10D2E000010F7FF44BAF711C4B463A4689B228467A
:10D2F000FFF780FD002808BF4FF000093EE708F166
:10D30000FF385FFA88F84245CDD1427B5245E6D0DE
:10D31000C9E70B07C7D4B9F1000F0AD0B8F1010F64
:10D320007FF4FFAEFFF74AFD50457FF4FAAECB46DF
:10D330000CE018EE101A0B2223F0F2F900287FF40B
:10D340001DAF97F815B01BF0010B96D1049B190582
:10D350003FF5E7AE049B0798CDF800B0324629466A
:10D36000FFF702FBDEE60134E4B220E73946284647
:10D37000FFF780FE00287FF438AFD2E645F6212380
:10D380002382238363826FE7CC220020F7B5144603
:10D390001E46084611F8013B202BFAD00025204FED
:10D3A00020602561037843B32F2B26D001AA011DED
:10D3B00000F0CEFB90B3019AB2F5803F34BF012359
:10D3C00002237F2A1D4415D81F2A27D9D3B2A3F1DF
:10D3D0002201C9B21D2903D827FA01F1C9071DD4BA
:10D3E00003F0BF033C2B19D05C2A17D02E2AD9D0CA
:10D3F000202AD7D02561A060D4E72369013BFE2B0A
:10D400000CD8024610F8013B202BFAD02F2BF8D075
:10D4100032602046FFF79DFD03B0F0BD0020FBE722
:10D42000012100312DE9F0418AB00023ADF804302C
:10D430008DF8063083789A07044607D5016A39B912
:10D4400001212046FFF706F9054638B9002042E0E1
:10D45000806800F01EFA0028F2D1F7E7FFF7AEFC73
:10D46000E5262E70002307462370A068A370FFF7FF
:10D470008BF80028EAD0E3786BB3214601A8FFF7C8
:10D4800013F90028E2D00125E3785FFA85F84345D7
:10D49000DCD3A188491B89B201A8FFF79EFC0028B4
:10D4A000D4D0C37A0F2BD1D1027802F01F034345A9
:10D4B000CCD1437BBB42C9D10670A16891F824301E
:10D4C00043F0010381F8243001355306ADB2DBD5BA
:10D4D000A068FFF759F80AB0BDE8F081042A04D823
:10D4E00001EB4202B2F8010070470A2A03D801EBAF
:10D4F0004201888870470C2A9ABF01EB4201C88814
:10D50000002070472DE9F04104780D469046B4B3F1
:10D5100014F0C00408D0012A31D92F230B70002346
:10D520004B700120BDE8F0812146FFF793F830B33E
:10D53000074626460822082E3B780BD1202B1AD00E
:10D5400010222E23A4460134444518D205F80C308D
:10D55000E4B20DE0A3F14101192907F1010705D853
:10D56000017B0A42EED02033DBB2EBE7202BE9D17E
:10D5700001360C2EDFD100232B552046D2E70020A8
:10D580002870CFE72DE9F04F8BB0037800250646D1
:10D5900088461746ADF804508DF80650002B62D02F
:10D5A000C37823B9FFF7AEFF0BB0BDE8F08F01469B
:10D5B00001A8FFF779F8002855D0013F44464FF005
:10D5C00001094744F3785FFA89FB5B4541D3B18891
:10D5D000A1EB090189B201A8FFF7FFFB82460028F1
:10D5E00041D0C37A0F2B3ED1037803F01F039B4534
:10D5F00039D14FF0000B5FFA8BF251463046FFF7FE
:10D600006DFFF5B100F5105292B2B2F5806F2AD2DB
:10D61000174BC0F3090003EA8525284300F5803045
:10D6200021463A4600F04BFA0446E0B100250BF1E2
:10D63000010BBBF10D0FDED109F101091FFA89F9C8
:10D64000C0E700F5205292B2B2F5006F06D3002871
:10D65000E6D100232370A4EB0800A5E7B2F5806FA4
:10D6600001D20546E3E7002088F800009CE700BFF0
:10D6700000FC0F00FFF786BF037A022B08BF42F0C1
:10D68000020200F50D7000F0D0B901292DE9F0413A
:10D6900006460C46174603D84FF0FF30BDE8F08130
:10D6A000C3698B42F8D3C379202B12D18169002240
:10D6B00001EBD411FFF7E0FF0028EDD0A40004F443
:10D6C000FE740359F2699A4226BF3B600120002094
:10D6D000E4E7102B0DD18369C1F30721002219441F
:10D6E000FFF7CAFF0028D7D0640004F4FF74035B7F
:10D6F000E8E70C2BD0D1C1F34E0818FA81F8816904
:10D700001FFA88F5C8F34628884400224146FFF7EF
:10D71000B3FF0028C0D0C5F30803C55C0133B3F5DF
:10D72000007F08D1002208F101013046FFF7A4FF75
:10D730000028B1D00023C35CE20745EA03234CBFB5
:10D740001B11C3F30B03BDE701292DE9F04180460E
:10D750000C46154602D80020BDE8F081C3698B4213
:10D76000F9D3C379202B0DD18169012201EBD411AA
:10D77000FFF782FF0028EED0A40004F4FE740551E8
:10D780000120E9E7102B0DD18369C1F307210122A4
:10D790001944FFF771FF0028DDD0640004F4FF7422
:10D7A0000553EDE70C2BD6D1C1F34E0717FA81F7DD
:10D7B0008169BEB2C7F346270F4401223946FFF7FD
:10D7C0005BFF0028C7D0C6F3080314F001041FBF95
:10D7D000C25C02F00F012A0102F0F00200EB030626
:10D7E00003F101030CBFEAB20A43B3F5007F3270C4
:10D7F00007D10122B9184046FFF73EFF0028AAD002
:10D8000000232D09C11814B1EDB20D70B8E7C25C48
:10D81000C5F3031522F00F021543F6E72DE9F34196
:10D82000C4688C4205460E46904601D3012701E0AC
:10D830000C460027EB690134A34202D2C7B9EC6859
:10D84000F4E7A64214D001AA21462846FFF71DFF9F
:10D8500000280DDBEED0019B002BEBD107B1EC6073
:10D860006FF0704221462846FFF76EFF074620B949
:10D870000027384602B0BDE8F08116B9C8F800406C
:10D88000F7E7224631462846FFF75EFF0028F5D12C
:10D89000EEE773B505460C4601AA21462846FFF778
:10D8A000F4FE061E10DB002221462846FFF74CFF3F
:10D8B00050B1EB68A34284BF04F1FF34EC60019CDB
:10D8C000002EE9D102B070BD0020FBE7F8B5044698
:10D8D0001D4600230160C3710120E0604FF0FF305E
:10D8E00004F12407A16284F824302063C4F83812BC
:10D8F00084F83432C4F840021646CAB1042A01D969
:10D900000020F8BD1A461946384600F08EF8002867
:10D91000F6D006F18052013A00F5DF70130100EBFA
:10D92000021211790029EBD0C35C5B06E8D195683F
:10D9300000222946384600F078F80028E0D0037C21
:10D940005A1E012ADCD8B0F80B20B2F5007FD7D1DF
:10D950002372467B2671721E62710022A271092712
:10D960000122964207D0013FCAD0A179520001316D
:10D97000A171D2B2F5E7C28A22610AB9426A226174
:10D98000C189B0F81120266962812944520106FB41
:10D990000313A16102F2FF12B0F81310236203EB2C
:10D9A0005223636101B9016AED1A0D44A179CD409A
:10D9B0006B1CE36140F6F4739D4206D80C23E371BF
:10D9C000E662C4F83C6201209BE74FF6F4739D4287
:10D9D00085BFC36A236210232023F0E773B5037861
:10D9E000DA0704461FD54068E168036804F11002B5
:10D9F00001921B6A9847019A054618B900252846E6
:10DA000002B070BD23789B0704D4237823F0010370
:10DA10002370F4E7201D43C8036831441B6A98470C
:10DA20000028F2D1EAE70125E9E7436870B504462A
:10DA30000E4615460BB9002070BDC3688B4208D056
:10DA4000FFF7CCFF0028F6D06B070AD50023237020
:10DA5000E660227805F003052046154300F8105BC8
:10DA6000EAE76068036804F110021B6931469847D1
:10DA70000028EBD1DFE7838913B5044623B10022E8
:10DA80008281184602B010BDD0E901018842F8D267
:10DA900001AA00F05DF810B94FF6FF73F1E760607E
:10DAA0000198B0F5803F83B2EBD3C3F30903A3F52C
:10DAB0001053A381830AA3F521539BB2E1E77F288A
:10DAC000A2EB010205D812B10A4602F8010B10467A
:10DAD0007047B0F5006F0DD2012A37D983090A4685
:10DAE00000F03F0063F03F0360F07F0002F8023B6C
:10DAF0004870ECE7B0F5803F11D2022A26D9030B1B
:10DB000063F01F030B70C0F3851300F03F0063F058
:10DB10007F0360F07F004B70CA1C8870D7E7032A30
:10DB200014D9830C63F00F030B70C0F3053363F05B
:10DB30007F034B70C0F3851300F03F0063F07F0359
:10DB400060F07F008B700A1DC870C0E70022BEE73E
:10DB5000884230B505463AD2037890F90000002893
:10DB600002DB1360681C30BD03F0E000C0281ED14A
:10DB700003F01F0302242819884228D8013515F81C
:10DB8000011B01F0C004802C21D101F03F0185422E
:10DB900041EA8313F3D10F49A3F180048C4216D8D4
:10DBA000A3F55841B1F5006F11D31360DBE703F023
:10DBB000F000E02803D103F00F030324DBE703F0B8
:10DBC000F800F02803D103F007030424D3E7002072
:10DBD000C9E700BF7FFF10007E2830B508D8A0F14C
:10DBE0006103192B94BF20230023C01A80B230BDDB
:10DBF0001F4935250023EA1A012A08D903EB5202EE
:10DC000031F8224084428CBF15461346F3E79AB29E
:10DC100031F82230984205D301EB8202C31AD17841
:10DC20008B420EDB13494B240023E21A012A16D93A
:10DC300003EB520231F8225085428CBF1446134642
:10DC4000F3E792F90220012A02D103F00103CCE7A5
:10DC500012B192B21044C9E74EF2A032FAE79BB279
:10DC600031F82320824204BF01EB83035888BEE7CA
:10DC7000ECC90300C0C8030008B50848FCF76CFEF7
:10DC800006480F21FCF78AFD04480121FCF76EFDD0
:10DC9000BDE8084001480221FCF76FBD301F00209D
:10DCA00010B504460121807806F068FBE078012178
:10DCB00006F064FBA078002106F0A4FBE0780021C8
:10DCC000BDE8104006F09EBB8378FF2B01D1FFF723
:10DCD000D3BFFFF7E5BF10B504460021807806F0FA
:10DCE0004DFBE0780021BDE8104006F047BB000086
:10DCF00010B50446806822F07DFCA378FF2B04D188
:10DD00000448FCF7FCFC204610BD2046FFF7E3FF6B
:10DD1000F9E700BF301F002070B505460C46092604
:10DD2000013E16F0FF0615D023064CBF012100214D
:10DD3000A87806F067FBE878012106F063FB00BFD6
:10DD400000BF0021E87806F05DFB00BF00BF640063
:10DD5000E4B2E5E770BD00002DE9F84384680646AB
:10DD6000002C00F09080837805880779FF2B4FF016
:10DD7000040847D1DFF814910021484608F1FF3824
:10DD8000FCF711FD18F0FF08F6D1337903342BB3FB
:10DD9000DFF8F890FF214846A4F10308FCF703FDE3
:10DDA00018F8011B11FB07F1090A4846FCF7FBFCB8
:10DDB000A045F5D1013DADB20334002DEAD1334D7C
:10DDC00000243288E3B20F32B3EB121F04F10104D6
:10DDD00059DAFF212846FCF7E6FCF2E7DFF8AC80D1
:10DDE000FF214046E71EFCF7DEFC17F8011B40460A
:10DDF000FCF7D9FCA742F8D1013DADB20334002DA8
:10DE0000EED1DCE70021304608F1FF38FFF784FF50
:10DE100018F0FF08F6D13379033413B3FF213046ED
:10DE2000A4F10308FFF778FF18F8011B11FB07F1B5
:10DE3000090A3046FFF770FFA045F5D1013DADB2AC
:10DE40000334002DEAD100243288E3B20F32B3EB61
:10DE5000121F04F1010416DAFF213046FFF75CFFC0
:10DE6000F2E7FF213046E71EFFF756FF17F8011BC8
:10DE70003046FFF751FFA742F8D1013DADB2033460
:10DE8000002DEED1DFE7BDE8F88300BF301F002092
:10DE9000034680681A88197B5B7B994206BFD31CB6
:10DEA00002EB930202EB4202002122F06FBC38B574
:10DEB000044680680D4622F09DFB227B637B9A42DC
:10DEC00006BFE81C05EB900005EB450080B222F090
:10DED00089FBA06028B125802046BDE83840FFF7C7
:10DEE000D7BF208038BD38B59DF81050C3700023CF
:10DEF0000371836005F003030373C5F38103C5F366
:10DF000001150446827043738573FFF7D0FF2046E6
:10DF100038BD03888B4210B50BD9836801EB4101F2
:10DF20001944037B140CCC54437B140ACC54837BDC
:10DF3000CA5410BD013101717047000030B50F4C5B
:10DF400000230133DDB2A94204D914F8015B2A444D
:10DF500092B2F6E7022903D9830704BF013292B2D5
:10DF600000EBC001C31C00EBC10000EB80000138D6
:10DF700000EB9300104480B230BD00BFC6CA03005E
:10DF800003784078303BDBB20A2B28BF002303EB39
:10DF90008303303800EB4300C0B27047224A3C2371
:10DFA0000A44F0B5B2FBF3F4B4FBF3F103FB142223
:10DFB000427103FB114318220371B1FBF2F302FB20
:10DFC0001312C27000229BB2027040F26D164FF61F
:10DFD0009364027812F0030513BF37464FF4B77706
:10DFE00001210021BB4205D3611A0B4401329BB2CF
:10DFF0000270EEE701220D4E427042780B2A0FD8D4
:10E00000B11811F8011C1DB9022A04BF0131C9B2AF
:10E0100099428CB204D81B1B01329BB24270ECE7D0
:10E0200001338370F0BD00BF80BC92C7C6CA030035
:10E03000B1F5FA6F83709DF80030C37028BFA1F569
:10E04000FA619DF80430037128BF89B29DF8083049
:10E05000017042704371704730B50D4685B004467B
:10E060000868496801AB03C32889A97A18809970A8
:10E070000DF10D00FFF784FF9DF804302070413B47
:10E08000122B16D8DFE803F032151546153015159A
:10E09000150A151539444215151540009DF805302F
:10E0A000612B1FD09DF806306E2B0CBF0623072373
:10E0B000637002A8FFF764FFA0701068516801AB9D
:10E0C00003C301A8FFF75CFFE0700DF10700FFF745
:10E0D00057FF20710DF10A00FFF752FF60712046D3
:10E0E00005B030BD0123E3E70223E1E79DF80630E8
:10E0F000722B0CBF04230823DAE79DF80630722B3D
:10E100000CBF03230523D3E70923D1E70A23CFE775
:10E110000B23CDE70C23CBE708B582784178007854
:10E12000FFF70CFF07230630B0FBF3F3C3EBC30389
:10E13000C01AC0B208BD00002DE9F74F8B46064655
:10E14000002490495846A04624F072FB20B98E491D
:10E15000584624F06DFB70B1F478002C00F0C480B8
:10E160000C2C04D00B2C40F2C4800C3CE4B24FF0D9
:10E170000109C84600E0A1460A25B4FBF5F000F10C
:10E18000300705FB1044FBB2303400937F4FE3B2FD
:10E1900001935C464FF04D0A584624F02FFBA4EB48
:10E1A0000B0C0138604540F2E8802078682813D1D4
:10E1B0006078682823D1B9F1000F40F09F80F07893
:10E1C000B0FBF5F03030207096F803C0BCFBF5F0E2
:10E1D00005FB10C03030607020786D280FD160785A
:10E1E0006D281FD13079B0FBF5F03030207096F8F3
:10E1F00004C0BCFBF5F005FB10C030306070207827
:10E2000073280FD16078732826D17079B0FBF5F0B0
:10E210003030207096F805C0BCFBF5F005FB10C04F
:10E22000303060702078442816D1607844282AD194
:10E23000A078442867D13046FFF76EFF00B2544BF8
:10E2400000EB400003EB000C185C20709CF8010010
:10E2500060709CF80200A07020784D2813D160787F
:10E260004D2833D1A0784D2870785AD1013800EB71
:10E27000400007EB000C385C20709CF801006070D7
:10E280009CF80200A070207859281FD16078592886
:10E290001CD1A078592851D1E07859284ED14FF09F
:10E2A000320323704FF0300363703078B0FBF5FC1D
:10E2B000BCFBF5F005FB10C03030A07096F800C034
:10E2C000BCFBF5F005FB10C03030E0702078412831
:10E2D00046D16078502805D1B8F1000F00D02070E9
:10E2E00084F801A0013457E7A0464FF001090C243F
:10E2F00042E74FF001094FF000083DE7009B237013
:10E30000019B637068E7B078B0FBF5F030302070A7
:10E3100096F802C0BCFBF5F005FB10C03030607011
:10E320009AE7B0FBF5F03030207096F801C0BCFBE6
:10E33000F5F005FB10C030306070A4E73078B0FB1A
:10E34000F5FCBCFBF5F005FB10C03030207096F8F2
:10E3500000C0BCFBF5F005FB10C030306070B5E7C5
:10E360006128BFD160787028BCD1B8F1000F00D00F
:10E3700020704FF06D036370B4E7584603B0BDE8FA
:10E38000F08F00BFC0CA0300C3CA0300D1CA030094
:10E39000F6CA030010B50446827841780078FFF78A
:10E3A000CDFDE378182202FB00302379044A3C219A
:10E3B00001FB00336079024401FB032010BD00BF64
:10E3C00080436D3838B5044615460846FFF7E2FF2E
:10E3D000296801442046FFF7E1FD204638BD016071
:10E3E000704700000B7903F03F024B7903F03F03C5
:10E3F00043EA8213CA7802F01F0243EA02338A78A2
:10E4000002F01F0243EA42434A7802F00F0243EA55
:10E4100082530A7843EA8263034A9361034B11698A
:10E420001942FCD1704700BF002400406F980F00D4
:10E430007FB514490B886FEA43436FEA53439BB29D
:10E440000B80044648F203030A691A42FCD18E6924
:10E450008D6988698B698A69896906F03F06C5F309
:10E460008515C0F304300090CDE90156C3F3444351
:10E47000C2F38352890E2046FFF7DAFD204604B02E
:10E4800070BD00BF00240040012926D8137903F095
:10E490003F00537903F03F0343EA8013D07800F044
:10E4A0001F0043EA0033907800F01F0043EA404326
:10E4B0005078127800F00F0043EA805343EA8263F9
:10E4C000081D064A42F83030134619B91A699106F8
:10E4D000FCD470471A695206FCD4704700240040EF
:10E4E00001290BD8064B043103EBC101087962F313
:10E4F000020008711A6912F0600FFBD1704700BF6B
:10E5000000240040014B1960704700BFD02200205A
:10E51000024A536943F4087353617047000800408E
:10E520000C4BDA69D96921F40041D961D969C2F388
:10E5300005220A43DA61DA6922F00202DA61DA6955
:10E5400042F00402DA61DA6942F40042DA61002240
:10E550001A74704700140040064A138823F002031F
:10E560001B041B0C138048F2030311691942FCD1F0
:10E57000704700BF00240040054B1A8892B242F059
:10E5800002021A8048F2030219691142FCD1704755
:10E5900000240040044B1A8892B242F001021A8013
:10E5A0001A69D207FCD4704700240040054A13883A
:10E5B00023F001031B041B0C13801369DB07FCD43D
:10E5C000704700BF002400402DE9F0410546FFF7E9
:10E5D000A7FF264B1C8814F008041CBF9E69012469
:10E5E000FFF796FFFFF7B8FFFFF7D4FF1F4B204957
:10E5F00040F608321A801A690A40FCD11D491B4FA7
:10E600004FF40060086081F80B23598989B241F406
:10E610008071598193F8241062F3020183F8241069
:10E62000598989B241F40071598193F82C1062F331
:10E63000020183F82C100E4BB8463A691A42FCD1FD
:10E640002846FFF799FFFFF7B1FF4CB146B1BE6115
:10E650000649074B0A691A42FCD10120BDE8F08146
:10E660004FF48403C8F81830F2E700BF00240040DC
:10E670006F980F0000E100E00D4B1A6870B5B2B161
:10E680000C4DAC89A98904F480768905C4F3002473
:10E6900048BF44F002042046904716B14FF48073FF
:10E6A000AB81A30742BF034B4FF400729A8170BD48
:10E6B000D02200200024004008B540F20142054964
:10E6C000054800F00DF8054B00221A7083F802246B
:10E6D00008BD00BF00E00300D8260020D42200209F
:10E6E00070B5094E094DB368C3F3024355F8235082
:10E6F0000560B36842619BB243606B4383609B09D2
:10E70000C0E9033170BD00BF0040004100000400BB
:10E710002DE9F04F204E348803336FF305149346F0
:10E720009B083480B6464AF215584AF203598BB317
:10E73000AEF80480348AE407FCD55C460025026804
:10E74000B5EB920FA34601EB850CA3EB050A17D29C
:10E75000AB4204F104041BD014F8042C62F3070745
:10E7600014F8032C62F30F2714F8022C62F31747F6
:10E7700014F8012C62F31F67CCF800700135DEE756
:10E780005346AEF80490318ACA07FCD56146CEE7FD
:10E790000023F6E7BDE8F08F00400041044B4AF249
:10E7A000015259619A801A8AD207FCD5704700BF7E
:10E7B0000040004110B51446C368A34205D2FFF7DC
:10E7C000EDFFC3681944E41AF6E7BDE81040FFF70F
:10E7D000E5BF10461A4621F0B1BF000001460148CE
:10E7E00000F058BA1027002000214FF0FF3002F04F
:10E7F00015BC38B500F0EAF800240546E0B28542C1
:10E8000003D900F095FD0134F8E738BD70B592B03A
:10E810001E460C4615460021422201A821F0B6FFF3
:10E82000412E5CD940F60832ADF8042040F20222B5
:10E83000ADF8082040F20942ADF80C20631C40F20C
:10E840000122DBB22748ADF8102005228DF81520F3
:10E850008DF81E30242208908DF8273040F2246075
:10E860008DF831300A238DF81620ADF824001E4AA9
:10E870001E488DF8343040F2075306920A90012268
:10E880000820ADF83830402302218DF81C208DF887
:10E890002C0004224FF411608DF83C3007238DF8D2
:10E8A00007108DF812108DF81F20ADF82E008DF88E
:10E8B00030208DF833108DF83B108DF83F30422218
:10E8C0000B4B8DF8064001A928468DF80E408DF8B7
:10E8D0002640109321F032FF422012B070BD00207C
:10E8E000FBE700BF24020205200105240705800381
:10E8F00005800240A0F11000FFF788BF07B503684C
:10E900008DF807105B6801220DF10701984703B0ED
:10E910005DF804FB10B5007EFF2807D000F0D8FC9E
:10E92000044608B905F0D2F8204610BD0020FCE7E7
:10E9300007B5007EFF2804D14FF0FF3003B05DF82B
:10E9400004FB0DF1070100F0E9FC0028F4D09DF86C
:10E950000700F3E707B5007EFF280AD001220DF17A
:10E96000070100F0C1FC20B19DF8070003B05DF87D
:10E9700004FB4FF0FF30F9E7007EFF2801D000F0E4
:10E98000D7BC7047007EFF2801D000F031BD0020C9
:10E990007047F8B5037EFF2B06460F46144612D08B
:10E9A00015465DB1307E00F06FFC38B12A4639461D
:10E9B000307E00F0FDFC2D1A074401D1601BF8BD2C
:10E9C00005F084F8EDE70020F9E70000014B187826
:10E9D000704700BF0C27002000224FF47A71C0E975
:10E9E00001214261044A02F1080130320261FF2232
:10E9F00001600276704700BF30000400037EFF2BE9
:10EA00000CD1074A13784BB901210376054B1170DD
:10EA1000436100F11001044800F0E2B8704700BF04
:10EA20000C270020200004001027002007B549B95A
:10EA300040B9694600F03EFC009BB3F5966F01D1EA
:10EA400000F0A6FB03B05DF804FB00000148FFF7EF
:10EA5000C3BF00BFF0260020F0B5054600200446E5
:10EA60002B5D2E19002B68D003F14002D2B2012A8F
:10EA70003DD9F42B3BD81A061BD40122A3F55846E6
:10EA8000B6F5006F33D3B3F5803F14444FD31E283F
:10EA900053DCA3F5803342009E0A0A44C3F3090302
:10EAA000A6F52056A3F5105321F8106002305380CC
:10EAB000D6E703F0E002C02A1BD103F01F030222B5
:10EAC00006F1010C16441CF8017B07F0C00EBEF1E4
:10EAD000800F0CD107F03F07664547EA8313F2D158
:10EAE000022A16D1A3F18006B6F5F06FC6D3013421
:10EAF000B6E703F0F002E02A03D103F00F0303228C
:10EB0000DEE703F0F802F02AF1D103F00703042254
:10EB1000D6E7032A04D1A3F50066B6F5784FE5E7FA
:10EB2000A3F58032B2F5801FE1D20422A6E72028A7
:10EB300003D021F81030013092E7F0BDF0B5234B3F
:10EB400089B003AA044603F11007154618685968EE
:10EB5000164603C60833BB423246F7D11B883380C2
:10EB60000FCD26460FC61A4A2B68106851683380AD
:10EB70006B4603C36B4603CB137A84F82030154BE6
:10EB8000C4F818314FF48073A4F81C3104F118054F
:10EB90000123A061E16184F81E316561202200211A
:10EBA00004F5987021F0F2FD40F20943C4F82031D9
:10EBB000094BC4F82431094BC4F828310023C4F8A8
:10EBC0002C31042384F8503109B0F0BD71000400E9
:10EBD0008300040009000001640004006A000400CE
:10EBE000F8B50E464569B0F81811B0F81A31326818
:10EBF0000D445B1A176890F81C1104469BB22A4614
:10EC00003046B84708B90020F8BD726829188D420F
:10EC100033D26B78042B1BD1EE78A6B994F81C3153
:10EC2000013384F81C3172B194F850310B2B0AD89F
:10EC300003F1480744F827202B7294F85031013330
:10EC400084F8503132462B78002BDCD01D44DEE7AF
:10EC5000052BF8D195F90230002BB5BF94F81D3182
:10EC600094F81E315E1C5E1CB4BF84F81D6184F8EC
:10EC70001E61AE783343AB70E5E7B4F81831184441
:10EC8000636980B2A4F81801588094F81C211A71A5
:10EC90000120B9E770B504460D460126FFF74EFF87
:10ECA00040F2EF23A3804FF4E1310448A671FFF74F
:10ECB000A5FE284600F026FA304670BDF02600205A
:10ECC0002DE9F041D0F82C5188B08C1C002D3BD19F
:10ECD000684600F061FA224603462C46E1B28B42B8
:10ECE00002F104022BD91B4D04AF05F110083E467A
:10ECF000C64628686968BC46ACE803000835454547
:10ED00006746F6D11DF80470124D07F00F0108A8F0
:10ED1000014411F8101C22F8021C28686968B446E6
:10ED2000ACE80300083575456646F6D108A901EB45
:10ED30001717013417F8101C22F8041CCEE75800EE
:10ED4000C0B208B0BDE8F08121462846FFF784FE36
:10ED5000F6E700BF5219040010B5044679B1032943
:10ED60001BD090F850318B421CD901F1480300F5BB
:10ED7000AA7150F82300FFF76FFEC0B204E0D0F88C
:10ED80002031A0F8543101200130400040F440709F
:10ED9000A4F8520104F5A97010BD00F5A971FFF7A0
:10EDA0008FFFF1E70020F7E70048704710270020A9
:10EDB000014B5869704700BF102700200A460146E2
:10EDC0000148FFF7C9BF00BF10270020024B53F8CE
:10EDD000200000B100697047A428002030B4054627
:10EDE000084C54F82540084611461A46BDF808302C
:10EDF00024B1646914B1A44630BC6047002030BC23
:10EE0000704700BFA428002030B40546074C54F8D2
:10EE10002540084611461A46BDF8083024B1A469B9
:10EE200014B1A44630BC604730BC7047A428002011
:10EE300070B586B01E460D4614460021172268465E
:10EE400021F0A4FC162E2BD940F20943ADF8003076
:10EE5000144B019307238DF8093005238DF80A30F0
:10EE600044F20203ADF80C300F4B049340238DF8AD
:10EE700002508DF8143022466B4604AD1C4603CC7C
:10EE8000AC4210605160234602F10802F6D12068BE
:10EE90001060A188A37993719180172006B070BD8E
:10EEA0000020FBE7020806500705800210B5074B5B
:10EEB0000360002101230446416080F8603058223D
:10EEC000083021F063FC204610BD00BFA400040000
:10EED00010B52C2404FB0101C1E90823029B8B62BD
:10EEE00010BD10B52C2404FB0101CA620B8610BDB5
:10EEF0002C2303FB010080F83220704710B52C242E
:10EF000004FB0101C1E90223029B0B6110BD00005B
:10EF100010B5014604460348FFF762FE08B1024BF4
:10EF20001C6010BD10270020AC280020024B186880
:10EF300008B190F860007047AC2800202DE9F84334
:10EF40001F461F4B0446186889469046002834D057
:10EF50002C2303FB04001B4B066A456A846A002EBF
:10EF600008BF1E46184B002D08BF1D46174B3046E4
:10EF7000002C08BF1C4623F041FC082802463146FD
:10EF800028BF0822484621F0D9FB284623F036FC4A
:10EF900010280246294628BF1022404621F0CEFB09
:10EFA000204623F02BFC042802462146384628BF81
:10EFB0000422BDE8F84321F0C1BBBDE8F88300BFDF
:10EFC000AC280020288D03008C000400318D030044
:10EFD00070B50D4E34680546A4B12C2303FB0044E4
:10EFE000636913B1984784F8320032682C2303FB1D
:10EFF000052393F832402CB923463A2202212846B1
:10F0000000F04AFF204670BDAC280020054B1B686D
:10F0100010B533B12C2404FB0030C36A0B60038E9F
:10F02000138010BDAC28002008B520220023052144
:10F0300000F032FF4FF0FF3008BD000030B404464E
:10F04000084611461A46064B1B6833B12C2505FBB2
:10F050000434E3690BB130BC1847012030BC704761
:10F06000AC28002030B4044608461946074B029AE3
:10F070001B6833B12C2505FB0434A3680BB130BCED
:10F0800018474FF0FF3030BC704700BFAC2800205D
:10F0900030B4044608461946074B029A1B6833B140
:10F0A0002C2505FB0434E3680BB130BC18474FF046
:10F0B000FF3030BC704700BFAC280020044B1B68F9
:10F0C0002BB12C2202FB0030036903B118477047B3
:10F0D000AC280020054B1B682BB12C2202FB003012
:10F0E000836903B118470120704700BFAC28002096
:10F0F000002002F033BDFFF7FBBFFFF7F9BFFFF7BA
:10F10000F7BF00001E4B9A6942F001029A611A692A
:10F1100042F480621A611B4B93F8582042F00102BE
:10F1200083F8582093F83C2002F0F00283F83C204A
:10F1300093F83C2042F0070283F83C2093F85920D2
:10F1400042F0010283F8592093F83C2002F00F02AC
:10F1500083F83C2093F83C2042F0700283F83C2076
:10F16000094B4122C3F8A820084B002083F8500324
:10F1700083F8510383F8520383F8530301F0A2BDCF
:10F180000008004000800041001C004000E100E059
:10F19000FA2003F091BD000030B50A4B05460FCBB5
:10F1A00085B06C4684E80F0005F1100254F8043B6A
:10F1B0001B681BBA45F8043B9542F7D1102005B0F7
:10F1C00030BD00BFA800040000487047B80004002C
:10F1D00070B51A4E33680D4611466BB3012D01D040
:10F1E000012070BD1478C4F34114012C13D0022CFB
:10F1F00022D15278012A07D0022AF1D18B88072B1D
:10F200001AD10F4A138902E0DA69AAB11378BDE86E
:10F21000704002F04BBA5278222AE1D14A88003A73
:10F2200018BF01221A7602F029FA3268136A002BFD
:10F23000D6D0107E9847D3E70020D2E7B028002030
:10F24000380E002070B500F110050446284601F084
:10F250004BFC3F2815D9E178002001F047FE80B132
:10F26000284601F041FC3F28E17807D904F50A72ED
:10F270004023BDE87040002001F054BE002001F0A2
:10F2800043FE002070BD000010B5044601F00AFDE9
:10F2900008B9002010BD01F00DFD0028F9D1044887
:10F2A0004FF42A7303FB0404207900F00100F1E716
:10F2B000B4280020054B4FF42A7202FB00339868F3
:10F2C00008609A899B7B8B718A807047B4280020E4
:10F2D00008B5044B4FF42A7202FB0030103001F0E5
:10F2E000DAFB08BDB42800204FF42A7358430A4BB8
:10F2F00070B54FF6FE764FF6FF741D18B24288BF08
:10F300002246103092B2184401F012FC04462846FE
:10F31000FFF798FF204670BDB4280020034B4FF440
:10F320002A7202FB0030103001F018BCB428002013
:10F330002DE9F041044601F0B5FC10B90020BDE80C
:10F34000F08101F0B7FC06460028F7D14FF42A718E
:10F35000154D4C4304F11C08A844404601F09BFBAA
:10F360000028EBD02F193046B97801F0BFFD0028F6
:10F37000E4D004F51A74254429464022404601F0A1
:10F38000D7FBB978044658B103462A46304601F007
:10F39000C9FD38B9054B1B68DB07CFD500BECEE7EA
:10F3A00001F0B2FD2046CAE7B4280020F0ED00E0ED
:10F3B0000E4B70B54FF42A7404FB003405464FF62B
:10F3C000FF734FF6FE70824288BF1A461C3492B219
:10F3D000204601F0EDFB0646204601F05CFB3F288D
:10F3E00002D92846FFF7A4FF304670BDB42800209C
:10F3F00008B5044B4FF42A7202FB00301C3001F0B8
:10F4000073FB08BDB428002013B5134C4FF42A72C7
:10F410000021204621F0BAF9FF2363714FF4E13354
:10F42000A36008220023A381A273009304F12801A2
:10F4300001234FF4807204F1100001F019FB012345
:10F4400000934FF4807204F5947104F11C0001F0F4
:10F450000FFB02B010BD00BFB428002010B5094C4E
:10F4600000232360237104F110001C3401F0A6FB7B
:10F47000204601F0A3FB20460121BDE8104001F029
:10F48000A2BB00BFB4280020F7B54B79022B07467A
:10F4900003D00025284603B0F0BD8B79022BF8D1AC
:10F4A0001F4EB3787BBB8B7833700C7809250C44E6
:10F4B00003E023781D44ADB21C446378242B1BD198
:10F4C0009542F6D96378042B12D163790A2B0FD1B8
:10F4D000144B267801930133009302231A46A11995
:10F4E000384601F0CFFC70B10E3516FA85F5ADB295
:10F4F0000B48FFF7A7FECDE7052BE3D121463846A1
:10F5000001F09EFC28B9084B1B68DB07C1D500BE83
:10F51000BFE7A378737023781D44ADB21C44D1E7D4
:10F52000B4280020B6280020F0ED00E038B50B46E6
:10F530001146127802F06002202A47D1244A8C88B2
:10F540001578A54242D14C78203C032C3ED8DFE808
:10F5500004F002141731012B05D11E4A072302F0D3
:10F56000A5F8012038BD032BFBD11B4B002BF8D095
:10F5700018490020AFF30080F3E7012BF1D1ECE74D
:10F58000012B02D102F07AF8EBE7032BE9D14C888A
:10F590001248147104F0010585F0010101F013FB1C
:10F5A0000F4B002BDDD0C4F3400229460020FFF7AB
:10F5B0003DFAD6E7012BE5D0032BD2D1094B002B26
:10F5C000CFD049880020AFF30080CAE70020C9E708
:10F5D000B4280020BC28002000000000D028002013
:10F5E0002DEA0000000000002DE9F3471C46374BD0
:10F5F000DA788A4207460E461D4607D09B788B4232
:10F6000058D1AB78B34232D001245AE003F50A71E5
:10F6100003F11000A2B201F0CBFA2D4B2BB92D4B08
:10F62000EBB92A48FFF70EFEEBE76B79FF2BF6D01C
:10F6300005F50A794FF0000805F1100AA045EED053
:10F6400019F8013B6A799A4206D1504601F033FA23
:10F6500010B96979AFF3008008F10108EEE71E48A0
:10F6600001F029FA0028DCD1AFF30080D9E71B4B69
:10F6700013B10020AFF300800020FFF759FE0028EF
:10F68000C2D1174801F007FA0028BDD1002CBBD029
:10F6900014F03F03B8D1A9780193384601F026FC55
:10F6A000019B04460028AFD0A9781A46384601F0DD
:10F6B00039FC06E00B4B1C6814F0010401D000BEBD
:10F6C0000024204602B0BDE8F08700BFB428002027
:10F6D0000000000000000000C4280020000000001E
:10F6E000D0280020F0ED00E002484FF48C72002199
:10F6F00021F04CB85C2B00200020FFF7F5BF000084
:10F700002DE9F34713464A79032A81460D4604D072
:10F710000024204602B0BDE8F0870A79C2EBC2049B
:10F720001234A4B29C4223D8284B59781F4629B1E1
:10F7300093F88D30E3B94FF0010800E088462B784C
:10F74000E9184878212813D18C2606FB08F607EB28
:10F75000060ACAF88810E85C731C3B440193B31C8A
:10F760003B44009301440323484601F08BFB28B936
:10F77000174B1B68DA07CBD500BEC9E7AB79012B65
:10F7800004BFEB798AF803308C2303FB08F807EBFE
:10F79000080301221A71AA7807F80820D3F88820F4
:10F7A0009978B2F80720DA800029B2D006F1480231
:10F7B00040233A44484601F0B5FB0028A9D1044B48
:10F7C0001B68DB07A5D500BEA3E700BF5C2B0020AC
:10F7D000F0ED00E013782DE9F74303F01F06012E4A
:10F7E00007460C46154601D0002480E091887D4AEA
:10F7F0001078C9B2884291460AD092F88C208A4289
:10F80000F2D113F060032AD1012C03D001246EE061
:10F810000026F6E76B78062BE6D16B881B0A212BB6
:10F820000ED18C2202FB0696D6F88820002ADBD067
:10F8300013782946384603B0BDE8F04301F036BFDF
:10F84000222BD1D13046FFF7C1FA8C2303FB069659
:10F850000246F3882946384601F028FF47E0202B6E
:10F86000C2D16B78013B0A2BBED801A252F823F01B
:10F870009DF8000097F90000A9F90000E9F70000E1
:10F88000E9F70000E9F70000E9F70000E9F70000F8
:10F890000BF9000069F90000BBF90000012CB5D19B
:10F8A00008234FF08C0C1CFB063CEB886988402B2E
:10F8B0004FEA1122184628BF402011F0FF0109EB42
:10F8C0000C0818D0012B16D9013809F80C1008F1D2
:10F8D000010380B200903046FFF780FA0444A4B2DE
:10F8E00064B9414B1B68DB077FF57EAF00BE204645
:10F8F00003B0BDE8F08343460024EBE723464246CD
:10F900002946384601F0D2FE80E7012C08D1EB8869
:10F91000402B3FF669AF8C2202FB0692483299E7F2
:10F92000032C7FF473AF6988ED884823402D4FF096
:10F930008C044FEA112214FB0634284628BF4020CD
:10F9400011F0FF0109EB040309D0012D07D919F8C3
:10F9500004408C4202BF00F1FF30013380B20090BE
:10F960003046FFF751FA51E7012C7FF44FAF698819
:10F970001E4B8C2202FB0699090A89F805102BB14F
:10F980003046AFF3008000283FF42EAF29463846BA
:10F9900001F074FE3AE7012C7FF438AF8C2202FBB1
:10F9A00006922346053255E7012C7FF42FAF8C22B7
:10F9B00002FB0692234604324CE7012CE6D0032CCE
:10F9C0007FF424AF69880A4B8C2202FB0699C9B2E6
:10F9D00089F80410002B3FF419AF3046AFF30080D4
:10F9E00014E700BF5C2B0020F0ED00E000000000F9
:10F9F0000000000073B5224C0546A078627888426A
:10FA000012D08A4210D094F88E0094F88D2088424B
:10FA100012D0914210D01B4B1B68DA0702D4002091
:10FA200002B070BD00BEFAE7002062788A420CD1B5
:10FA3000154A22B90120F3E78C340120F5E79AB288
:10FA400004F10801AFF30080F4E7A2788A42F1D113
:10FA5000002204F148069BB2114600933346FFF79B
:10FA6000D3F9A17840233246284601F05BFA0028FA
:10FA7000E0D1044B1B68DB07D1D500BED0E700BF47
:10FA80005C2B0020F0ED00E00000000070B500F1FC
:10FA900010050446284601F027F83F2817D9A17819
:10FAA000002001F023FA90B1284601F01DF83F280C
:10FAB000A17807D904F594724023BDE87040002076
:10FAC00001F030BABDE87040002001F01DBA70BDF1
:10FAD00070B500F11C040546204600F0DCFF08B9B3
:10FAE000002070BD6978002001F000FA0028F7D0EE
:10FAF00005F5B47631462046402201F019F86978C0
:10FB0000044658B103463246002001F00BFA38B9DA
:10FB1000044B1B68DB07E3D500BEE2E701F0F4F914
:10FB20002046DEE7F0ED00E037B50E4C00254FF43F
:10FB3000D4720021204620F029FE04F1280100950E
:10FB40000123802204F1100000F092FF00950123B0
:10FB5000802204F1A80104F11C0000F089FF03B029
:10FB600030BD00BFBC4B002010B5084C1022002156
:10FB7000204620F00BFE04F1100001F01FF804F104
:10FB80001C00BDE8104001F019B800BFBC4B0020BC
:10FB90002DE9F0474B79012B8046924603D0002592
:10FBA0002846BDE8F0878B79012BF8D1CB79002B63
:10FBB000F5D10C7823460C446278242A06D15345AB
:10FBC000EDD8227813449BB21444F5E7042AE6D119
:10FBD0006279012AE3D1A279032AE0D1E579002DE7
:10FBE000DDD11E4A577891780F43914630D1A278E3
:10FBF00089F8002026789D19ADB2264410E0B3782C
:10FC0000DA0914BF89F8013089F8023033780137F6
:10FC10001D44ADB21E44FFB233781D44ADB21E4444
:10FC20002379BB4203D80D48FFF730FFB8E75545AD
:10FC3000F9D87378052BEFD13146404601F000F931
:10FC40000028DCD1064B1B68DA07A8D500BEA6E762
:10FC5000034B1B68DB07A2D500BEA1E7BC4B00200D
:10FC6000F0ED00E00020704773B51F4D1C46AB78E7
:10FC70008B4206461DD06B788B422BD12846FFF76E
:10FC800027FF28BB05F11C0000F005FF00BBFCB1FD
:10FC900014F03F031CD169780193304601F026F936
:10FCA000019B0446A0B169781A46304601F03AF942
:10FCB00017E0A2B205F5947105F1100000F078FF8D
:10FCC0000A4B13B10020AFF300800748FFF7DEFEB8
:10FCD000012406E0064B1C6814F0010401D000BEAC
:10FCE0000024204602B070BDBC4B00200000000084
:10FCF000F0ED00E0034B43F602229A87002283F8DE
:10FD00003E207047742E002030B4104B02249A6BB2
:10FD100083F82C10996883F8304093F83C408A1A95
:10FD20009A6224B942F205059D8783F83E4051B19D
:10FD30004AB11A7BD20930BC14BF93F82E1093F845
:10FD40002F1001F02FB930BC704700BF742E002077
:10FD500038B5144B144C054673B1607BFFF7BAF904
:10FD600050B942F2077384F83E00A3872846012168
:10FD7000BDE83840FFF7C8BFA26BA36894F82F1006
:10FD80009B1AB3F5007F28BF4FF40073074A9BB25C
:10FD9000284601F0C7F820B9054B1B68DB0700D5E2
:10FDA00000BE38BDD5F00000742E0020742C002059
:10FDB000F0ED00E070B5254CE28AA36852BA92B229
:10FDC00086B0054612B1B3FBF2F292B2A06BD4F842
:10FDD0001110B0FBF2F61B1AB3F5007F28BF4FF4E9
:10FDE000007309BA009302FB1602194B607B314481
:10FDF000FFF738F9031E07DAFFF77CFF01212846D9
:10FE0000FFF782FF06B070BD94F82E1010D1CDE937
:10FE1000033307228DF8101003A819468DF80C50F3
:10FE20008DF80D2005938DF8113000F093FFE9E770
:10FE3000074A9BB2284601F075F80028E2D1054B2D
:10FE40001B68DB07DED500BEDCE700BF742E002098
:10FE5000742C0020F0ED00E0C28A836852BA92B29E
:10FE600023B9002A0CBF002002207047C17B28293B
:10FE700004D1017BC90906D1022070472A2902D189
:10FE8000017BC909F8D122B1934234BF022000207E
:10FE90007047012070470000044880F83C1080F84B
:10FEA0003D2080F83E300120704700BF742E0020B6
:10FEB00002484022002120F069BC00BF742E0020BF
:10FEC00002484022002120F061BC00BF742E0020B7
:10FED00073B54B79082B054602D0002002B070BDE7
:10FEE0008B79062BF9D1CB79502BF6D1162A05D870
:10FEF000174B1B68D907F0D500BEEEE7154C8B7881
:10FF000084F82D3004F12E030E78019304F12F03B1
:10FF1000009302231A46314400F0B4FF28B90C4B79
:10FF20001B68DA07D9D500BED8E7002384F8303043
:10FF300094F82F101F232246284600F0F3FF20B923
:10FF4000034B1B68DB0700D500BE1720C6E700BFC8
:10FF5000F0ED00E0742E0020F0B5012985B00646D2
:10FF6000154615D1137803F07F02022A46D16C782A
:10FF7000012C43D16A88002A40D13C4AAB8892F8D0
:10FF80003070042FDBB2154604D1194601F00AF88F
:10FF9000012017E092F82E10994215D1022FF7D1C7
:10FFA0009368946B1B1B9362032382F830300D23FC
:10FFB000203200F0B7FF0028EAD12D4B1B68DB0789
:10FFC00052D500BE05B0F0BD92F82F109942DFD196
:10FFD000002FDDD1019100F0D7FF01990028D7D182
:10FFE000304601F00FFB0028D2D1002385F83030D5
:10FFF0001E4A95F82F101F233046DAE703F06003FE
:020000021000EC
:10000000202B31D16B78FE2B13D0FF2B2CD16B889A
:1000100053BBE9888AB23ABB144B304699872946CC
:10002000C3E90D2283F8302083F83E2001F026FB3F
:10003000AEE76B88C3B9EB88012B15D18DF80F3073
:100040000C4B1BB1FEF772FF8DF80F009DF80F30BF
:1000500053B1013B8DF80F300DF10F0201232946FA
:10006000304601F023FB93E70020ABE7742E00201D
:10007000F0ED00E02DEF00002DE9F041AB4C94F8DD
:100080003070012F8EB005461E4600F09F81032F71
:1000900000F00D82002F42D194F82F308B4201D016
:1000A000012013E01F2E03D12268A14B9A4210D0E9
:1000B00094F82E100423284684F8303000F072FFA4
:1000C00094F82F10284600F06DFF00200EB0BDE818
:1000D000F081984B23626368E67BD4F8088084F84B
:1000E0002C70C4E90937012384F8303006F0FD0391
:1000F000282BC4E90D872CD12046FFF7ADFE014621
:1001000018B12846FFF700FE09E0B8F1000F00F033
:100110005781282E40F0AA812846FFF74BFE94F81D
:100120003030022BBCD194F82E10284601F06AFA28
:100130000028B5D1A368A26B94F82E10934240F228
:10014000DF81207BC00900F0DB81284600F02AFF18
:10015000A6E7B8F1000F15D0237BDB0912D1B8F563
:10016000007F01D90121CCE7734A1FFA88F32846A2
:1001700000F0D8FE0028D2D1704B1B68D907A4D557
:1001800000BEA3E7252E94F80D8008D8192E14D8A8
:10019000032E00F0DD80122E00F08C8066B394F800
:1001A0003C30002BDED1A38E634A6549607BFEF7AD
:1001B0003BFF002880F2FD80D4E71A3E0B2EEED8DC
:1001C00001A353F826F000BFF7020100130201005B
:1001D0009F0101009F0101009F0101009F0101009B
:1001E0009F0101009F0101009F0101006D020100BC
:1001F0009F0101002F0201004046FEF7E9FE0028A2
:1002000040F0DA8094F83C30002BC8D1FFF772FD43
:10021000C5E74C4B002B00F0CF80E17C4046C1F39A
:10022000400301F001020909FEF708FFE7E704AA0D
:1002300005A94046FEF7EAFE059B002BE2D0BDF87B
:100240001020002ADED03C49013B1BBA12BAC1E99A
:1002500000320820A368002B84D0834228BF0346C5
:100260006363354A94F82E109BB280E700230DF1AA
:100270000E0205AE04A94046C6E901330593FEF718
:10028000C5FE049A002ABDD0BDF80E30002BB9D0AF
:1002900012BA5BBA082106920222ADF81E308DF820
:1002A00017108DF81C2096E80700234B83E8070001
:1002B0000C20CFE7244B204F0022CDE905324FF030
:1002C00020361F231022202109A8CDE907668DF8CA
:1002D000183020F05BFA0D960DAB09AA07A940462D
:1002E00005AEFEF72BFE0FCE0FC70FCE0FC733683C
:1002F0003B602420AEE7059B03F4000343F00303B7
:100300000593124B7BB14046FEF7E4FE9DF8163094
:1003100080F0010060F3C7138DF81630064B059A84
:100320001A60042096E70120F0E700BF742E002039
:100330005553424355534253742C0020F0ED00E0D6
:10034000832E00203DF0000000800202D5F0000066
:100350001222002105A820F019FA94F83C0094F824
:100360003D1094F83E208DF82010F0238DF81430C5
:100370004FF0000360F303038DF816300A238DF865
:100380001B308DF8212005AE0FCE644F0FC73368A8
:100390003B80634BC3B14FF40072A7F1100140469C
:1003A000AFF3008000239842A38784F83E30FFF625
:1003B000F6AE00287FF44EAFA368002B7FF4D2AED8
:1003C000022384F83030AAE61220EBE7E37BA26B2D
:1003D000282B05D1636B32449A42A263F0D29BE68C
:1003E0002A2B47D1E08A40BA80B218B1A368B3FB88
:1003F000F0F080B2D4F81110484FB2FBF0FC09BA0B
:1004000000FB1C220096607B3B466144FEF740FEE9
:10041000002805DAA36B3344A363FFF76BFCA1E666
:1004200086421DD9361A40B1A16B11FA80F1A16341
:1004300032463918384620F08FF9002194F82F30D1
:100440000796072205A8CDE905118DF814508DF8FF
:1004500015208DF818308DF8191000F07BFC5EE641
:10046000A36B1E44636BA6639E42A9D22846FFF786
:100470006FFC54E6237B3244DB09A2630CD1A38ECC
:10048000264A607B04F10F01FEF7CEFD002803DA57
:1004900039462846FFF738FCD4E90D329A428FD20C
:1004A000204B1B68DB077FF53AAE00BE37E694F8B9
:1004B0002E308B427FF433AE0D2E7FF430AEE37BD3
:1004C000282B09D02A2B14D0174B53B1607B04F191
:1004D0000F01AFF3008004E0144B13B1607BAFF366
:1004E0000080002384F83030114A94F82F101F2325
:1004F0003DE6104B002BF4D0607BFEF7DFFDF0E70C
:100500009B1AA362032384F830300B4A0D2328463C
:1005100000F008FD00287FF4C3AD2DE6742C002008
:1005200000000000F0ED00E000000000000000000E
:10053000742E0020BDF00000942E002010B504465B
:100540008178002000F0D2FC90B1201D00F0CCFAA0
:100550003F28A17807D904F19C024023BDE8104050
:10056000002000F0DFBCBDE81040002000F0CCBC53
:1005700010BD00002DE9F041044600F093FB10B9D6
:100580000020BDE8F08100F095FB06460028F7D179
:100590004FF48E71154D4C4304F11008A8444046A9
:1005A00000F079FA0028EBD02F193046797800F066
:1005B0009DFC0028E4D0DC342544294640224046F6
:1005C00000F0B6FA7978044658B103462A46304618
:1005D00000F0A8FC38B9064B1B68DB07D0D500BE7D
:1005E000CFE700F091FC2046CBE700BFB42E0020FF
:1005F000F0ED00E037B50D4C00254FF48E72002170
:10060000204620F0C3F804F11C010095012340228C
:10061000201D00F02DFA00950123402204F15C0119
:1006200004F1100000F024FA03B030BDB42E002015
:1006300010B5064C2046002340F8043B00F0BEFAFB
:1006400004F11000BDE8104000F0B8BAB42E00204C
:10065000F7B513464A79FF2A0D4602D0002003B0B1
:10066000F0BD1A4E7178B2780A43F7D1AA782C7887
:1006700032702A792C442AB3234403E09C4204D2EA
:1006800021780C4461780529F8D1114F01977B1C22
:1006900000932146022300F0F5FB28B90D4B1B689F
:1006A000DB07DBD500BEDAE72B79C3EBC3031C44C1
:1006B000B37813B1781EFFF741FF737813B10020B0
:1006C000FFF758FF601B80B2C9E700BFB42E0020BF
:1006D000B52E0020F0ED00E008B5114882788A427E
:1006E00004D042788A4211D0002008BD9AB200F1AD
:1006F0009C01043000F05CFA0A4B13B10020AFF308
:1007000000800748FFF71AFF0120EEE7064A1AB1FA
:1007100099B20020AFF300800020FFF72BFFF3E732
:10072000B42E002000000000000000000A4492B235
:1007300091424FEA400001D8824201DB121A92B284
:100740001046704738B50546D41A0846A988A4B2A1
:100750009A423CBF04EB4104A4B2B4B1A14205D219
:10076000914294BF531A8B189BB26B81994209D95D
:10077000EA882968C2F30E0202FB03111FF0DEFFB4
:10078000012038BD5B1A9BB2F0E72046F9E79308D9
:1007900013B501EB8303044699420BD112F0030217
:1007A00006D0002301A801931FF0C8FF019B23601E
:1007B00002B010BD51F8040B2060EDE72DE9F043C5
:1007C00085B08588BDF830401E1BB6B2A3423CBF41
:1007D00006EB4506B6B280460F4666B3B54206D272
:1007E0009D4294BF5C1BEC18A4B244812E469642F5
:1007F00028BF1646A54222D9B8F806009DF8343025
:10080000D8F80010A5EB0409751BC0F30E022544AF
:100810001FFA89FC15FB02F519FB02F9012B1FFADF
:1008200089F9ADB202FB041116D066450AD87243AD
:1008300038461FF083FF304605B0BDE8F083641BE7
:10084000A4B2D7E74A4638461FF078FFD8F8001020
:100850002A4607EB0900ECE7664506D816FB02F2CC
:1008600092B23846FFF793FFE5E729F00304A4B2FC
:10087000224638460191FFF78AFF19F0030929D073
:10088000C9F104039BB2AB42019928BF2B46002259
:100890002144ED1A03A80392ADB201EB090402460C
:1008A000A1420DD1D8F8001009F1FF3991440B4451
:1008B00099420AD1039B3B60002DBCD02A46D0E769
:1008C00011F801CB00F801CBEAE711F8012B09F888
:1008D000012FEDE7D8F80010EEE713B5930800EB11
:1008E0008303984209D112F0030204D00B680193EC
:1008F00001A91FF023FF02B010BD0C6840F8044BA3
:10090000EFE72DE9FF471546C279068984888846B6
:100910004189D2090746B6B289B214D18E4236BF98
:10092000C1EB4401711A891989B2A14236BF611A1B
:10093000002189B28D4228BF0D46002D4AD128469C
:1009400004B0BDE8F087A54209D32BB9C0882D1BA0
:10095000C0F30E0000FB05880E462546EDE78E42EB
:100960004FEA440036BF421A721A921992B22A44D0
:100970008242E2DB621B92B22046FFF7D7FE0646B8
:10098000DBE7AEEB04001FFA80FEA645F9D2FA8839
:100990003868A4EB0E092C1BC2F30E0174441FFA35
:1009A00089FC14FB01F419FB01F9012B0A461FFA1B
:1009B00089F9A4B201FB0E0017D065450CD86A4333
:1009C00041461FF0BBFEB8882A463146FFF7AEFE0F
:1009D0003881B4E7B646D8E74A4641461FF0AEFE36
:1009E0003868224608EB0901EBE7654506D815FB98
:1009F00001F292B24146FFF770FFE4E729F0030AE3
:100A00001FFA8AFA524641460190FFF766FF19F035
:100A100003092BD0C9F104039BB2A3420198D8F873
:100A20000020039228BF2346E41A0AF1FF3A0DF191
:100A30000C0CA4B250444946624601391CF801EB43
:100A400000F801EF11F0FF01F7D13868914409EB8C
:100A50000301421E494504D11844002CB3D022465C
:100A6000C8E719F801CB02F801CFF3E73868F4E7DB
:100A7000B2F5004F0DD882809DF800200160C3F3CD
:100A80000E0343EAC233C380002343810381012064
:100A90007047002070470389428981889BB292B2D7
:100AA000934236BFC2EB41029B1A9B1898B2884210
:100AB00028BF084670470289438992B29BB2D31A75
:100AC00058425841704703894289818892B29BB24B
:100AD000934236BFC2EB41029B1A9B189BB29942CC
:100AE0008CBF0020012070478288038940899BB217
:100AF00080B2834236BFC0EB4200181AC01880B2E1
:100B0000824286BF101A80B2002070470289438952
:100B100010B59BB2044692B2FFF714FE61890346FA
:100B200082B289B2A088FFF701FE6081184610BD2D
:100B300073B5038945890026ADB20446CDE9005658
:100B40009BB2FFF73BFE61890346024689B2A0884B
:100B5000FFF7ECFD6081184602B070BD0289438941
:100B600092B29BB2FFF7EEBD37B5058901910446FD
:100B7000FFF7A9FFADB2019910B1E079C00912D019
:100B8000A2882B469A4210D9E2882068C2F30E024E
:100B900002FB03001FF0D2FDA08801222946FFF7C7
:100BA000C5FD2081012003B030BD9B1A9BB2E9E74F
:100BB00012B10023FFF7A5BE104670470023438102
:100BC000038101207047C37961F3C713C37101200A
:100BD000704700000A4B1B78834206D9094B1B68FB
:100BE00000EB400003EBC00070471A1D8242A1BF1A
:100BF000C01A054B182202FB0030B8BF0020704716
:100C0000D42F0020D02F0020F400040070B5134E24
:100C1000054600242046FFF7DDFF28B9104B1B686E
:100C2000DB0700D500BE70BD43682846984733787F
:100C30000134E4B20433A342ECDA33220021094840
:100C40001FF0A4FD1022FF2107481FF09FFDBDE803
:100C5000704006481022FF211FF098BDD42F0020BD
:100C6000F0ED00E0D52F0020D82F0020E82F002045
:100C700037B50C4605460868019200F057FD236819
:100C8000019A0121284603B0BDE830401847000012
:100C9000034A034610780BB100F004BE00F012BE08
:100CA000FC0E0020024B5878003818BF0120704716
:100CB000D52F0020024B1878C0F38000704700BF8A
:100CC000D52F0020F8B51B4E3378FF2B05462DD1CC
:100CD000194C1A48332200211FF058FD201DFFF740
:100CE0006DFF174B1C60174B23B11748AFF3008003
:100CF000164B1860144F00242046FFF76BFF30B9E5
:100D0000134B1B6813F0010312D000BEF8BD03683B
:100D100098473B780134E4B20433A342ECDA284626
:100D2000357000F07FFD284600F0BCFD0120EDE7A6
:100D30001846EBE7FC0E0020EC0E0020D52F00201B
:100D40000830002000000000D42F0020D02F002009
:100D5000F0ED00E0F0B54378023B85B005460C4667
:100D6000032B12D8DFE803F002611921304B1A7807
:100D70006FF300021A701A7800216FF341021A70A3
:100D800059701A7861F382021A702A4B1E6814B9DE
:100D9000336820469847294637E0254B1A78D6070E
:100DA00041D51A7842F00402EEE7214A1378D807B9
:100DB00039D513786FF382031370E6E7FFF70AFF64
:100DC00020B1436913B169682878984701363B78A8
:100DD000F0B204338342F1DA154A1378590722D569
:100DE00013786FF3820313700023CDE9013303936B
:100DF0002B788DF8043005238DF805300D4B1E68D7
:100E000014B933682046984701A9301DFFF7ACFE9E
:100E1000054614B933680120984725B9064B1B686D
:100E2000DB0700D500BE05B0F0BD044F0026CEE7BD
:100E3000D52F002008300020F0ED00E0D42F002056
:100E400038B58B7813F0780F0C4606D00A4B1B6828
:100E5000DB0700D500BE002038BD084B1D78084BCD
:100E60002046997800F038FF0028EFD02146284628
:100E7000BDE8384000F068BDF0ED00E0FC0E002059
:100E8000D52F00202DE9F047DDE9085681460C46B4
:100E900090469A460027B84501DC01200CE06378B3
:100EA000052B04D1E37803F00303534508D00E4B20
:100EB0001B68DA0702D40020BDE8F08700BEFAE71D
:100EC00021464846FFF7BCFF28B9074B1B68DB07E4
:100ED000F1D500BEF0E7A378DA0914BF33702B70A8
:100EE000237801371C44D6E7F0ED00E0CB0901F090
:100EF0007F00233303EB400302480021184400F035
:100F0000BFBE00BFD52F0020CB0901F07F002333E7
:100F100003EB400302480021184400F0CCBE00BFA0
:100F2000D52F0020154838B501F07F0500EB4500AE
:100F300000EBD1142034E078C00707D5104B1B68B4
:100F4000DA0701D4002038BD00BEFBE7E07840F0AE
:100F50000100E0700B48007800F03EFD0028F2D15F
:100F6000E37860F30003E370E37860F38203E370F7
:100F7000034B1B68DB07E5D500BEE4E7D52F002057
:100F8000F0ED00E0FC0E0020054B01F07F0203EBCA
:100F9000420303EBD11191F8230000F001007047E8
:100FA000D52F002010B50C4B01F07F0203EB42035C
:100FB00003EBD1142034E3789B070BD4074B18784C
:100FC00000F05CFDE37843F00203E370E37843F064
:100FD0000103E37010BD00BFD52F0020FC0E0020E0
:100FE00010B50C4B01F07F0203EB420303EBD1146D
:100FF0002034E3789B070BD5074B187800F04BFDA6
:10100000E3786FF34103E370E3786FF30003E37079
:1010100010BD00BFD52F0020FC0E00202DE9F04FA1
:10102000B34B1B78FF2B87B000F0A782B14B1D6834
:101030002C46002054F8043B9847204603A9FFF7AC
:1010400065FD2B68044601209847002C00F095822E
:101050009DF80D30013B072B00F2BC82DFE813F056
:1010600008001300BA029802A7021F006602B3022A
:101070009DF80C00FFF7CAFD00F050FB9E4B9DF859
:1010800010209A70D2E79DF80C00FFF7BFFD00F02A
:1010900045FB9A4B002BC9D0AFF30080C6E7964CB6
:1010A0009DF80C50237843F00103237094F823300B
:1010B0006FF3000384F8233094F823306FF3820336
:1010C00084F8233094F824306FF3000384F824303C
:1010D00094F824306FF3820384F82430002000F069
:1010E00025FB9DF8106006F06009B9F1600F0FD183
:1010F000834B1B68DC0700D500BE9DF80C00002167
:1011000000F0BCFC9DF80C00802100F0B7FC8DE7DE
:10111000B9F1400F0DD17B480028EED000F006FB5E
:1011200004AA01212846FEF753F800287FF47EAF79
:10113000E3E706F01F06012E00F08781022E00F083
:10114000AF81002ED4D1B9F1200F10D19DF8143009
:101150000F2BD2D81C44E078FFF73CFD0028CCD000
:1011600004AA00F10C012846FFF782FDDDE7B9F182
:10117000000FBDD19DF81130092BB9D801A252F84A
:1011800023F000BF3514010023140100F110010009
:101190000F140100F1100100AD1101004F13010007
:1011A000F1100100C7110100DD11010004A800F0D9
:1011B000C3FA9DF81210284600F054FC237843F03F
:1011C0000203237032E763788DF80A3001230DF1B2
:1011D0000A0204A9284600F069FA27E79DF812A040
:1011E00063789A4535D063783BB1284600F0F2FB2E
:1011F000A6782846FFF70AFDA670BAF1000F00F0A6
:10120000A0800AF1FF30C0B2FDF7D2FD10B14378E3
:10121000022B06D03A4B1B68DF077FF569AF00BE93
:1012200066E7C379C3F38012C3F340131B0143EA9B
:101230004213227822F03002134323704388C318EC
:1012400000F109060093009BB34209D82E4B002BF6
:1012500074D184F801A004A9284600F00FFAE5E64D
:1012600073780B2B03BF3378F778F6180127737860
:10127000042BCFD1009B9A1B93B201934FF0000B2C
:10128000224B1B785FFA8BF804334345C2DB4046A0
:10129000FFF7A0FC81460028BCD0019AD9F808309D
:1012A0003146284698470828024644D9019B834284
:1012B00041D3012F09D1D9F8083015498B4208BF15
:1012C000022714498B4208BF02270021CBB29F425C
:1012D00024D8434631461048019200F02DFD0B4BB7
:1012E000019A1B78043398451644ACDD92E700BFA1
:1012F000FC0E002008300020D52F00200000000048
:10130000F0ED00E0D1F1000000000000D42F00203B
:1013100089F4000091FB0000E82F0020B07803441E
:10132000B04850FA83F30131D878FF287FF472AFC8
:1013300083F80380CAE70BF1010BA1E7AFF300804C
:1013400087E7A94B002B84D0AFF3008081E7BDF87D
:101350001200030A5A1EC0B20E2A3FF6CEAE01A1F9
:1013600051F822F0A1130100CB130100ED1301008D
:10137000FB100100FB10010001140100CB13010060
:10138000FB100100FB100100FB100100FB1001002D
:10139000FB100100FB100100FB100100B313010062
:1013A000FDF702FD1223024604A9284600F07EF94B
:1013B000BBE68E4B002B3FF4A0AEFDF705FF0246C7
:1013C00000283FF495AE4388EEE7022B07D1FDF7E6
:1013D000EFFC00283FF48CAE43880246E4E7844BE0
:1013E000002B3FF48AAEAFF30080F2E7BDF8141093
:1013F000FDF7E4FC024600283FF47FAE0378D3E714
:101400007C4B002B3FF479AEAFF30080F2E7BDF8E0
:101410001230012B7FF471AE237843F00803237060
:1014200019E7BDF81230012B7FF467AE23786FF314
:10143000C303F4E72378C3F340129B0803F00203CD
:101440001343ADF80A300223C1E69DF814300F2B88
:101450003FF653AE1C44E078FFF7BCFB00283FF496
:101460004CAE00F10C0104AA2846FFF701FC00284D
:101470007FF4DCAD9DF8103013F060047FF43DAED6
:101480009DF811300A3B012B3FF637AE00F04EF9C4
:101490009DF811300A2B7FF4DEAE8DF80A4095E6F8
:1014A0009DF8141011F0780F7FF422AE01F07F0741
:1014B00004EB470707EBD117F87CFFF78BFB80465F
:1014C000B9F1000F06D000283FF417AE04AA00F1CE
:1014D0000C0148E69DF8113003F0FD02012A07D007
:1014E000002B7FF405AE97F82330C3F34003A8E741
:1014F000BDF8122022B9012B284614D1FFF770FD48
:10150000B8F1000F3FF492AD04AA08F10C0128468F
:10151000FFF7AEFB002000F009F994F82430DE0755
:101520003FF584AD97E6FFF73DFDE9E79DF8101024
:101530002C4B01F07F0403EB440303EBD11393F82E
:1015400023006FF3000083F8230093F823006FF368
:10155000820083F823003CB9059B9DF811209DF87B
:101560000C0000F0F7F861E5D87CFFF733FB38B9E1
:10157000214B1B68D80700D500BE07B0BDE8F08F2F
:101580000469059B9DF811209DF80C00A0474DE5CE
:10159000144B1A78D1077FF549AD184A002A3FF459
:1015A00045AD1878C0F3C000AFF300803EE50D4BA9
:1015B0001B78DA077FF53AAD114B002B3FF436ADBF
:1015C000AFF3008032E5049B002B3FF42FAD05986C
:1015D00098472BE5084B1B68DB077FF527AD00BE5E
:1015E00024E500BFD52F002000000000C9F1000055
:1015F0000000000000000000F0ED00E0000000002E
:1016000000000000054B01F07F0203EB420303EBF7
:10161000D11191F82300C0F340007047D52F00206E
:1016200037B514490446CA89888991F90050831A4C
:101630009BB2402B28BF4023002D10DA904214D0DB
:101640001A4689680C4801931FF078F80A4A019BF2
:101650008021204603B0BDE83040FFF763BC9042D4
:101660004FF0000103D10022F3E78021FBE7024A9B
:10167000EFE700BF0C3000202030002030B40A4CCF
:1016800005460A4608684968234603C392F90020C4
:1016900000239A42C4E9023328461A4630BCACBF44
:1016A00080211946FFF73EBC0C300020F8B5194EDA
:1016B0000C46054608684968B260374603C70021F2
:1016C000F181E1888B4228BF0B46B38179B143B1E8
:1016D0003AB9114B1B68DA0701D40020F8BD00BEEF
:1016E000FBE72846FFF79CFF68B10120F6E794F975
:1016F0000030002B0A460B462846ACBF8021002153
:10170000FFF710FCF0E7044B1B68DB07E5D500BED4
:10171000E4E700BF0C300020F0ED00E002481422A6
:1017200000211FF033B800BF0C300020014B1861BE
:10173000704700BF0C30002010B50246044C006812
:101740005168234603C30023C4E9023310BD00BF20
:101750000C30002070B52F4C1E462378C909B1EB20
:10176000D31F054616D03EB12B4B1B68DA0701D4B8
:10177000002070BD00BEFBE7284B13B1214600F0EE
:10178000C5F823690BB90120F3E7224A0321284653
:101790009847F8E794F90030002B06DBA068002892
:1017A000E6D01F4932461EF0C9FFA268E3893244E1
:1017B0003344A260E2889BB29A42E38101D03F2E7B
:1017C00024D823699BB994F90030002B4FF0000313
:1017D0001A46ACBF802119462846FFF7A3FB002814
:1017E000D1D10D4B1B68DB07C2D500BEC1E702217A
:1017F000084A2846984701460028E4D1284600F0C8
:101800003DF98021284600F039F9BCE72846FFF76A
:1018100007FFE4E70C300020F0ED00E00D190100B7
:10182000203000204FF082431A7842F001021A70F3
:101830009A78D007FCD54FF082439A78D107FCD430
:10184000164A198D1268C2F3441060F30401198519
:10185000198D62F38A111985198DC2F3822262F300
:101860000E311985DA7842F00302DA70DA7842F044
:101870000C02DA700A4A5A6200221A8106221A7091
:101880004FF082439A789207FCD4998B9A8B0A4343
:1018900092B29A8308221A83704700BF84008000A6
:1018A0006C300020064B4FF480329A604FF40032C7
:1018B0009A604FF480229A604FF400229A60704739
:1018C00000E100E0104B4FF40022C3F88820BFF382
:1018D0004F8FBFF36F8F4FF48022C3F88820BFF380
:1018E0004F8FBFF36F8F4FF40032C3F88820BFF3E0
:1018F0004F8FBFF36F8F4FF48032C3F88820BFF350
:101900004F8FBFF36F8F704700E100E00B785B06ED
:1019100009D14B78052B06D14B884FF0824263F0FA
:101920007F03DBB29372064B064A1A605A6808219D
:1019300061F39B325A605A686FF30D025A60704728
:101940006C30002060300020F0B588788D8800F081
:101950007F03C5F30A06C00900220127D41C07FA39
:1019600004F4B44206DA0132072AF7D16C0501D536
:1019700000201FE0164C00EB430504EB05145B014F
:10198000656862F31E756560C97803F1824301F0F2
:10199000030103F58072013168B993F8000161F326
:1019A000020083F8000111231371537A43F00103FD
:1019B00053720120F0BD93F8000161F3061083F823
:1019C000000122231371537A43F00203F0E700BFB2
:1019D0006C30002070470000F0B501F07F056E000C
:1019E000CF0906EBD1111D4809016C0104F18244B5
:1019F000425004F58074014685B97AB973B9184A22
:101A00001078B7EBD01F09D00A604A68082060F34D
:101A10009B324A604A6863F30D024A606D01C3F36A
:101A20000D0329446FB94A6863F39B324A604B68DF
:101A300067F30D034B60402323710423E3710120FE
:101A4000F0BD4A696FF39B324A614A6963F30D0244
:101A500080234A6163710823F0E700BF6C300020E7
:101A60006030002008B500231A468021FFF7B4FF3C
:101A70004FF0824301229A831A8308BD01F07F034D
:101A80005B0103F18243CA0903F5807314BF20226E
:101A900010225A71704701F07F035B0103F182430A
:101AA000CA0903F5807314BF222211221A717047EC
:101AB0002DE9F04F4FF08243DFF89C901F8C85B0EA
:101AC000BFB200244FF0010808FA04F33B425FFA6A
:101AD00084FA3BD0660106F1824505F58075EB7905
:101AE0005FFA83FB9B0718D509EB06034FF4E0610F
:101AF0005A690023CDE90133ADF804106AF07F0183
:101B0000C2F30D028DF8081001A801218DF80930EB
:101B10000392FFF71FF90223EB711BF0010F15D0A1
:101B20004E44002372684FF4E061CDE90133C2F303
:101B30000D02ADF8041001A801218DF808A0039250
:101B40008DF80930FFF706F985F807800134082C75
:101B5000BAD105B0BDE8F08F6C3000201FB54FF052
:101B600082439A8B1C8BA4B2144062070ED50422C8
:101B70009A830023CDE90133039301214FF440738D
:101B80000DEB0200ADF80430FFF7E4F8E00711D5E3
:101B90004FF082431022012199839A831A830023F4
:101BA000CDE90133039301A84FF48063ADF804300D
:101BB000FFF7D0F8E10610D54FF0824310229A8348
:101BC0009A820023CDE90133039301214FF4A063EE
:101BD00001A8ADF80430FFF7BDF822072BD54FF070
:101BE00082430821112099839882224B5A6803244A
:101BF00064F31E725A605A6964F31E725A611E4A77
:101C00001070132050721D4A1A605A6861F39B329B
:101C10005A605A686FF30D025A60012100234FF495
:101C2000807201A8CDE901330393ADF804208DF84B
:101C30000830FFF78FF84FF0824494F80731DB0645
:101C400013D50023ADF806304FF4C063ADF804306F
:101C50000A4B93E8030004AB03E90300012101A848
:101C6000FFF778F8112384F80731FFF721FF04B05C
:101C700010BD00BF6C30002000010041603000202A
:101C80000378024613F0010011D11378C3F38001E9
:101C90005B070FD4137813F001000AD113785B07A8
:101CA00008D4137843F00403137001207047002018
:101CB0007047084670470378C3F380015B0708D577
:101CC000037813F0010203BF037862F38203037009
:101CD00000210846704700008388C07800F00300A8
:101CE0000228C3F30A0313D003281BD001280DD107
:101CF000022940F2FF3208BF4FF480629A420DD2AF
:101D00000C4B186810F0010008D000BE002070478E
:101D1000022904D1B3F5007FF2D101207047402B96
:101D2000FBD9EDE702290CBF4FF4806240229A42B2
:101D3000F3D2E5E7F0ED00E030B50A44914200D37C
:101D400030BD4C78052C06D18C7804F07F0500EB73
:101D50004505E4092B550C782144EFE7DFED057AC2
:101D6000036880ED040A60EEA70A1B6AC0ED050A4D
:101D7000184700BF00000038F0B52DED028B8BB086
:101D8000044600F08DFAB7EE007A0028F1EE007AF2
:101D9000606914BF17EE905A17EE105A1CF05AFFE4
:101DA00019A3D3E900231CF0ADFF064620690F46B6
:101DB0001CF050FF02460B46304639461CF0A2FF8D
:101DC000064628460F461CF045FF02460B463046A5
:101DD00039461CF097FF1DF08DFA0123CDE9003341
:101DE00008EE100A02231A46A16903A800F0DEFAE1
:101DF000FCEEC87A002217EE901A03A800F02EFB22
:101E00000BB0BDEC028BF0BD00000000006AC841C1
:101E100000B501238BB0CDE900330622816902238E
:101E200003A800F0C3FA03A800F07EFB40F30B10F8
:101E300007EE900AF8EEE77A17EE900A1CF00AFF18
:101E4000074B00221CF05EFF064B00221DF084F8B9
:101E50001DF050FA00EE100A0BB05DF804FB00BF55
:101E600000405F4000408F4000B501238BB0CDE9BA
:101E7000003305228169022303A800F097FA03A822
:101E800000F052FB80B207EE900AF8EE677A17EE88
:101E9000900A1CF0DFFE074B00221CF033FF064BBC
:101EA00000221DF059F81DF025FA00EE100A0BB0C3
:101EB0005DF804FB0000094000408F4010B52DED97
:101EC000028B8AB0044600F0EBF901230028F1EE02
:101ED000047ACDE90033A1694FF002034FF0040208
:101EE00003A8B7EE048A08BFB0EE678A00F05EFA76
:101EF00003A800F019FB03B207EE903AF8EEE77A78
:101F00009FED040A67EE887A87EE800A0AB0BDEC7E
:101F1000028B10BD0024744910B501238AB0CDE9AD
:101F20000033044681690223072203A800F03EFA29
:101F300003A800F0F9FA03B207EE903A94ED050A0F
:101F4000F8EEE77A67EE807A9FED020A27EE800AC4
:101F50000AB010BD00007A44D0B501238AB0CDE9A3
:101F60000033082281690223044603A800F01EFA08
:101F700003A800F0D9FA07EE900AF8EE677A17EE98
:101F8000900A1CF067FE0C4B00221CF0BBFE0646BC
:101F900060690F461CF05EFE02460B46304639462D
:101FA0001CF0B0FE054B00221CF0ACFE1DF0A2F9A7
:101FB00000EE100A0AB0D0BD0000344000408F404F
:101FC00010B5044600F066F9014B2360204610BDB1
:101FD0007401040010B5044600F0E4F820B1A08BB1
:101FE000A0F50E735842584110BD7047DFED057AD9
:101FF000036880ED040A60EEA70A1B6AC0ED050ABB
:10200000184700BF0000003600B501238BB0CDE9B2
:10201000003306228169022303A800F0C7F903A850
:1020200000F082FA00B207EE900AF8EEE77A17EEB7
:10203000900A1CF00FFE074B00221CF063FE064BBB
:1020400000221CF089FF1DF055F900EE100A0BB0BC
:102050005DF804FB00401F4000408F40D0B50123D5
:102060008AB0CDE90033072203238169044603A81F
:1020700000F09CF903A800F057FA030248BF40F0B3
:102080007F4007EE900AF8EEE77A17EE900A1CF010
:10209000E1FD0C4B00221CF035FE064660690F4640
:1020A0001CF0D8FD02460B46304639461CF02AFE8D
:1020B000054B00221CF026FE1DF01CF900EE100A54
:1020C0000AB0D0BD0000B03F00408F4000000000CB
:1020D00000B501238BB0CDE90033052281690323CC
:1020E00003A800F063F903A800F01EFA000907EE48
:1020F000900AF8EEE77A17EE900A1CF0ABFD08A301
:10210000D3E900231CF0FEFD07A3D3E900231CF054
:1021100023FF1DF0EFF800EE100A0BB05DF804FB92
:1021200000000000006A68400000000080842E412A
:10213000D0B501238AB0CDE9003308228169032399
:10214000044603A800F032F903A800F0EDF907EE09
:10215000900AF8EE677A17EE900A1CF07BFD0FA349
:10216000D3E900231CF0CEFD064660690F461CF043
:1021700071FD02460B46304639461CF0C3FD064B46
:1021800000221CF0BFFD1DF0B5F800EE100A0AB0E9
:10219000D0BD00BFAFF3008000408F409A9999995D
:1021A000999909402DE9FF47044610201E46CDE9C4
:1021B000022101F0C3FCDDE90221054600F019FA15
:1021C000A5610121284600F030FA074620B9002613
:1021D000304604B0BDE8F0871C2001F0AFFC0125BB
:1021E000A16902233F22CDE90055824600F0DEF8C6
:1021F0001C2001F0A3FCA16902233E22CDE9005579
:10220000814600F0D3F8082001F098FC04230C224A
:102210005146804600F0A4F9484600F085F945F2A1
:10222000494380B29842D2D1404600F09EF9A08343
:102230001C2001F083FCA169804602230022CDE925
:10224000005500F0B3F8C4F804801C2001F076FCBF
:10225000A169804602232A46CDE9005500F0A6F880
:10226000C4F808801C2001F069FCCDE900558046C7
:10227000A16902230B2200F099F8C4F80C80002E0B
:10228000A6D1236820465B689847022001F024FC11
:102290003E469DE7014B0360704700BFA00104006C
:1022A00008B5406800F040F9C0F3001008BD000018
:1022B00070B58AB00446FFF7F3FF0123CDE9003380
:1022C0009FED1F7ADFED1F7AA16900284FF003030D
:1022D0004FF0040203A814BF17EE906A17EE106ABD
:1022E00000F064F803A800F01FF9030248BF40F0B3
:1022F0007F4007EE900AF8EEE77A17EE900A1CF09E
:10230000A9FC114B00221CF0FDFC044630460D4692
:102310001CF0A0FC02460B46204629461CF0F2FCAD
:1023200005A3D3E900231CF017FE1CF0E3FF00EE29
:10233000100A0AB070BD00BF0000000080842E416A
:1023400000409C4300409C420000B03F03685B6932
:10235000184703681B69184713B50C230C46042261
:102360008168684600F0FCF82146684600F00AF9EA
:1023700002B010BD1FB5044641680F230122684614
:1023800000F0EEF80121684600F0FCF80E2301226F
:10239000E16802A800F0E4F8012102A800F0F2F8D8
:1023A0000F212046FFF7D8FF04B010BD30B500253F
:1023B000C0E90015C2819DF810109DF80C208561C0
:1023C00041748274037430BDF0B5044685B0C08991
:1023D000ADF80C004FEA102C2068A37B0D46164682
:1023E00040B1637C019303AB0093012300F02CF90F
:1023F00005B0F0BD606838B3277B647C032F0BD138
:102400002CF0010C01348DF80D308DF80CC00094C7
:1024100003AB00F076FAEBE747B903F07F038DF8E2
:102420000C30009403AB32462946F2E7022F02D16A
:1024300063F07F03F3E7012FF3D19DF80C3003F035
:102440007F0343F04003EAE7A0680028D0D0009261
:102450000B46627C03A900F0BDF8C9E7F0B40B4657
:1024600002B9027C042A14D800F113058361841890
:102470002946844209D0877CDEB227B92E701B0A18
:102480000135013CF5E7A674F9E72046F0BCFFF7FB
:102490009BBF0020F0BC70477FB5857B04460B4690
:1024A000C1890068ADF80C100E0A40B10021CDE9D9
:1024B000002103A9627C00F033F904B070BD6068AC
:1024C00048B3217B647C03290DD146F00106FF212E
:1024D000CDE900218DF80C608DF80D50621C03A928
:1024E00000F031FAE9E741B965F07F058DF80C504D
:1024F000FF21CDE900212246F1E7022902D105F0B2
:102500007F05F3E7012902BF9DF80C1061F03F0140
:102510008DF80C10ECE7A0680028CED00092627C09
:1025200003A900F048F8C8E738B500F11305027CAC
:1025300029460446FFF7B0FF78B1227C29462244A1
:102540000020A2420BD00302A07C20B9907C18434B
:10255000013A0131F5E70878F9E74FF0FF3038BD6F
:1025600010B501600271437110BD10B504460068DA
:10257000FFF7DAFF2279012393406279013BD040D3
:10258000184010BD70B5044600680E46FFF7CCFF3A
:10259000237901229A40531E627903FA02F520EA58
:1025A000050503EA0601206891402943027CBDE845
:1025B0007040FFF753BF30B4047CBDF8085034B10D
:1025C000846824B10295A446406930BC604700206D
:1025D00030BC704730B4047CBDF8085034B1C468D6
:1025E00024B10295A446406930BC6047002030BC4D
:1025F0007047426000220272FA220170C260704786
:10260000037A10B5044653B121786068F8F798FC56
:102610006068F8F746FDB0FA80F0400910BD01216E
:1026200000F003F80028EFD1F8E738B50446406819
:102630000D46F8F765FC0120207225B12046BDE863
:102640003840FFF7DDBF38BD2DE9F843DDE90896D6
:102650001F46C368154632449A420446884602D94A
:102660000020BDE8F88301784068F8F769FC7EB97E
:10267000606803682A465B68414698478542EFD107
:1026800060683946F8F7D8FCB0FA80F04009E8E70E
:10269000B9F1000FECD06068036832465B684946C8
:1026A0009847B042DCD1E3E72DE9F04115460446F6
:1026B0000F46D2B201784068F8F75AFC85420BD138
:1026C0000026B54206F1010809D9606803685B6914
:1026D0009847B8554646F4E70020BDE8F081012050
:1026E000FBE72DE9F843074688461646994600253C
:1026F000B54212D2FA68741B944228BF1446331BA9
:10270000AB4294BF4B460023224608EB05013846F6
:10271000FFF7CAFF10B12544EAE70120BDE8F883BE
:1027200073B51D460023CDE900339DF81C30069E8D
:102730000446FFF789FF40B101233246294620466F
:1027400002B0BDE87040FFF7CCBF02B070BD000022
:102750002DE9F74F044600680E46134620B103B03A
:10276000BDE8F04FF8F722B8227BA068494FB7FBCD
:10277000F0F7002A0A780CBF4FF0010B4FF0800BE6
:102780001BEA020F0B440CBF4FF001094FF0000988
:10279000FFB20193019BB34279D096F800A05D4649
:1027A0004FF0000817B1384601F07AF9637BA2694F
:1027B000023B012B42D894F91030591C11D01AEA6F
:1027C000050014BF012300234B450AD06369D4F8E8
:1027D00024C0196800282CD041EA0C0119604FF080
:1027E00001091168E36A0B43136017B1384601F021
:1027F00057F994F91130013306D0E3691A68A36AD6
:102800001A4218BF45EA0808A169E36A0A6822EA81
:1028100003030B6094F91130013318BF86F8008070
:10282000237B002B31D16D00EDB2002DBAD10136E2
:10283000B0E721EA0C0119608146D2E71168E36A2A
:102840000B43136017B1384601F02AF994F91030A0
:10285000013308D06369616A1A681AEA050F14BF68
:102860000A438A431A60A169E36A0A6822EA0303F9
:102870000B6094F911300133CCD0E3691A68A36A74
:102880001A4218BF45EA0808C4E76D08CDE703B04F
:10289000BDE8F08F20A1070007B501228DF80710D1
:1028A0000DF10701FFF754FF9DF8070003B05DF835
:1028B00004FB036823B14268184606CAF7F728BF2D
:1028C0007047006808B1F7F741BF704790F90E00F4
:1028D000431C01D001F096BD704710B50446FFF7C8
:1028E000E8FF20460021BDE81040FFF7EFBF10B51C
:1028F00001210446FFF7EAFF2046BDE81040FFF73C
:10290000E0BF2DE9F0411C4606460D461746FFF78D
:10291000E4FF069B04EB0308444508D12F44BD4265
:102920000BD015F8011B3046FFF7B6FFF7E714F898
:10293000011B3046FFF7B0FFEEE73046FFF7D7FF49
:102940000120BDE8F0812DE9F0410D4617469DF8C4
:102950001C8006461C46FFF7C0FF2F44BD420AD12B
:10296000069BE518AC420CD041463046FFF794FF79
:1029700004F8010BF6E715F8011B3046FFF78CFF52
:10298000ECE73046FFF7B3FF0120BDE8F08100001F
:10299000014800F0E5BD00BF6C310020FFF7F8BF33
:1029A000FFF7F6BFFFF7F4BF13B512491248134CF7
:1029B00000F0ACF91249134800F0A8F91249134885
:1029C00000F0A4F91249204600F0A0F94FF086412A
:1029D000104800F09BF91049104800F097F90123C6
:1029E0000022CDE9003221460D4800F057FD02B02B
:1029F00010BD00BF00300040683400208C3400203F
:102A00000034004074340020002001418034002054
:102A1000004001419834002000040043A434002009
:102A20006C310020F8B505460E4617460024BC421E
:102A300007D02B68315D1B682846984708B10134E0
:102A4000F5E72046F8BD08B5F9F78CFD08BD036829
:102A50001B68184708B50249F9F784FD08BD00BF97
:102A60007005040038B50546F9F77CFD0446284694
:102A7000FFF7F0FF204438BDF0B58BB000238DF890
:102A80002430012A98BF0A2209ACB1FBF2F602FBFE
:102A90001615EBB2092D0F4694BF30333733DBB236
:102AA000BA4204F8013D3146EFD92146F9F75AFD03
:102AB0000BB0F0BD2DE9F04107460E4614462AB989
:102AC0000368BDE8F0411B68C9B218470A2A0DD156
:102AD00000290CDA2D21FFF7BAFF22460546714284
:102AE0003846FFF7C9FF2844BDE8F081D2B2BDE8FF
:102AF000F041FFF7C1BFFFF7DDBF38B50546FFF76F
:102B0000D9FF04462846FFF7A5FF204438BD10B47E
:102B10002AB902685DF8044B1268C9B210475DF823
:102B2000044BD2B2FFF7A8BFFFF7F1BF2DE9F84F72
:102B300055EC104B06460F4610EE102A10EE100A08
:102B40002B4629461CF078FB38B14B493046F9F743
:102B500009FD82465046BDE8F88F25F00049474BF5
:102B60004FF0FF32204649461CF066FB48B9434B04
:102B70004FF0FF32204649461CF040FB08B940495F
:102B8000E4E7404B4FF06042204629461CF04AFBE8
:102B900008B13D49DAE73D4B4FF0604220462946F7
:102BA0001CF022FB0028F4D10022002320462946F5
:102BB0001CF01AFBD0B12D213046FFF748FF05F17C
:102BC000004382461D463249DFF8CC904FF0000B9F
:102BD00000204FF000085FFA8BF39F4208D942466D
:102BE0004B461CF0B9F90BF1010BF4E78246EAE71A
:102BF00022462B461BF0D0FE0D4604461CF05AFB25
:102C000080461CF005F802460B46204629461BF07C
:102C1000C1FE0A2204460D4630464146FFF72CFF0E
:102C2000824427B11B493046F9F79CFC8244DFF807
:102C300068904FF00008013FFFB2FF2F8AD04B464B
:102C40004246204629461CF05DF80D4604461CF01D
:102C500031FB0A22014683463046FFF70DFF8244CE
:102C600058461BF0D5FF02460B46204629461BF06E
:102C700091FE04460D46DEE773050400FFFFEF7F7B
:102C800077050400FFFFEF417B050400FFFFEFC164
:102C90000000E03FC188030000002440C9B2FFF7F4
:102CA00045BF38B5C9B20546FFF740FF0446284680
:102CB000FFF7D0FE204438BD014B1860704700BFBD
:102CC0001C0F00200C4A1368591C13D0013B1360E1
:102CD00083B972B6094B0A4A1A60BFF34F8F09498C
:102CE000094BCA6802F4E0621343CB60BFF34F8F15
:102CF00000BFFDE7704700BF1C0F0020FCFF022053
:102D0000EF6916F000ED00E00400FA050122016011
:102D10000271704770B506683568022B45EA827209
:102D200014BF4FF08074002444EA02043460006849
:102D30009DF81040426801F0070141EA841114BF78
:102D40005B0300230A431343436070BD10B503685F
:102D500012051C6802F440120904224301F44031B8
:102D60000A431A600268536843F44033536010BD4D
:102D70000268136843F00103136003681A68D107FF
:102D8000FCD4DA69D207F9D470470268136843F0BB
:102D9000020313600268D3699B07FCD47047036881
:102DA0001A7E12F0010F03D11A7E12F0020FFAE719
:102DB0007047036800225A8370470368187EC0F387
:102DC000800070470368187EC00970470268137E50
:102DD00043F08003137670470368588BC0F34000BC
:102DE00070470268538B43F00203538370470368B4
:102DF000187E00F0010070470368986AC0B27047FF
:102E000003681A7ED207FCD59962012070470368D7
:102E100001229A757047036801221A75704702688B
:102E2000136843F00103136003681A68D107FCD4E8
:102E3000DA69D207F9D470470268136843F00203D5
:102E400013600268D3699B07FCD470470368DA6992
:102E5000C2F340019207FAD41A6861F341021A6082
:102E6000704738B50D46FFF7F1FF03681A6865F340
:102E70009E721A60BDE83840FFF7DEBF70B50D46A0
:102E8000C1F34006FFF7E2FF03681A6866F35D725C
:102E90001A6003681A6865F31C721A60BDE8704016
:102EA000FFF7CABF0368996203681A7E5207FCD510
:102EB000986AC0B2704780684900B0FBF1F080B2F8
:102EC00008B1013880B2C0B2704770B50B460568D2
:102ED000C3F3400603F0010329681B0743EA467366
:102EE0000B432B6011460368FFF7E5FF187370BDB5
:102EF00038B504460D46FFF7A9FF8168B1FBF5F12F
:102F00000368FFF7D8FF18732046BDE83840FFF785
:102F100093BF0268136843F00103136003681A68E3
:102F2000D107FCD4DA69D207F9D470470268136874
:102F300043F0020313600368DA699207FCD45A8BEA
:102F4000012161F305125A830268D3695B07FCD43F
:102F5000704703681A685A6842F480225A607047C2
:102F600003681A685A686FF392425A6070470368A0
:102F70001A68C2F38202052A5A6801F0030161F35C
:102F800011425A6004D10268D3695B07FCD47047D0
:102F9000704730B50468638BC3F30113022B12D062
:102FA000638BC3F30113032B2CD0638B9D0704D5D4
:102FB000638BC3F30113012B24D1658B15F0300F04
:102FC000C5F3011320D0636A42EA4101C9B261F33B
:102FD0000A036362036842B91A7ED007FCD5588B96
:102FE000C0F3800080F001000BE01A7E9107C2F36D
:102FF0004000F4D41A7ED207F7D55A6842F4403222
:103000005A6030BD0020FCE71846FAE70368996271
:103010000368187E10F0010003D15A8BD207F8D54F
:103020007047588BC0F3800080F001007047036840
:10303000996203681A7EC2F38000520742BF588B20
:10304000C0F3800080F00100704703681868C0F387
:103050008200031F5842584170470368187EC0F32E
:10306000800070470368187E00F001007047036815
:10307000588BC0F3001070470368187EC0F34000FF
:1030800070470368588BC0F3C000704703681A6824
:10309000C2F38202052A02D11A7E9207FCD5986AF1
:1030A000C0B270470368124A934213D002F580629F
:1030B000934211D00F4A934210D002F5005293422E
:1030C0000ED0B3F1864F0DD00B4A93420CD10520A0
:1030D00040B270470020FBE70120F9E70220F7E744
:1030E0000320F5E70420F3E74FF0FF30704700BFFF
:1030F000003000400020014100040043052A30B5A3
:103100001FD0244C09010C44E3B12179224C203119
:1031100054F821506FF3861544F8215054F821508B
:103120006D06FBD403B102711B4C6AB9402244F80E
:1031300021200BB1194B8360174A52F821305B06EE
:10314000FBD530BD6179E1E7012A06D1412244F87F
:103150002120002BF0D0124BEDE7022A06D14222AB
:1031600044F82120002BE7D00E4BE4E7032A07D1D7
:10317000432244F82120002BDED04FF40043DAE74D
:10318000042AD9D1442244F82120002BD4D0064B64
:10319000D1E700BF80050400001C0040000E270797
:1031A000006CDC0200E1F505001BB7002DE9F341DE
:1031B0000546FFF777FF011E3DDB1022062312FBB9
:1031C00001331E4A1E4EDFF87CC01A440424C0207E
:1031D000012732F9028BB8F1000F1FFA88F324DBC4
:1031E0004FEA581E4FEA8E0E0EF1604E0EF5614EFC
:1031F00003F01F03E04407FA03F3CEF8803188F8A8
:103200000003CEF80030013C14F0FF04E1D12A792C
:10321000019101232846FFF771FF2A79019923467E
:1032200002B0BDE8F041FFF769BF03F00F03043BB4
:1032300033441876E7E702B0BDE8F081800504006A
:1032400000ED00E000E100E0F8B504460F46164648
:103250001D46FFF7ABFF2046FFF78AFDBB00710359
:10326000226803F01C0389B20B4313602368842295
:10327000012F9A7513D1012E0CBF10230823084A81
:103280006B43B2FBF3F32268918963F34F31918171
:1032900022689189C3F3CC0363F30C019181F8BDDB
:1032A0000060E316F8B505460C4617461E46FFF7C4
:1032B000B6FDFFF77BFF24049DF81820296804F46D
:1032C000403444EA82743A0502F44012224342F048
:1032D0000C020A602B6806F0070646F400365E60B2
:1032E0002A68D3695B07FCD4F8BD000038B50546F1
:1032F0000C46FFF75BFF2846FFF70BFE2B681422F6
:103300001A602A68054BD1686400B3FBF4F3013BF3
:10331000DBB263F30701D16038BD00BF006CDC0293
:1033200001207047036840F213421B6A1847D0F827
:103330007821D0F874319A421DBFD0F87831C01886
:10334000007D4FF0FF30704710B504460069FFF76D
:103350000FFD0023C4F87431C4F87831C4F8DC32AE
:10336000C4F8E03210BD01F47061B1F5007F08D0FF
:10337000B1F5407F07D0B1F5807F14BF0020052054
:103380007047062070470720704701F00F010129A0
:1033900004D0022914BF022001207047002070478A
:1033A0002DE9F3410446334E90F8E402182707FB59
:1033B0000063884693F90810154601F065F894F803
:1033C000E50207FB006393F9081001F05DF894F83B
:1033D000E732022B09D194F8F802FF2805D007FB49
:1033E000006797F9081001F04FF894F8E802FF28F9
:1033F00017D0012100F0C2FF94F8E82218235343AC
:10340000F118F2561C4B4968D2011344C4F8EC324F
:103410001A4B134401228A40C4F8F032C4F8F42253
:103420001A600122434611462069FFF70DFF294625
:103430002046FFF798FF2946064605F0F00520468E
:10344000FFF7A3FFA5F1300255425541034631462F
:10345000206900950122FFF75DFC206994F8E622BF
:1034600094F8E712FFF772FC206902B0BDE8F04162
:10347000FFF78BBCE001040018800041148000417C
:1034800010B54FF4AF72044600211DF07FF9002300
:10349000C4F860312046C4F8643110BDF8B5164652
:1034A0001D4600224FF47A73C0E901230F4B0446F6
:1034B00040F8143B0F46FFF7E3FF04F5BE70FFF73B
:1034C000DFFF9DF8183084F8E6329DF81C3084F850
:1034D000E732FF23276184F8E46284F8E55284F838
:1034E000E83284F8F8322046F8BD00BFE805040051
:1034F000D0F86031D0F86401181A48BF00F5AF70F9
:10350000704738B5044600F5BE752846FFF7F0FF52
:103510000028FAD12069BDE83840FFF740BC08B563
:103520001430FFF7E5FF08BDD0F86021D0F8643112
:103530009A4208DBD0F86031D0F86421C3F5AE7050
:10354000013010447047D0F86431D0F86001181A87
:103550000138704708B500F5BE70FFF7E5FF08BDFC
:1035600010B504460069FFF737FC28B12069FFF762
:1035700043FC2069FFF735FC2069FFF71EFC20B3F0
:103580002069FFF739FCD4F874214FF4AF71013290
:10359000B2FBF1F301FB1323D4F8782193421FBF50
:1035A000D4F8742112191075C4F8743194F8E83203
:1035B000FF2B0AD004F11400FFF7B6FF0928DEBF85
:1035C000D4F8EC32D4F8F4221A602069FFF70FFC2B
:1035D000F0B104F5BE70FFF78BFF40B3D4F8E022E2
:1035E000D4F8DC329A421FD0D4F8E03223444FF4AE
:1035F000AF7093F87C11D4F8E0320133B3FBF0F2F2
:1036000000FB1233C4F8E0322069C9B2FFF7F8FBBF
:103610002069FFF7D7FB70B12069FFF7D7FB20695E
:10362000BDE81040FFF7C5BB4FF0FF31ECE7206964
:10363000FFF7F1FBECE710BD2DE9F041044600690E
:103640000D46FFF7D4FB002846D1294E294F4FF4F1
:10365000AF78D4F8DC32D4F8E0120133B3FBF8F2DF
:1036600008FB12338B421ED1EFF31083DB0711D41A
:103670007368C3F30803002BEBD0103B9AB2002B06
:10368000BBBF02F00F03043BDB199B19ACBF93F8DF
:1036900000331B7E2069FFF7AAFB0028D9D0204603
:1036A000FFF75EFFD5E7D4F8DC220132B2FBF8F376
:1036B00008FB1323D4F8E02293421EBFD4F8DC2287
:1036C000121982F87C51206918BFC4F8DC32FFF768
:1036D0009EFB0120BDE8F08104F5BE70FFF708FFF6
:1036E0000028B2D120692946FFF78AFBF1E700BF25
:1036F00000ED00E000E100E038B5D0F87821D0F826
:1037000074319A4204461DD0D0F8783103444FF406
:10371000AF711D7DD0F878310133B3FBF1F201FBBD
:103720001233C0F8783194F8E832FF2B08D004F156
:103730001400FFF7F9FE0A28C4BFD4E9BC321A60AE
:10374000284638BD4FF0FF35EDE700002DE9F04188
:103750000B4D0C4F0C4EDFF8348000243B68A34225
:1037600001D8BDE8F08172692B681A4204D058F87C
:10377000243098472B68736101340435EEE700BFAD
:10378000F43400203835002000280040B0340020F8
:103790000020FFF7DBBF0120FFF7D8BF0220FFF7B3
:1037A000D5BF0320FFF7D2BF0420FFF7CFBF05200E
:1037B000FFF7CCBF0620FFF7C9BF0720FFF7C6BF42
:1037C0000820FFF7C3BF0920FFF7C0BF0A20FFF79B
:1037D000BDBF0B20FFF7BABF0C20FFF7B7BF0D200E
:1037E000FFF7B4BF0E20FFF7B1BF0F20FFF7AEBF4A
:1037F00010B5044600681CF0FDFE204610BD10B553
:103800000446006808B11CF0F5FE0023C4E901334A
:10381000236010BD38B504460D46006801311DF027
:10382000C3FE10B1C4E90005012038BD036810B51E
:10383000044623B143688B4201D3012010BD2046CA
:10384000FFF7E8FF0028F9D0A368002BF5D1226824
:103850001370F2E770B50E46114604461546FFF7A1
:10386000E5FF20B92046FFF7CAFF204670BD20685B
:10387000A56031461EF06EF8F7E7002313B5C0E9E6
:1038800000330446836041B1084601911EF0B6FF43
:10389000019902462046FFF7DDFF204602B010BD29
:1038A00013B5044659B1084601911EF0A7FF0199CE
:1038B00002462046FFF7CEFF204602B010BDFFF7BC
:1038C0009EFFF9E7826808B53AB921B10878B0FAE5
:1038D00080F0400900E0012008BD006809B90078C7
:1038E000F5E71EF02BF8F2E783688B4201D90068F8
:1038F00018B903480023037070470844704700BF9D
:103900003C35002010B504683CB1013C14F8010FAF
:1039100018B11FF05DFF2070F8E710BD2DE9F041F0
:103920000668054606B38468F4B1B046474618F801
:10393000010B1CF017FD0028F8D1013C344420781D
:103940001CF010FD18B1A74201D8013CF7E7621C3A
:10395000D21BBE42AA6003D2394630461CF0EEFEAE
:103960002A68AB680021D154BDE8F081006808B135
:103970001CF013B870470000006808B11CF00AB8CA
:103980009FED010B704700BF000000000000000029
:1039900008B5FFF7F1FF51EC100B1BF0ABFC00EE8C
:1039A000100A08BDFEE7FEE7194B1A481A4A83427F
:1039B00010B51DD09A421DD01446194681422246A8
:1039C00011D3834219D1154AD2F8883043F47003D9
:1039D000C2F88830BFF34F8FBFF36F8F00F0B6F897
:1039E00000F090F8FEE7126841F8042B0434E5E794
:1039F0001946E6E719461A46E3E78A42E3D0084B40
:103A0000084A002101E043F8041B9342FBD3DAE7A4
:103A10000000002030120020804B040000ED00E088
:103A200030160020344E002008B500F068F818B9B0
:103A3000BDE8084000F042B808BD0000014B18681E
:103A4000704700BF40350020124A1349F0B5134DAE
:103A500097684B682E68C3F3806390684C68D5F80C
:103A600000C0C4F38064A3420FD166450DD18742E4
:103A70000BD3526842F22220D21B504333444FF4FE
:103A80007A72534303EB1050F0BD66462346074657
:103A9000E3E700BF10E000E000ED00E0403500206B
:103AA00040B178235843044B596814385A68521A65
:103AB0009042FBD8704700BF001000E0024A136834
:103AC00001331360FFF7FEB84035002008B5FAF760
:103AD0008BFEFAF78EFE08BD38B5044670B1FFF7CD
:103AE000B3FF0546FFF7F2FFFFF7AEFF401BB0F54F
:103AF0007A7FF7D3013C05F57A75F5D138BD002002
:103B00007047704708B500F015F91CF007FCFFF787
:103B1000F8FF0120FFF7E0FF0020FAF75FFEF3F760
:103B20007DFF054CF3F7FCFCFFF7D0FF002CF9D02C
:103B3000AFF30080F6E700BF000000001CF052BDAC
:103B40001CF050BD1CF056BD1CF054BD6B4A1388D0
:103B50009BB213806A4B1A7842F001021A705A68BD
:103B6000D207FCD44FF48272DA625A689006FCD411
:103B70004FF4827262491A624A6812F00402FBD161
:103B8000604B1A77604A9A6293F82C2012F0100268
:103B9000FAD183F820205B4B1A4693F82C10490782
:103BA000FBD4197F41F00201197792F82C30980765
:103BB000FBD4536A5362534B1A4693F82C100907EF
:103BC000FBD4982183F820101369D805FCD54C4B01
:103BD0004E4A5A635A681106FCD44522C3F8842021
:103BE000484B77225A63DA6B5207FCD44FF40062D9
:103BF0009A63022283F83020424B1A6C9007FCD55E
:103C00001A6CD107F9D53E4A4521C2F888106322C3
:103C10009A643C4B1A6D5207FCD44FF40062DA648C
:103C2000022283F84420374B5A6D9007FCD55A6D19
:103C3000D107F9D5324B40F206325A625A68120760
:103C4000FCD44FF442729A625A68D006FCD4304ACF
:103C50001A632B4B1A4659684906FCD440F20731C7
:103C60001962536813F00403FBD12A4901224A71F7
:103C700001F58051886963F38200886172B6264B32
:103C80009A6062B6254AD36843F08073D360244AB1
:103C9000136843F0010313604FF08013214A1B683F
:103CA00003F003019184C3F30222C3F34211120112
:103CB00042EA0122C3F382010A431B49A1F84820CA
:103CC000C3F38252C3F3C241120142EA0122C3F399
:103CD00002431343154AA2F84830154B1A6802F004
:103CE0001F01C2F3441343EA8113C2F3822243EA61
:103CF00002334FF082421385704700BF00400041FD
:103D0000001C0040001000400000010406013000CB
:103D1000060304000008004000600041F0ED00E0F0
:103D2000001000E000200042001C0043002000437F
:103D300084008000404BF7B51B684FF47A72B3FBE8
:103D4000F2F3013BB3F1807F72D23C4A53603C4BAB
:103D5000C02183F823100720002191601060802289
:103D600083F82320374B5A6942F470425A619A69AA
:103D700042F4FC429A61DA6942F07802DA611A6A26
:103D80006FEA92226FEA82221A6203F5A05341225F
:103D9000C3F82021C3F8242103F14073009303F5F5
:103DA000806301936C460425022605274FF4C05C0E
:103DB00054F8043B1A8865F30A221A80DA8866F3FD
:103DC000C402DA801A6B1007FCD4DF721A6B520639
:103DD000FCD4A3F804C01A6B12F00402FBD19A724F
:103DE000186B10F02000FBD119B300F071F8164BDE
:103DF0004422C3F82821D3F828215006FBD5134AC2
:103E000013469168C907FCD4117841F00101117083
:103E10009A68D207FCD400225A709A89022161F371
:103E20000B229A81DA8961F30B22DA8103B0F0BDAB
:103E3000FEE70121BCE700BF200F002010E000E0FA
:103E400000ED00E000080040001C0040002400439A
:103E5000184B194A19490A2810B51860184B12DD79
:103E6000D0886FF3C400D080DA886FF3C402DA80A0
:103E70000C23114A0B60136B1907FCD4104A136B07
:103E80001B07FCD410BD08280ADDD488022060F38B
:103E9000C404D480DA8860F3C402DA800A23E8E735
:103EA000D08840F01800D080DA8842F01802DA801A
:103EB0000823DEE7280F0020001C0043240F002009
:103EC00000200043014B1860704700BF2C0F0020FA
:103ED0002E4B1A46196BC906FCD42D490B6BDB0619
:103EE000FCD401382A4B0A284CD8DFE800F0061B26
:103EF000212529324B363A483E00264BDA696FF3CA
:103F00001342DA61DA6942F00402DA611F4A137A75
:103F10006FF30303137292F808346FF3030382F80C
:103F2000083470471B4BDA69012161F31342E8E75B
:103F3000184B0221DA69F8E7164B0321DA69F4E736
:103F4000144BDA69042161F31342DA61DA690A4336
:103F5000DBE7104B0521DA69E7E70E4B0621DA694A
:103F6000E3E70C4B0721DA69DFE7117A042060F3FD
:103F7000030111721A7A60F303021A727047117A00
:103F80000220F4E7117A0320F1E700BF001C004390
:103F90000020004300180040062810B5044600F039
:103FA0008980052800D80E340121204600F06CFAE3
:103FB000A4F10E03012B32D8B4F10E023F4B18BF0F
:103FC0000122995C39B3002199543D4B99688907C6
:103FD000FCD4986810F00100F8D1197860F3410121
:103FE0001970374B99688807FCD4996811F0010162
:103FF000F8D1043203EB42039A8861F341029A80BC
:104000002F4B9A689107FCD49A68D207F9D41A7892
:1040100042F002021A702A4A93689807FCD4294B8E
:10402000182202FB0432D06810F0020F1A4643D166
:1040300010F080003DD0244B196B4907FCD41820A8
:1040400000FB04249A88217C61F304029A801A6B95
:104050009407FCD41A8842F002021A801A6B900767
:10406000FCD41A7D42F002021A75012283F82E2038
:104070001A7D42F002021A7593F82E20D107FBD563
:10408000B3F8400080B21A6B12F00202FBD119881B
:1040900062F3410119801A6B9207FCD40B4B1A682A
:1040A0000B4B1B689A4204D08BBFD31A9B1AD84083
:1040B000984010BD142477E7064BBDE74435002037
:1040C00000240043E001040000200043240F0020EE
:1040D000280F0020001C0043F8B5934B182202FB68
:1040E00000320546D36898070C4674D5A5F10E0139
:1040F000012970D88D4B1B680C2B05D08BBF0C3B56
:10410000C3F10C03DC409C400121284600F0BCF9BF
:10411000B5F10E06864B18BF01269A5D002A35D1EF
:1041200001229A55834B9A689107FCD4996811F043
:104130000101F8D11A7861F341021A707D4B9A6837
:104140009207FCD49A68D707F9D4321D03EB4203D7
:104150009A8842F002029A80764B9A689007FCD4C3
:104160009A68D107F9D41A780E2D42F002021A701B
:10417000704B1ED1DA79D207FCD59A685707FCD468
:10418000A2B21A8242F21070FFF78AFC694B043621
:1041900003EB4606B2889207FCD50E2D654A11D175
:1041A000D979CF07FCD593685E07FCD4A4B21482FA
:1041B000F8BDDA799007FCD59A681107FCD4A2B251
:1041C0005A82DFE7D9798D07FCD593681807FCD4AC
:1041D000A4B25482ECE713F4427F00F0B5801907D3
:1041E00092F91370967C40D50421284600F04CF9D2
:1041F000514A524BD15D53F8273000296DD101212E
:10420000D1554F4A4F4952F827202032402041F8DB
:1042100022001A68022F42F001021A602DD91A6991
:1042200012F00102FBD1196862F3410119601A69A9
:104230009007FCD440F204621A6002221A731A69D1
:104240005106FCD41E44E4B234771A695206FCD4F9
:10425000FF22DA761A699706FCD41A6842F0020245
:104260001A601A699607FCD4A2E7DA0501D5052180
:10427000BBE79B05BCD50621B7E79A6812F001029F
:10428000FBD1196862F3410119609A689507FCD463
:104290004FF4C0621A600222DA639A685006FCD4B6
:1042A0009A68D105FCD49A689205F9D4103603EBCC
:1042B000860674609A68D705FCD49A689605F9D486
:1042C000FF221A649A681506FCD41A6842F00202AA
:1042D0001A609A689407FCD46AE7022F09D91E4431
:1042E000E4B234771A695006FCD41A691106F9D47D
:1042F0005EE79A685207FCD49A68D705FCD49A689E
:104300009505F9D41C3643F826409A68D005FCD4AC
:104310009A689105F9D41A7942F002021A719A68E2
:104320005207FCD444E700BFE00104002C0F00203A
:10433000443500200024004346350020000F0020B3
:10434000C4010400001C00400121284600F016F8BA
:10435000094B1B68082B05D08BBF083BC3F1080332
:10436000DC409C407F2C284698BF0021BDE8F840E7
:1043700088BF012100F046B82C0F0020182310B58B
:104380001F4C5843221892F90830013313D0526859
:1043900023560120904003290DD8DFE801F00225C3
:1043A0000D19DB0103F1824303F500431A44022196
:1043B00082F84010586010BDDB0103F1824303F521
:1043C00000431A44062182F8401058609861F2E7D1
:1043D000DB0103F1824303F500431A44062182F80E
:1043E000401058605861E6E7DB0103F1824303F5B2
:1043F00000431A44422182F840109860DBE700BF76
:10440000E0010400182330B5114D58432B1893F9DF
:104410000820013219D05C682B56D80100F1824384
:1044200003F5004301229D68A240154209D12344AF
:104430000D1E93F8404018BF012565F3820483F8F0
:104440004040044B034409B95A6130BD9A61FCE70E
:10445000E00104000080004118230A4958430A186B
:1044600092F9083001330BD00B56DB0103F1824384
:1044700003F50043186A5368D84000F00100704704
:1044800000207047E001040038B51823294D03FBD4
:1044900000F2AC1894F90830B3F1FF3F48D00D2971
:1044A00007DC002919DA01314FF0FF3018BF002076
:1044B00038BDA1F10E03DBB2032B04D80F2904D1C0
:1044C0000021FFF75BFF0020F2E7102901D1022154
:1044D000F7E71129F7D10121F3E7AD566468164BD0
:1044E000ED0162082B4414F00100C9B21A4410D047
:1044F00092F8300000F00F0040EA01112344C9B2E5
:1045000082F8301093F8402042F0410283F84020B6
:10451000D9E792F8305005F0F0052344294382F89A
:10452000301093F8402042F0410283F84020BFE76A
:104530001846BDE7E0010400008000410B4601463B
:1045400018461BF06FBAFFF7F9BAFFF7F9BA000087
:104550002DE9F843334D2B685A1C07462A60002B7F
:104560005CD1314C314B3248DFF8F080DFF8F0900D
:10457000304E01221A702368996800F0E9F9236827
:104580002D48596800F0E4F923682C48D96800F0F8
:10459000DFF92749404606F077FA2749484600F0F8
:1045A000CFFB2649304606F06FFA2449244806F02E
:1045B0006BFA3369C6F8748043F40053336123689F
:1045C00020489968C9F8788000F0D2F923681E481D
:1045D00059681E4EDFF88C8000F0CAF923681C4829
:1045E000D9681C4C00F0C4F91649304606F0A2FA0E
:1045F0001549404600F0F0FB1549204606F09AFAAE
:104600001349154806F096FA2369C8F8786043F410
:10461000005323612B68666701332B603846BDE881
:10462000F88300BF50350020BC0F0020300F002061
:104630006C3600209C3700201C36002044360020B9
:1046400028380020E436002094360020F43A002078
:10465000BC360020D4390020643A0020B438002051
:104660000C370020403900200D4A1368591E022BD8
:1046700010B50446116011D10A4806F037FA0A480D
:1046800006F034FA094806F031FA094806F084FACF
:10469000084806F081FA084806F07EFA204610BD68
:1046A00050350020B43800209C37002028380020E6
:1046B000F43A0020D4390020643A002082B037B5A3
:1046C00006AD85E80C000A9A0B6801920022009260
:1046D0001D69DDE906230446A847204603B0BDE86E
:1046E000304002B0704782B037B506AD85E80C00A7
:1046F0000A9A0B680192002200921D69DDE90623E7
:104700000446A847204603B0BDE8304002B07047D9
:1047100010B5034B0360044606F05CFB204610BD59
:104720006006040010B5034B0360044606F046FB28
:10473000204610BD2006040010B50446FFF7F2FF26
:104740002046FFF7FFF9204610BD10B50446FFF7DD
:10475000DFFF2046FFF7F6F9204610BD10B50446EE
:10476000006A1BF095FD606210BD10B50446006A3A
:104770001BF08EFD216ABDE810401FF0ADBA4A1C47
:1047800010B50446084602D1606A431C02D0216A73
:104790001FF0A2FA4FF0FF33636210BD006A1BF0F6
:1047A00017BA006A1BF014BA08B50B465A1C016A06
:1047B00007D108461BF00CFA003818BF0120404210
:1047C00008BD1846BDE808401CF0E4BE2DE9704362
:1047D000069B0E464FF0FF3811464FF0FF3900227E
:1047E000C0E90089C0E90222044693B1012B0CBF45
:1047F00001220222306A1BF067FB054630B9306A9D
:104800001BF020FCC117C4E90001A5602046BDE8EB
:1048100070831A46EEE72DE97043069B0E464FF073
:10482000FF3811464FF0FF390022C0E90089C0E986
:104830000222044693B1012B0CBF01220222306AEE
:104840001BF042FB054630B9306A1BF0FBFBC11779
:10485000C4E90001A5602046BDE870831A46EEE772
:1048600010B50446006A1BF057FD606210BDF8B534
:1048700005460E4617460024BC4208D0286A1BF0A5
:104880004BFD431C03D046F824000134F4E73CB14F
:1048900004F18043013B56F823306B622046F8BD9B
:1048A0004FF0FF33F9E710B50446006A1BF034FD02
:1048B000216ABDE810401FF053BA4A1C10B50446E7
:1048C000084602D1606A431C02D0216A1FF048FAF0
:1048D0004FF0FF33636210BD08B50B465A1C016AE6
:1048E00007D108461BF074F9003818BF0120404278
:1048F00008BD1846BDE808401CF054BEF8B5054692
:104900000E4617460024BC4208D0296A56F82400F7
:104910001CF048FE013001D00134F4E72046F8BD18
:10492000034608461B6A01211BF0A4BC38B50C469F
:10493000036A0546012120461BF0B8FA0028CABFC9
:1049400024184FF0FF3314F8013C6B6238BD0000AF
:1049500038B504460D4606F023FB044B23604FF0A8
:10496000FF3325626362204638BD00BF2006040085
:1049700038B504460D4606F041FB044B23604FF06A
:10498000FF3325626362204638BD00BF6006040025
:1049900008B51AF0D9FF08B51AF0D6FF08B51AF015
:1049A000D3FF08B51AF0D0FF0FB480B584B000AFC4
:1049B00007F1180454F8042B7A6010461DF01EFF0E
:1049C00000F2072323F00703ADEB030D00F50071A0
:1049D0007A68FC602346684606F046F91AF0B4FF90
:1049E00008B51AF0B1FF000010B5034B0360044690
:1049F00000F01CF9204610BD3807040010B5034B29
:104A00000360044600F012F9204610BD4807040078
:104A100010B50446FFF7E8FF2046FFF793F820465D
:104A200010BD10B50446FFF7E9FF2046FFF78AF8EE
:104A3000204610BD08B5836F0BB941F00101036931
:104A40004161194202D0024811F028FC08BD00BFA4
:104A50001C07040008B543691943FFF7EBFF08BDC5
:104A600010B5044600F0A2F8054B23600023C4E90A
:104A70001E33C4E920332367A4F87430204610BDE8
:104A80003807040038B5044608460D4601F078FAA8
:104A900010B1284601F00AF8E067284601F08EFAC6
:104AA00010B1284601F0BAF8C4F88000284601F099
:104AB000A3FA10B1284601F0CFF8C4F8840038BD3D
:104AC00038B504460D460CF0B4FD04F16C012046E7
:104AD000FFF7D8FFA567B5FA85F500236D092367B1
:104AE000A4F874302361656138BD000008B5C36F58
:104AF0000BB941F0010103694161194202D002483A
:104B000011F0CCFB08BD00BF1C07040008B54369C9
:104B10001943FFF7EBFF08BD10B5044600F046F857
:104B2000064B23600023C4E91C33C4E91F33C4E9E6
:104B3000213384F87830204610BD00BF48070400B8
:104B400038B5044608460D4607F0FCF810B1284673
:104B500007F026F8C4F88000284607F011F910B1D4
:104B6000284607F059F8C4F88400284607F026F9CB
:104B700010B1284607F06EF8C4F8880038BD38B583
:104B800004460D460CF055FD04F16C012046FFF77C
:104B9000D7FFE567B5FA85F500236D09636784F8EB
:104BA000783023672361656138BD00000F4B10B575
:104BB00000F1240103600023C0E90133C0E903339D
:104BC000C0E90533C0E9073304460A466430C2E948
:104BD000003308329042FAD10823C4E9193104F1B4
:104BE0006C000DF0DFFA204610BD00BFC8070400BE
:104BF00070B5846905460E4634B1D4E901322946C0
:104C0000304698472468F7E770BD38B50446806998
:104C100040B1C3685A1EC26023B90568FEF792FF0F
:104C20002846F5E70023A36138BD00000C4B10B502
:104C3000002104460360FFF7DBFF2046FFF7E5FF96
:104C4000A06E04F12403984204D008B1FEF77CFF63
:104C50000023A36604F16C000CF078FD204610BD23
:104C6000C807040010B50446FFF7E0FF2046FEF732
:104C700069FF204610BD000010B5064B03601433D9
:104C800083600023044643600830FFF7ADFE2046F2
:104C900010BD00BFE4070400D0F800C0ACF10C0C5C
:104CA000DCF800C06044E7E710B5064B036014333E
:104CB00083600023044643600830FFF79FFE2046D0
:104CC00010BD00BF14080400D0F800C0ACF10C0CFB
:104CD000DCF800C06044E7E710B50446FFF7CCFFFE
:104CE0002046FEF72FFF204610BDD0F800C0ACF1E3
:104CF0000C0CDCF800C06044EEE710B50446FFF78A
:104D0000D3FF2046FEF71EFF204610BDD0F800C09E
:104D1000ACF10C0CDCF800C06044EEE710B50446C2
:104D20000868496850F80C3C2060E150002363603B
:104D300050F80C0C11462044FFF7C2FE204610BD6F
:104D400037B500F10805044628460191FFF788FEB3
:104D5000064B23601433A360002328460199636047
:104D6000FFF7AEFE204603B030BD00BFE4070400ED
:104D700010B5044681B91368236079B9526853F8B5
:104D80000C3CE250002363608B0703D504F108005C
:104D9000FFF72AFE204610BD024BEDE7024A08232A
:104DA000EFE700BFE4070400F80704000A4600210B
:104DB000FFF7DEBF10B504460868496850F80C3CA0
:104DC0002060E1500023636050F80C0C1146204431
:104DD000FFF7D5FE204610BD37B500F108050446A3
:104DE00028460191FFF798FE064B23601433A36019
:104DF0000023284601996360FFF7C1FE204603B0F7
:104E000030BD00BF1408040010B5044681B9136812
:104E1000236079B9526853F80C3CE2500023636078
:104E20008B0703D504F10800FFF7E8FD204610BD0D
:104E3000024BEDE7024A0823EFE700BF1408040025
:104E4000280804000A460021FFF7DEBF03689B68BC
:104E500018478368587C70478368987C70478368DC
:104E6000D86A704783681B6B0020DAB262F30700D0
:104E7000C3F3072262F30F20C3F3074262F3174024
:104E80001B0E82B063F31F6002B0704783685B6BD8
:104E90000020DAB262F30700C3F3072262F30F20A7
:104EA000C3F3074262F317401B0E82B063F31F6027
:104EB00002B070478368587C70478368987C70475D
:104EC0008368D86A704783681B6B0020DAB262F38C
:104ED0000700C3F3072262F30F20C3F3074262F314
:104EE00017401B0E82B063F31F6002B070478368E7
:104EF0005B6B0020DAB262F30700C3F3072262F3B0
:104F00000F20C3F3074262F317401B0E82B063F316
:104F10001F6002B07047836893F82400704783686D
:104F200093F82500704700207047002070477047B5
:104F30000020914204D211F8013B03EB7060F8E7C6
:104F4000704700000D4B10B5036090F843300446E5
:104F50007BB1806808B1FEF7F7FD606908B1FEF724
:104F6000F3FDE06908B1FEF7EFFD606A08B1FEF7F6
:104F7000EBFD20460CF073FB204610BD180B04001F
:104F80000D4B10B5036090F8433004467BB1806848
:104F900008B1FEF7D9FD606908B1FEF7D5FDE069FB
:104FA00008B1FEF7D1FD606A08B1FEF7CDFD2046DD
:104FB0000CF055FB204610BD280B040010B5034B28
:104FC000036004460CF04BFB204610BDAC0A040005
:104FD00010B5034B036004460CF041FB204610BDA6
:104FE000C40A04000B4B10B5036090F8643004460B
:104FF0005BB1806808B1FEF7A7FD606908B1FEF7F4
:10500000A3FDE06908B1FEF79FFD20460CF027FBE9
:10501000204610BD380B040010B5034B0360044656
:105020000CF01DFB204610BD7009040010B5034BA9
:10503000036004460CF013FB204610BDAC090400CD
:1050400010B5034B036004460CF009FB204610BD6D
:10505000DC09040010B5034B036004460CF0FFFAB2
:10506000204610BDDC0A040010B5034B0360044663
:105070000CF0F5FA204610BDF00A040010B5044605
:10508000FFF760FF2046FEF75DFD204610BD10B51E
:105090000446FFF775FF2046FEF754FD204610BD7D
:1050A00010B50446FFF78AFF2046FEF74BFD204669
:1050B00010BD10B50446FFF78BFF2046FEF742FDFA
:1050C000204610BD10B50446FFF78CFF2046FEF7C2
:1050D00039FD204610BD10B50446FFF79DFF204660
:1050E000FEF730FD204610BD10B50446FFF79EFFC9
:1050F0002046FEF727FD204610BD10B50446FFF7F9
:105100009FFF2046FEF71EFD204610BD10B5044649
:10511000FFF7A0FF2046FEF715FD204610BD10B595
:105120000446FFF7A1FF2046FEF70CFD204610BD08
:1051300013B58B6801AA9968044610F0A1FA2046BD
:1051400002B010BD13B58B6801AA5969044610F06E
:1051500097FA204602B010BD13B58B6801AAD96931
:10516000044610F08DFA204602B010BD13B58B68CE
:1051700001AA596A044610F083FA204602B010BD15
:1051800013B58B6801AA9968044610F079FA204695
:1051900002B010BD13B58B6801AA5969044610F01E
:1051A0006FFA204602B010BD13B58B6801AAD96909
:1051B000044610F065FA204602B010BD13B58B68A6
:1051C00001AA596A044610F05BFA204602B010BDED
:1051D00013B58B6801AA9968044610F051FA20466D
:1051E00002B010BD13B58B6801AA5969044610F0CE
:1051F00047FA204602B010BD13B58B6801AAD969E1
:10520000044610F03DFA204602B010BD10B5054B23
:10521000044640F8083B0CF0B5F820460CF01FFAA5
:10522000204610BD640A040010B50446FFF7EEFFE7
:105230002046FEF787FC204610BD000010B5054B48
:10524000044640F8083B0CF09DF820460CF007FAA5
:10525000204610BD3009040010B50446FFF7EEFFEC
:105260002046FEF76FFC204610BD000038B50D4B00
:105270000360056904460CF01DFA854203D015B1A0
:105280002846FEF761FCA06810B103685B68984788
:1052900004F10C000CF076F820460CF0E0F9204602
:1052A00038BD00BFEC09040010B50446FFF7DEFF6F
:1052B0002046FEF747FC204610BD2DE9F04385B09F
:1052C0001C46804603AB02A810F0F0F90C9A01AB23
:1052D000214603A810F0EAF9DDF80890039D59F87B
:1052E0000C7C55F80C6C4F442E442A4649464046E7
:1052F0000CF07FF9044670B948461DF07FFA8144EE
:1053000028461DF07BFA4F4505EB00040DD1341BF8
:1053100018BF4FF0FF3403A80FF020FF02A80FF0D2
:105320001DFF204605B0BDE8F083A64203D009F179
:105330000109651CD9E70124EDE700002DE9F743D9
:1053400015461C46224B036022466B46074688469C
:1053500001A8294610F0AAF9019E621B56F80C3CE0
:105360005400204606EB0309FEF7EAFB05462346F8
:105370003246294640460CF047F984420DD8441C79
:105380002846FEF7E1FB2046FEF7DAFB23460546FA
:105390000146324640460CF037F902462946384667
:1053A00010F08AF830461DF029FA3044814505D0C6
:1053B000461C0021384610F008F9D8E72846FEF7C9
:1053C000C3FB01A80FF0CAFE384603B0BDE8F08366
:1053D000EC4A00200A2808D82F2918D93030C0B24A
:1053E000814214D2A1F130007047A1F13003092BA2
:1053F000F8D9A1F16103052B02D8A1F1570070473C
:10540000A1F14103052B02D8A1F1370070474FF0FD
:10541000FF30704708B4FFB50E4604200021174640
:105420001BF066F8164905461CF088FA30B328468A
:105430001DF0E4F9421C10460192FEF781FB29465B
:10544000019A04461BF07AF90D4904201BF050F82C
:105450000AAB099A0393394630461EF0D5FC05463F
:1054600034B1214604201BF043F82046FEF76CFBC4
:10547000284604B0BDE8F04001B070470446E7E7B5
:10548000AD9C030013460A4611B119781BF0F8B819
:10549000084670470AB11BF051B970470B461146D8
:1054A0001A460BB11BF072B9704703689B68184726
:1054B00070B5037F04460D4613B14118487F70BD97
:1054C00010F0F7FC2368294620469B69BDE8704030
:1054D0001847F7B51446027F012A05460E4608D143
:1054E000A14203D0621A18461BF028F9204603B0E7
:1054F000F0BD1AB9019310F0DCFC019B2A68D76952
:10550000314622462846BC4603B0BDE8F04060471D
:1055100070B54418164694F81D313BB903681B6AF0
:1055200098478642034618BF84F81D01184670BD8F
:1055300000390B4A026018BF01210022C0E9022293
:10554000C0E90522C0E90722C0E90922C0E90B220F
:10555000416002828274426380F84320704700BF3A
:10556000180B040000390B4A026018BF0121002209
:10557000C0E90222C0E90522C0E90722C0E90922E8
:10558000C0E90B22416002828274426380F84320AA
:10559000704700BF280B040010B5003A18BF012265
:1055A000054B4260002204460360816011460CF006
:1055B00065FE204610BD00BF300A040003689B68EA
:1055C00018470368DB68184710B50B6804461B6969
:1055D0009847204610BD10B50B6804465B69984794
:1055E000204610BD10B50B6804469B6998472046BD
:1055F00010BD10B50B680446DB699847204610BD06
:1056000003681B6A184703685B6A82B002B01847D8
:1056100003689B6A82B002B01847000010B5003AD8
:1056200018BF0122054B42600022044603608160DE
:1056300011460CF0DFFD204610BD00BFFC09040040
:1056400003689B6818470368DB68184710B50B6848
:1056500004461B699847204610BD10B50B680446E8
:105660005B699847204610BD10B50B6804469B69DE
:105670009847204610BD10B50B680446DB69984773
:10568000204610BD03681B6A184703685B6A82B036
:1056900002B0184703689B6A82B002B01847F0B5A1
:1056A00089B006AE86E80C00139A0B680592129A30
:1056B0000492119A03929DF8402002920EAA044689
:1056C0000D4692E803008DE8030020469F682946B6
:1056D00096E80C00B847204609B0F0BDF0B589B097
:1056E00006AE86E80C00139A0B680592129A049293
:1056F000119A03929DF8402002920EAA04460D468C
:1057000092E803008DE803002046DF68294696E80A
:105710000C00B847204609B0F0BD70B586B004ACA7
:1057200084E80C009DF8302002920B9A01920B68DD
:105730009DF8282000929E6894E80C000546B0472A
:10574000284606B070BD70B586B004AC84E80C0085
:105750000D9A03929DF8302002920B9A01920B68E9
:105760009DF828200092DE6894E80C000546B047BA
:10577000284606B070BD00000039084A026018BF14
:1057800001210022C0E90222C0E90522C0E9072266
:1057900041600274828480F864207047380B0400F2
:1057A00010B5003A054B036018BF01220446426061
:1057B000816000210CF09EFE204610BD4C090400C3
:1057C00003689B6818470368DB68184710B50B68C7
:1057D00004461B699847204610BD10B50B68044667
:1057E0005B699847204610BD10B50B6804469B695D
:1057F0009847204610BD0000003A084B18BF012210
:1058000010B542600360816004460BF053FF002135
:10581000206120460CF06CFF204610BDEC0904000E
:1058200083689A680A60DB684B60704783681A690E
:105830000A605B694B60704783689A690A60DB693C
:105840004B6070478368DA6A0A601A6B4A605A6B69
:105850008A609A6BCA60DA6B0A611A6C4A615B6C87
:105860008B61704783689A6C0A60DA6C4A601A6DC3
:105870008A605A6DCA609A6D0A61DA6D4A611B6E60
:105880008B61704783685A6E0A609A6E4A60DA6E5E
:105890008A601A6FCA605A6F0A619A6F4A61DA6F3A
:1058A0008A61D3F88020CA61D3F884200A62D3F8D1
:1058B00088204A62D3F88C208A62D3F89030CB6279
:1058C00070478368D3F894200A60D3F898204A6020
:1058D000D3F89C208A60D3F8A020CA60D3F8A42013
:1058E0000A61D3F8A8204A61D3F8AC208A61D3F8C2
:1058F000B020CA61D3F8B4200A62D3F8B8204A6253
:10590000D3F8BC208A62D3F8C030CB6270470368FA
:105910009B681847F0B589B006AE86E80C00129A6D
:105920000B680492119A0392109A02920EAA0446EE
:105930000D4692E803008DE803002046DF68294603
:1059400096E80C00B847204609B0F0BDF0B589B024
:1059500006AE86E80C00129A0B680492119A039224
:10596000109A02920EAA04460D4692E803008DE8B2
:10597000030020461F69294696E80C00B8472046D8
:1059800009B0F0BDF0B589B006AE86E80C00129AF9
:105990000B680492119A0392109A02920EAA04467E
:1059A0000D4692E803008DE8030020465F69294612
:1059B00096E80C00B847204609B0F0BDF0B589B0B4
:1059C00006AE86E80C00129A0B680492119A0392B4
:1059D000109A02920EAA04460D4692E803008DE842
:1059E000030020469F69294696E80C00B8472046E8
:1059F00009B0F0BDF0B589B006AE86E80C00129A89
:105A00000B680492119A0392109A02920EAA04460D
:105A10000D4692E803008DE803002046DF69294621
:105A200096E80C00B847204609B0F0BD003910B523
:105A3000054B036018BF0121416004460BF030FEA6
:105A4000A060204610BD00BF640A040003689B6884
:105A5000184773B5079E01960D68069E0096ED687F
:105A60000446A847204602B070BD03681B6918476A
:105A7000003910B5054B036018BF01214160044691
:105A80000BF00EFEA060204610BD00BF30090400E0
:105A900010B40468A468A4465DF8044B604738B5A8
:105AA0000D680446ED68A847204638BD10B5044689
:105AB0000A480BF071FE2368D3E90123834202D91F
:105AC00052F8200008B9FEF766FF054A0549002391
:105AD0000BF01AF808B90BF073F810BD004B00205A
:105AE000542C04002419040010B504460A480BF095
:105AF00053FE2368D3E90123834202D952F82000E0
:105B000008B9FEF748FF054A054900230AF0FCFFE3
:105B100008B90BF055F810BDA0350020200C04008A
:105B2000241904002DE9F043044685B00846884650
:105B3000FFF7DAFF0146054601A8FFF747FE019B84
:105B400053F80C0CE060FDF7FBFF00230146E26810
:105B5000064601A80FF054FAE3682BB196F900301D
:105B6000002BD4BF002301232946237402A8FFF78A
:105B700034FE029B53F80C0CA061FDF7E1FFA26913
:105B800081460023014602A80FF03AFA294603A8ED
:105B9000FFF72AFE039B53F80C0C2062FDF7D0FFA1
:105BA000226A01460023074603A80FF029FA284677
:105BB000FFF706FE84F824002846FFF704FE84F869
:105BC00025004046FFF772FF124B196804F12603C7
:105BD00001F124020546FFF77CFC0F4B19682846AB
:105BE00001F11A0204F14A03FFF773FC012384F860
:105BF0006430A660C4F81490E76103A80FF0AEFA11
:105C000002A80FF0ABFA01A80FF0A8FA05B0BDE8A2
:105C1000F08300BF380F0020340F002010B5044679
:105C20000A480BF0B9FD2368D3E90123834202D966
:105C300052F8200008B9FEF7AEFE054A05490023D8
:105C40000AF062FF08B90AF0BBFF10BD98350020CA
:105C5000F40B04002419040010B504460A480BF0A4
:105C60009BFD2368D3E90123834202D952F8200027
:105C700008B9FEF790FE054A054900230AF044FFE3
:105C800008B90AF09DFF10BD9C350020E80B040008
:105C90002419040010B504460A480BF07DFD236862
:105CA000D3E90123834202D952F8200008B9FEF754
:105CB00072FE054A054900230AF026FF08B90AF0DA
:105CC0007FFF10BDAC350020600B040024190400D8
:105CD0002DE9FF47044608468846FFF7DBFF0546E7
:105CE000FFF7AEFC60742846FFF7ADFCA0742846B1
:105CF000FFF7C8FC2946E0626846FFF7A7FC009B57
:105D000053F80C0CE060FDF71BFF00230146E2682E
:105D1000064668460FF074F9E3682BB196F9003037
:105D2000002BD4BF002301232946237401A8FFF7C9
:105D300094FC019B53F80C0CA061FDF701FFA269D4
:105D400082460023014601A80FF05AF9294602A80D
:105D5000FFF78AFC029B53F80C0C2062FDF7F0FE63
:105D6000226A81460023014602A80FF049F929461C
:105D700003A8FFF780FC039B53F80C0CA062FDF70F
:105D8000DFFEA26A01460023074603A80FF038F998
:105D90002846FFF77AFC20632846FFF77BFC606308
:105DA0004046FFF783FE104B196804F1380301F1F8
:105DB0000B02FFF78EFB012384F84330A660C4F882
:105DC00014A0C4F81C90676203A80FF0C7F902A8DA
:105DD0000FF0C4F901A80FF0C1F968460FF0BEF941
:105DE00004B0BDE8F08700BF3C0F002010B50446AA
:105DF0000A480BF0D1FC2368D3E90123834202D97E
:105E000052F8200008B9FEF7C6FD054A05490023EF
:105E10000AF07AFE08B90AF0D3FE10BDB0350020B2
:105E2000400B0400241904002DE9FF4704460846EE
:105E30008846FFF7DBFF0546FFF7C0FB6074284686
:105E4000FFF7BFFBA0742846FFF7DAFB2946E062A4
:105E50006846FFF7B9FB009B53F80C0CE060FDF7B8
:105E60006FFE00230146E268064668460FF0C8F858
:105E7000E3682BB196F90030002BD4BF0023012337
:105E80002946237401A8FFF7A6FB019B53F80C0CCD
:105E9000A061FDF755FEA26982460023014601A8D4
:105EA0000FF0AEF8294602A8FFF79CFB029B53F8BF
:105EB0000C0C2062FDF744FE226A81460023014655
:105EC00002A80FF09DF8294603A8FFF792FB039B59
:105ED00053F80C0CA062FDF733FEA26A01460023C2
:105EE000074603A80FF08CF82846FFF78CFB2063C9
:105EF0002846FFF78DFB60634046FFF7D7FD104B48
:105F0000196804F1380301F10B02FFF7E2FA0123EB
:105F100084F84330A660C4F814A0C4F81C906762EB
:105F200003A80FF01BF902A80FF018F901A80FF051
:105F300015F968460FF012F904B0BDE8F08700BF0C
:105F40003C0F002010B504460A480BF025FC2368DE
:105F5000D3E90123834202D952F8200008B9FEF7A1
:105F60001AFD054A054900230AF0CEFD08B90AF0DA
:105F700027FE10BD94350020800B04002419040076
:105F800010B504460A480BF007FC23689A68824261
:105F90000CD95B6853F8200038B1064A0649002343
:105FA0000AF0B2FD003818BF012010BD0020FCE748
:105FB000004B0020542C04002419040010B50446A2
:105FC0000A480BF0E9FB23689A6882420CD95B68A7
:105FD00053F8200038B1064A064900230AF094FD20
:105FE000003818BF012010BD0020FCE798350020C4
:105FF000F40B04002419040010B504460A480BF001
:10600000CBFB23689A6882420CD95B6853F8200066
:1060100038B1064A064900230AF076FD003818BF59
:10602000012010BD0020FCE79C350020E80B040097
:10603000241904002DE9F043DDE9076400252F460B
:1060400003F1FF3C12F807E0A4EB0608F04502EB71
:10605000070307DC471EA64210D016F801CB07F84D
:1060600001CFF8E74FFA8EF9B9F1000FF2DDBC4528
:10607000A4EB0E048CBF01370135E3E74044013D3A
:106080000ED301701E78074604EB060E744502D14C
:1060900001363044F3E714F801CB07F801CFF5E7F8
:1060A00093420FD0017013F8015D064604EB050C16
:1060B000644502D101352844F2E714F8017B06F863
:1060C000017FF5E7BDE8F083F7B5DDE90874084620
:1060D0001946DDE90A35B7B1FE1A03EB060CCDE926
:1060E000003C134602462046FFF7A4FF041B3FB1C5
:1060F0002A683946921BFFF7CDF92B689E1B344462
:106100002C6003B0F0BD2E68E7E773B5099CDDE9AC
:1061100007500E46194623680344CDE90003134691
:1061200028463246FFF786FF401B206002B070BD54
:106130002DE9F8431D46C368DDE9087803F0B00394
:10614000202B89461446A7EB08070CD14246294666
:106150002046FFF79FF94A46394604EB0800FFF74F
:106160009DF9BDE8F883102B0CD000264A4639462D
:106170002046FFF793F9A8EB0602A919E019FFF7EB
:1061800089F9EEE76C30FFF791FC2D210646FFF709
:106190008FF92B78834204D12B7804F8013B012638
:1061A000E4E72B213046FFF783F92B788342F3D0C5
:1061B00030213046FFF77CF92B788342D5D1B8F1F6
:1061C000010FD2DD78213046FFF772F96B788342F8
:1061D00006D12B7823706B78637002260234C5E7F2
:1061E00058213046FFF764F96B788342BDD1F0E760
:1061F00037B5089D18462B681446CDE90023DDE924
:106200000623FFF795FF2C6003B030BD70B59DF8F5
:1062100010407CB103460A26B1FBF6F506FB1514C7
:106220001444247903F8014D0C46092C2946F3D86F
:10623000C01A70BD03F04A04402C09D1034601F096
:1062400007041444C908247903F8014DF7D1EFE796
:1062500013F4804F14BF142404240346224401F095
:106260000F040909145D03F8014DF8D1E0E72DE9A9
:10627000F04714469DF828201D460746DDE908A38F
:10628000EAB10646204629460A22002319F0E0F921
:1062900052442046137906F8013D29460A2200237C
:1062A00019F0D6F9A946A046B9F1000F08BFB8F118
:1062B0000A0F04460D46E5D2B81BBDE8F08703F08F
:1062C0004A02402A10D1064604F007035344EA0864
:1062D0001B7906F8013DE30843EA45731C46154661
:1062E00054EA0503F0D1E7E713F4804F14BF1423F9
:1062F000042306469A4404F00F032A091AF80330CF
:1063000006F8013D230943EA05731C46154654EA85
:106310000503F0D1D0E700002DE9F0410D460F480C
:106320000BF03AFA2B68DF6857F820800446B8F182
:10633000000F0FD14420FDF701FC41460646FFF750
:1063400011F929463046FFF7C3FC2868224631463A
:106350000BF0DCFA57F82400BDE8F081AC350020E2
:1063600010B50446006804F002FE4FF0FF3363608E
:10637000204610BD2DE9F0410D460F480BF00CFAF8
:106380002B68DF6857F820800446B8F1000F0FD162
:106390004420FDF7D3FB41460646FFF7C9F82946DE
:1063A0003046FFF741FD2868224631460BF0AEFA31
:1063B00057F82400BDE8F081B0350020F7B56D46F0
:1063C00085E806009DF80460089F0446194636B922
:1063D00000983A4604F0E0FD874218BF01268DF888
:1063E000046095E8030084E80300204603B0F0BD94
:1063F0002DE9F04F8FB006A9189F059081E80C0099
:1064000007F16C01084603919DF86480FFF74EFB8D
:106410000399064608A8FFF77FFF1A9B1D6890F8AE
:1064200038302A789A42044655F80C2C7ED0036BFB
:106430000993D0F82090C36903932A442B469A42CB
:106440009A4607D99AF80000B169095C490703F137
:106450000103F4D4BAEB050A00F0BD80764B0A9331
:106460004FEA4A010AA80EF0DEFFE36AAAEB030630
:10647000002E23DD36EA230628BF5646E368002BAC
:106480005FD0002271000AA80EF02EFF0AA80EF0BD
:10649000E7FEAB19A17C0A98CDE90053D4E90223A9
:1064A000FFF7C8FD83460AA80EF0DAFE0A994FF0FE
:1064B000FF32ABEB01010AA80EF0E2FEE36A002B0B
:1064C0000ADD617C0AA80FF080F8002E3FDBE26A4B
:1064D000A9190AA80EF0F0FFFB6803F0B0020492BD
:1064E0000A9A13F4007552F80C2C18BFA569524B88
:1064F0000B934A44154469000BA80EF094FF049BCB
:10650000BE68102B2CD1B5422CBF4FF0000B4FF0C2
:10651000010B4FF0000A751B09AB13F80A30042B6E
:1065200029D8DFE803F07C7120636C00436B09938A
:10653000436AD0F828900393002A3FF47EAF0135D8
:106540007BE7324629460AA80EF010FFB6E794F81A
:10655000392071420AA80EF0E9FF52462946B8E7F1
:106560004FF0000BD5E7FB689B0504D5D4E9051275
:106570000BA80EF0A1FF0AF1010ABAF1040FCBD16A
:10658000B9F1010F06D9039909F1FF3201310BA8C6
:106590000EF092FF0B9B53F80C1C8E424AD9049BC1
:1065A000202BA6EB01013ED142460BA80EF0BEFF08
:1065B0000CACDDE906120B9B00962046FFF7FEFEB1
:1065C00094E8030006900BA88DF81C100EF0C6FD91
:1065D0000AA80EF0C3FDDDE906010023BB60059BA0
:1065E00083E8030018460FB0BDE8F08FB9F1000F43
:1065F000C1D0039B19780BA80EF0E7FFBBE70AA9EF
:106600000BA80EF055FFB6E7BBF1000F05D04246D0
:1066100029460BA80EF08AFFADE74146EBE7BBF138
:10662000000FA8D0F3E70A46434600210BA80EF05E
:1066300067FEBDE70E46BBE7EC4A00202DE9F04FB0
:106640008FB006A9189F059081E80C0007F16C0136
:10665000084603919DF86480FFF728FA03990646DF
:1066600008A8FFF787FE1A9B1D6890F838302A7833
:106670009A42044655F80C2C7ED0036B0993D0F84F
:106680002090C36903932A442B469A429A4607D91D
:106690009AF80000B169095C490703F10103F4D4D9
:1066A000BAEB050A00F0BD80764B0A934FEA4A0127
:1066B0000AA80EF0B8FEE36AAAEB0306002E23DD5B
:1066C00036EA230628BF5646E368002B5FD0002237
:1066D00071000AA80EF008FE0AA80EF0C1FDAB1961
:1066E000A17C0A98CDE90053D4E90223FFF7A2FC6C
:1066F00083460AA80EF0B4FD0A994FF0FF32ABEBC7
:1067000001010AA80EF0BCFDE36A002B0ADD617CE2
:106710000AA80EF05AFF002E3FDBE26AA9190AA868
:106720000EF0CAFEFB6803F0B00204920A9A13F45A
:10673000007552F80C2C18BFA569524B0B934A44B4
:10674000154469000BA80EF06EFE049BBE68102B6A
:106750002CD1B5422CBF4FF0000B4FF0010B4FF086
:10676000000A751B09AB13F80A30042B29D8DFE89F
:1067700003F07C7120636C00436B0993436AD0F88B
:1067800028900393002A3FF47EAF01357BE7324621
:1067900029460AA80EF0EAFDB6E794F839207142BE
:1067A0000AA80EF0C3FE52462946B8E74FF0000B88
:1067B000D5E7FB689B0504D5D4E905120BA80EF0BC
:1067C0007BFE0AF1010ABAF1040FCBD1B9F1010F36
:1067D00006D9039909F1FF3201310BA80EF06CFEC6
:1067E0000B9B53F80C1C8E424AD9049B202BA6EB22
:1067F00001013ED142460BA80EF098FE0CACDDE93B
:1068000006120B9B00962046FFF7D8FD94E8030084
:1068100006900BA88DF81C100EF0A0FC0AA80EF034
:106820009DFCDDE906010023BB60059B83E80300B6
:1068300018460FB0BDE8F08FB9F1000FC1D0039B2F
:1068400019780BA80EF0C1FEBBE70AA90BA80EF041
:106850002FFEB6E7BBF1000F05D0424629460BA834
:106860000EF064FEADE74146EBE7BBF1000FA8D0A8
:10687000F3E70A46434600210BA80EF041FDBDE7B1
:106880000E46BBE7EC4A00202DE9F04F2DED028BC0
:10689000B0EE408AF0EE608A8DB004AF07F10804D4
:1068A00084E80C0097F850307B607B6D97F858A017
:1068B0000546884607F1180003F16C010AF0DAFE7C
:1068C00007F11800FFF7F2F890B081460AF0E8FEF1
:1068D00004AE4FF0000BF86131468DED028B304B6A
:1068E000CDF800B0402207F11C00FEF793FD3F28D1
:1068F000014616DD083121F00701ADEB010D421C08
:106900003A600AF0CDFE04AEF86131468DED028B9F
:10691000234B3A68CDF800B007F11C00FEF77AFD72
:10692000014607F11403002207F11C0039600EF044
:10693000FBFB396807F11C0072183A600EF090FCFE
:10694000FB693A6831464846FEF7C3FD7B68D3B120
:1069500007F11C03CDE901A37B6D0093414694E848
:106960000C002846FFF744FD07F11C000EF0F6FB73
:1069700007F118000AF0EAFE28462437BD46BDECB0
:10698000028BBDE8F08F07F11C03CDE901A37B6DFD
:106990000093414694E80C002846FFF74FFEE3E7DA
:1069A0008A080400F0B587B004AC84E80C000F9EA0
:1069B0009DF838200D9B9DF830700093CDE901269D
:1069C000054694E80C0027B1FFF712FD284607B0F2
:1069D000F0BDFFF733FEF9E72DE9F043A7B0044619
:1069E0002E9E9DF8C4909DF8C8706C36304602AD5E
:1069F00085E80C00FFF75AF880463046FFF7A2FA08
:106A0000252106464046FEF753FD8DF81400CFB908
:106A10008DF815908DF81670309B009306A905AB84
:106A2000802230460BF035FE06A81BF0E7FE0090F2
:106A300095E80600204606ABFFF7C0FC204627B0CD
:106A4000BDE8F08300238DF815708DF816908DF851
:106A50001730E1E72DE9F0410D460F480AF09CFEA2
:106A60002B68DF6857F820800446B8F1000F0FD17B
:106A70006820FDF763F841460646FEF77DFE29468D
:106A80003046FFF74FF82868224631460AF03EFFAD
:106A900057F82400BDE8F081A03500202DE9F04F23
:106AA0008BB004AF8A463E6C07F1080181E80C0008
:106AB000814606F16C0107F11000FFF7CBFFF56886
:106AC000B96C00F126033B6005F04A0386B0402B09
:106AD00004460DF1100B7B6001D0082B77D14FF0ED
:106AE00000082B463A68CDF800800BF11400FFF740
:106AF0008DFB237C7861C0F114015944ABB1400097
:106B0000093020F00700ADEB000D0DF1120B07F17D
:106B1000140294F82530CDE90212CDE9006B5046FD
:106B2000D4E90212FFF7F1FA59467B69B8F1000F78
:106B300033D0BA6C002A2DDB280506D594F827201F
:106B400001F8012C01337B610139B2687B69934202
:106B500011DAD31D23F00703ADEB030D04AC07F1ED
:106B60001403CDE90113009497F8441033465046BE
:106B7000FFF73EFB21460023B3607B690093484644
:106B80000B46D7E90212FFF719FC48461C37BD46F1
:106B9000BDE8F08F94F82620D2E7AA05D5D5BA6CC7
:106BA000002AD2D07A68402A02D194F82A20C7E776
:106BB0003A68C5F380352A440233927801F8012CF3
:106BC00094F82A2001F8022C7B610239BDE7BB6CE6
:106BD000002B01DCBB6C59424FF0010881E730B556
:106BE00087B004AC84E80C000C9B02939DF82C3019
:106BF00001930A9B009394E80C000546FFF74EFFB3
:106C0000284607B030BD2DE9F04F8DB004AF07F135
:106C1000080484E80C00BB6C97F84C2097F850806F
:106C20000646D868786010F0010F07F1180514D1F6
:106C3000CDE901280093284694E80C00FFF72EFFC9
:106C400095E80300B860397394E80300243786E8B8
:106C500003003046BD46BDE8F08F03F16C0107F13B
:106C600014003A60BB64FFF7F5FEBB6C3A68B8F1FC
:106C7000000F30D0D0E905A9996889453EDAA1EB2B
:106C8000090808F1070121F00701ADEB010D0DF135
:106C9000100B41465846BB64FEF700FCBB6C00225B
:106CA0009A607B6803F0B003202B17D194E80600AC
:106CB00053462846CDF80090FFF780FB95E8030087
:106CC0005B46B8603973CDF8008094E8060028462A
:106CD000FFF774FBB4E7D0E907A9CDE794E8060015
:106CE0002846CDF800805B46FFF768FB95E8030077
:106CF000B8603973CDF800905346E6E700229A60F9
:106D0000F8E72DE9F04F8BB004AF89463D6C07F1F1
:106D1000080181E80C00804605F16C0107F11000C4
:106D2000FFF798FEEE6806F04A0A00F1260386B0E7
:106D3000BAF1400F04463B600DF1100B5FD0BAF181
:106D4000080318BF01237B607B68B96C00933A6825
:106D500033460BF11400FFF759FA237C7861C0F138
:106D600014015944ABB14000093020F00700ADEBED
:106D7000000D0DF1120B07F1140294F82530CDE946
:106D80000212CDE9005B4846D4E90212FFF7BDF9D3
:106D900059467B6873B9B3050CD5BB6C53B1BAF1D6
:106DA000400F7B692DD194F82A2001F8012C013382
:106DB0007B610139AA687B69934211DAD31D23F004
:106DC0000703ADEB030D04AC07F11403CDE9011388
:106DD000009497F844102B464846FFF709FA2146DD
:106DE0000023AB607B69009340460B46D7E9021253
:106DF000FFF7E4FA40461C37BD46BDE8F08F00239C
:106E0000A1E73A68C6F3803632440233927801F83B
:106E1000012C94F82A2001F8022C7B610239C9E781
:106E200030B587B004AC84E80C000C9B02939DF84D
:106E30002C3001930A9B009394E80C000546FFF761
:106E400060FF284607B030BD2DE9F04188B004ACA2
:106E50000E9ED6F80C8084E80C0028F4804323F0C2
:106E60004A0343F40273F360109B02939DF83C3095
:106E7000CDE9006306AF054694E80C003846FFF7FD
:106E800040FF97E8030004908DF8141094E8030085
:106E900085E803002846C6F80C8008B0BDE8F081FC
:106EA0002DE9F04F8BB004AF8A463E6C07F1080124
:106EB00081E80C00814606F16C0107F11000FFF734
:106EC000C9FDF56800F126033B6005F04A037B60CD
:106ED00079688AB04029D7E9122304460DF1100BD6
:106EE00001D008297DD14FF0000839680091CDE923
:106EF00001580BF12800FFF7BAF9237C7861C0F143
:106F000028015944ABB14000093020F00700ADEB37
:106F1000000D0DF1120B07F1140294F82530CDE9A4
:106F20000212CDE9006B5046D4E90212FFF7EDF8EA
:106F300059467B69B8F1000F37D0D7E912BCBBF1D5
:106F4000000F7CF100022DDB280506D594F82720E0
:106F500001F8012C01337B610139B2687B699342EE
:106F600011DAD31D23F00703ADEB030D04AC07F1D9
:106F70001403CDE90113009497F8441033465046AA
:106F8000FFF736F921460023B3607B69009348463A
:106F90000B46D7E90212FFF711FA48461C37BD46E7
:106FA000BDE8F08F94F82620D2E7AA05D5D5D7E919
:106FB00012BC5BEA0C02D0D07A68402A02D194F865
:106FC0002A20C5E73A68C5F380352A44023392780F
:106FD00001F8012C94F82A2001F8022C7B61023977
:106FE000BBE7D7E91201012871F1000104DAD7E902
:106FF0001223524263EB43034FF0010875E730B5AB
:1070000087B004AC84E80C00DDE90C23CDE9022351
:107010009DF82C3001930A9B009394E80C000546E0
:10702000FFF73EFF284607B030BD2DE9F04F8BB08B
:1070300004AF89463D6C07F1080181E80C008046E9
:1070400005F16C0107F11000FFF704FDEE6806F092
:107050004A0A00F126038AB0BAF1400F04463B60A9
:107060000DF1100B63D0BAF1080318BF01237B6048
:107070007B68CDE901633B6800930BF12800D7E9F9
:107080001223FFF7F4F8237C7861C0F128015944FA
:10709000ABB14000093020F00700ADEB000D0DF161
:1070A000120B07F1140294F82530CDE90212CDE954
:1070B000005B4846D4E90212FFF727F859467B687F
:1070C00083B9B3050ED5D7E9122313430AD0BAF119
:1070D000400F7B692DD194F82A2001F8012C01334F
:1070E0007B610139AA687B69934211DAD31D23F0D1
:1070F0000703ADEB030D04AC07F11403CDE9011355
:10710000009497F844102B464846FFF771F8214643
:107110000023AB607B69009340460B46D7E902121F
:10712000FFF74CF940461C37BD46BDE8F08F002301
:107130009DE73A68C6F3803632440233927801F80C
:10714000012C94F82A2001F8022C7B610239C9E74E
:1071500030B587B004AC84E80C00DDE90C23CDE940
:1071600002239DF82C3001930A9B009394E80C00B5
:107170000546FFF75AFF284607B030BD2DE9F04F0E
:107180002DED028BB0EE408AF0EE608A91B004AF34
:107190008A463D6E07F1080105F16C0B81E80C0091
:1071A0008146594607F11400FFF754FCD5F80480D6
:1071B00097F86820B8F1000F064607F1200128462D
:1071C000B8BF4FF006080AF0EBFBEB6803F48273DC
:1071D0008CB0B3F5827F7B6004AC00F0B4800AF021
:1071E0005FFA8DED028BF861CDF8008007F1200386
:1071F0002D22214607F11C00FEF70CF9B861BB698E
:107200002C2B1CDD5A1C083323F00703ADEB030DB8
:107210007B687A60B3F5827F04AC00F0A2800AF04C
:107220003FFA8DED028BF8617A68CDF8008007F1A6
:107230002003214607F11C00FEF7ECF8B861584620
:10724000FEF734FCBA69D31D23F00703ADEB030D41
:107250000DF1170B4FEADB082BF0070B5B462244BE
:107260002146FEF736F9B96979602E2307F11C0231
:1072700020463B77FEF706F9796830B1031B96F894
:10728000242003F838200BEB0300337C9BB348B970
:10729000022907DD6378303B092B2CD8A378303BDB
:1072A000092B28D84B00073323F00703ADEB030D60
:1072B00023782D2B0DF1100801D02B2B5FD19BF8DB
:1072C000003088F800300139B961012407F1180253
:1072D00096F8253003920BEB0402029208EB0402AD
:1072E000CDE900025046D6E90212FEF7EDFEBB6979
:1072F0001C44BC61C346AA68BB69934211DAD31D22
:1073000023F00703ADEB030D04AC07F11803CDE93F
:1073100001B397F8641000942B465046FEF768FFBF
:10732000A3460023AB60BB69009307F108024846FF
:1073300006CA5B46FFF742F848463437BD46BDEC07
:10734000028BBDE8F08F0AF0ABF98DED008BF86190
:1073500007F120032D22214607F11C00FEF75AF801
:107360004CE70AF09DF98DED008BF8617A6807F122
:107370002003214607F11C00FEF74CF85EE70024CD
:10738000A4E730B587B004AC84E80C000023029376
:107390009DF82C3001930A9B009394E80C0005465D
:1073A000FFF7ECFE284607B030BD2DE9F04F2DED7C
:1073B000028BB0EE408AF0EE608A91B004AF8A464C
:1073C0003D6E07F1080105F16C0B81E80C00814668
:1073D000594607F11400FFF73DFBD5F8048097F8F4
:1073E0006820B8F1000F064607F120012846B8BF13
:1073F0004FF006080AF0D4FAEB6803F482738CB0FD
:10740000B3F5827F7B6004AC00F0B4800AF048F9E9
:107410008DED028BF861CDF8008007F120032D225D
:10742000214607F11C00FDF7F5FFB861BB692C2B65
:107430001CDD5A1C083323F00703ADEB030D7B68FA
:107440007A60B3F5827F04AC00F0A2800AF028F9DC
:107450008DED028BF8617A68CDF8008007F120038A
:10746000214607F11C00FDF7D5FFB8615846FEF72D
:107470001DFBBA69D31D23F00703ADEB030D0DF11E
:10748000170B4FEADB082BF0070B5B462244214623
:10749000FEF71FF8B96979602E2307F11C02204618
:1074A0003B77FDF7EFFF796830B1031B96F8242096
:1074B00003F838200BEB0300337C9BB348B9022957
:1074C00007DD6378303B092B2CD8A378303B092BA0
:1074D00028D84B00073323F00703ADEB030D2378C7
:1074E0002D2B0DF1100801D02B2B5FD19BF8003014
:1074F00088F800300139B961012407F1180296F8C3
:10750000253003920BEB0402029208EB0402CDE952
:1075100000025046D6E90212FEF7D6FDBB691C44B4
:10752000BC61C346AA68BB69934211DAD31D23F03C
:107530000703ADEB030D04AC07F11803CDE901B36C
:1075400097F8641000942B465046FEF751FEA34670
:107550000023AB60BB69009307F10802484606CAE6
:107560005B46FEF72BFF48463437BD46BDEC028B29
:10757000BDE8F08F0AF094F88DED008BF86107F10B
:1075800020032D22214607F11C00FDF743FF4CE7A5
:107590000AF086F88DED008BF8617A6807F1200318
:1075A000214607F11C00FDF735FF5EE70024A4E744
:1075B00030B587B004AC84E80C004C2302939DF8EE
:1075C0002C3001930A9B009394E80C000546FFF7CA
:1075D000ECFE284607B030BD10B50446D0E90030B7
:1075E00043B1421C06D1184603F0CDFC431C04BF36
:1075F0000023236010BD38B50D46FFF7EDFF0446AC
:107600002846FFF7E9FF431C584204F101025841A4
:1076100054425441011B4842484138BD08B5FFF768
:10762000EAFF80F00100C0B208BD2DE9F74F054622
:10763000DDE9120602A96C30DDF8449001E90C0086
:10764000FEF734FAB9F1020F82462FD0B9F1040FD8
:107650000CBF4FF47A7701270024A0464FF00A0BA5
:107660000CA96846FFF7DAFF10B3C84522D0684678
:10767000FFF7B2FF2A22C1B25046FDF749FF30386A
:10768000C2B2092A21D8109B0BFB040404FB07F2A9
:107690009A421ADC0F9B3A449A4216DDB7FBFBF77D
:1076A0006846FEF75DFE08F10108D9E70A27D3E72F
:1076B000C8450AD10E9B1C6002AB13E9030085E8A4
:1076C0000300284603B0BDE8F08FB9F1040F04D1E0
:1076D000B8F1020F01D1643CECE7336843F00403D6
:1076E0003360E9E72DE9F04F85B000AF07F10804FA
:1076F0007860F86CD7F844906C3084E80C00FEF7A2
:10770000D5F9BB6C9B00073323F007038246ADEB32
:10771000030D07F1380120466E46FFF77FFF002872
:1077200043D02046FFF758FF4FF000085FFA80FB78
:107730004546BB6C984510D059F828100978594532
:1077400005D146F82580013508F10108F1E75046DA
:10775000FDF7ABFE5845F7D1F3E74FF0000A012DD6
:107760004ED9B04658F8043B59F823001BF046F8B0
:1077700006EB8501834658F8040B396059F8200060
:107780001BF03CF83968834528BF83464145F2D158
:1077900020460AF1010AFEF7E3FDDA4505D207F1BA
:1077A00038012046FFF73AFF78B93B6D3A6D1B6808
:1077B00043F00403136094E803007B68143783E804
:1077C00003001846BD46BDE8F08F4FF0000B56F899
:1077D0002B2059F82220204612F80A203A60FFF7A1
:1077E000FBFE3A68C0B2824217BF05F1FF350BF1CC
:1077F000010B56F8252046F82B205D45E7D8AEE76B
:10780000D3D12046FEF7ACFD366859F8269048469D
:107810001AF0F4FF0AF1010A0546AA4514D207F14D
:1078200038012046FFF7FAFE0028BED0204619F89E
:107830000AB0FFF7D1FEC0B28345B6D12046FEF7AD
:107840008FFD0AF1010AE8E7AFD13B6C1E60B2E799
:107850002DE9F04F87B000AF8146786DD7E913ABC3
:1078600007F110056C3085E80C00FEF71FF96B4638
:10787000A3EBCB0306469D4607F140012846E846A8
:10788000FFF7CCFEC0B32846FFF7A6FE4FEA4B0336
:10789000FB600023C2B21C46F968994213D05AF823
:1078A00023100978914204D148F82430013401337F
:1078B000F2E73046C7E90123FDF7F7FD7A68BB68B8
:1078C0009042F4D1F0E7BCB12846FEF749FDA30091
:1078D000073323F00703ADEB030D6E46002558F880
:1078E00025305AF823001AF089FF46F825000135A3
:1078F000AC42F4D1012502E000252E462C4607F1CA
:10790000400107F11000FFF789FE60B307F1100096
:10791000FFF762FE0023C0B219469C421BD956F8FD
:107920002320AA424FEA830E06EB830C02D80131D2
:107930000133F2E758F823205AF82220525D8242A0
:10794000F6D0013C58F8242048F80E2056F82420A0
:10795000CCF80020E1E78C4205D007F11000FEF7DB
:10796000FFFC0135CBE7012C15D13368AB4219D1AF
:10797000D8F80030BA6C5B4528BFA3EB0B0313604B
:1079800007F1180313E903001C3789E80300484690
:10799000BD46BDE8F08F022C04D13368AB42E7D07E
:1079A0007368E3E7BB6DBA6D1B6843F00403E6E759
:1079B0002DE9F04F9FB00C46DDF8A8A00B900AF11E
:1079C0006C050EA9284681E80C00DDF8B090FEF7A2
:1079D000B9FA83462846FEF769F805462D981AF04D
:1079E0000DFF00260A9010960EAF28A93846FFF723
:1079F00015FEDDF84080002866D00A9B9E4263D2C7
:107A0000B8F1000F64D12D9B4246995D2846FDF7E1
:107A10007FFD252840F0AA82731C0993711C2D9BC1
:107A20004246595C2846FDF773FD4528CDF8448051
:107A300001D04F2808D1B31C099309992D9B00222E
:107A4000595C2846FDF764FD41380EAE382800F237
:107A50008882DFE810F06A009500D801F000860205
:107A600086028602100134018602860286026201C5
:107A7000860286028602860296019B01CA01860260
:107A800086028602D301D80102028602860286029D
:107A9000860286028602440070009B00A300C70095
:107AA00086028602700086028602860286023E01F7
:107AB000870186028602860286028602C00186024D
:107AC00086028602CE01D801B8F1000F00F0608274
:107AD0002B9B2B9A1B6843F0040313605CE212AEED
:107AE00031465846FDF7BEFE10ABCDE905A307238E
:107AF000CDE9036311AB029328AB93E803008DE853
:107B000003000CAF0EAE96E80C0021463846FFF796
:107B1000E9FD97E80300109B86E8030013B9119B69
:107B2000C9F81830099E01365EE712AE3146584654
:107B3000FDF788FED8E712AE31465846FDF7C1FE84
:107B400010ABCDE905A30C23CDE9036311AB029380
:107B500028AB93E803008DE803000CAF0EAE96E867
:107B60000C0021463846FFF7BDFD97E80300109B47
:107B700086E80300002BD5D1119BC9F81030D1E75E
:107B800012AE31465846FDF77DFED9E712A9584698
:107B9000FDF752FE129B05930CAF56E010ABCDE9FA
:107BA00006A34FF0020C1F23CDE9043C01230393ED
:107BB00011AB029328AB93E803008DE803000CAFF0
:107BC0000EAE96E80C0021463846FFF72EFD97E8EA
:107BD0000300109B86E80300002BA3D1119BC9F87A
:107BE0000C309FE73046FFF7F7FCAB69C0B21B5C77
:107BF0001F0716D50E9803F0BAF94FF0FF330F9315
:107C000010ABCDE906A309220123CDE904230CAF73
:107C1000039311AB029328AB93E803008DE80300B4
:107C2000CFE710ABCDE906A302201F23CDE9043036
:107C30000CAF0A23ECE712AEBF4A3346A2F10901AA
:107C40002846FDF746FC0CAF059610ABCDE902A324
:107C5000CDF8109028AB93E803008DE803000EAE3A
:107C60002146384696E80C00FFF7A2FE97E803008D
:107C700086E8030056E710ABCDE906A302211723DF
:107C8000CDE904310CAF0023039311AB029328AB71
:107C900093E803008DE803000EAE96E80C00214641
:107CA0003846FFF7C2FC97E80300109B86E8030004
:107CB000002B7FF437AF119BC9F8083032E710ABC7
:107CC000CDE906A302220C23CDE904320CAF012337
:107CD000DAE710ABCDE906A34FF002080C23CDE99B
:107CE00004380123039311AB029328AB93E80300FC
:107CF0008DE803000CAF0EAE96E80C002146384626
:107D0000FFF793FC97E80300109B86E80300002B25
:107D10007FF408AF119B013B2FE710ABCDE906A321
:107D20004FF0020E3B23CDE9043E0023039311AB39
:107D3000029328AB93E803008DE803000CAF0EAE6E
:107D400096E80C0021463846FFF76FFC97E80300E1
:107D5000109B86E80300002B7FF4E4AE119BC9F86A
:107D60000430DFE63046FFF737FC0022C1B2284678
:107D7000FDF7CEFB0A2840F0F4803046FEF7F0FA1B
:107D8000D0E66E4A12AE3346911F59E710ABCDE9EB
:107D900006A34FF0020C3D23CDE9043C00230393DE
:107DA00011AB029328AB93E803008DE803000CAFFE
:107DB0000EAE96E80C0021463846FFF736FC97E8F1
:107DC0000300109B86E80300002B7FF4ABAE119BF1
:107DD000C9F80030A6E63046FFF7FEFB0022C1B22C
:107DE0002846FDF795FB0928C5E712AE544A3346ED
:107DF00024E712A95846FDF713FDCBE612A9584611
:107E0000FDF714FDC6E610ABCDE906A3042642F249
:107E10000F73CDE904360023039311AB029328AB13
:107E200093E803008DE803000CAF0EAE96E80C005B
:107E300021463846FFF7F9FB97E80300109B86E8D8
:107E40000300002B7FF46EAE119B002BB4BF643394
:107E5000A3F26C73C9F8143064E63046FFF7BCFB3C
:107E6000AB69C0B21B5CD8077BD510ABCDE905A3CD
:107E70000E230493334B039312AB029328AB93E886
:107E800003008DE803000CAF2146384696E80C004D
:107E9000FFF728FC97E8030086E8030028A930468E
:107EA000FFF7BCFB00283FF43DAE109A129B134332
:107EB0007FF438AE3046FFF78FFB2D21074628466A
:107EC000FDF7F6FAFFB2B8423ED110AF17230222F7
:107ED000CDE90432CDE906A70023039312AB029348
:107EE00028AB93E803008DE803000CAE0DF13808D1
:107EF00098E80C0021463046FFF797FB96E8030010
:107F00003B2388E803000221CDE90431CDE906A72F
:107F10000023039312AB029328AB93E803008DE890
:107F200003002146304698E80C00FFF77EFB96E8F8
:107F3000030088E80300F5E5990804009F080400A1
:107F4000A8080400400F00203046FFF745FB2B2116
:107F500006462846FDF7ACFAF6B2B0427FF4E2AD31
:107F6000B3E7109B43F004031093DBE52D9B3846E9
:107F700013F80680FFF730FBC0B2804503D13846C6
:107F8000FEF7EEF9CFE5109B43F004031093CAE52A
:107F90000A9B9E427FF49CAD97E803000B9B83E80D
:107FA000030018461FB0BDE8F08F00BF2DE9F04F69
:107FB00089B004AF149902906C3106A887E80C00D0
:107FC000DDF85880FEF746FD0023044612A9384626
:107FD0008DF81B30FFF70FFB814600285AD1384639
:107FE000FFF7FAFA94F84B10C0B281428DF81B00EB
:107FF00003D094F84A30834220D1237C1BB194F8FB
:10800000253083421AD094F82430834216D081421E
:108010000CBF2B212D2140460DF0D7FA049802F019
:10802000A6FF4FF0FF3312A938460593FFF7F6FA83
:1080300080B33846FFF7D0FA8DF81B000026B34610
:108040004FF0FF35227C9DF81B301AB194F82520A3
:108050009A4224D094F824209A4220D094F84E20BA
:108060009A421CD11EB9302140460DF0AEFA049858
:1080700002F07DFF12A938460595FFF7CFFA0BF104
:10808000010B0646002854D03846FFF7A5FA8DF8B4
:108090001B00D7E74FF0000B5E464FF00109B34BD2
:1080A0000793237C1BB1202107A80DF0BCF994F89D
:1080B00064A0BAF1000F68D004F14E0300250193CB
:1080C0000095B9F1000F40F0B380237C9DF81B9020
:1080D000002B00F0CE8094F825304B4540F0C9804D
:1080E000009B002B40F0A480002D40F0A180BBF14C
:1080F000000F00F098805FFA8BF107A80DF065FA89
:10810000009BB1469B460498039302F030FF4FF06A
:10811000FF3312A904A80593FFF780FA039B0028F8
:108120007FD004A8FFF758FA0025039B8DF81B00A9
:1081300071E04FF001094E46B1E7A9465546564653
:10814000B9F1000F74D19DF81B100A20FDF742F918
:10815000431C1ED03030C1B240460DF036FA4FF00D
:10816000010A049802F003FF4FF0FF3312A93846CA
:108170000593FFF753FA28B13846FFF72DFA8DF82B
:108180001B00DCE74FF00109D9E75546CDF800A008
:10819000D6E794F824308B420AD1009B43B93DB90D
:1081A0002E2140460DF011FA0123B2460093D8E784
:1081B00094F85C308B4203D094F862308B4237D114
:1081C000B5BBAEB3652140460DF0FFF9049802F04F
:1081D000CEFE4FF0FF3312A938460593FFF71EFA83
:1081E0008246002800F0BF803846FFF7F5F994F882
:1081F0004B30C0B283428DF81B0009D094F84A304E
:1082000083429AD12D2140460DF0DFF95546A8E76B
:108210002B21F8E799464E46A9461D4651E74B46A5
:10822000F9E75546F7E740460CF0A2FFCDF800B05D
:10823000079B53F80C3C83B1009B2BB925B95FFA1F
:108240008BF107A80DF0C1F9D4E9020107AA09F0E2
:1082500018FC10B9159B04221A6097E80300029BD2
:1082600083E8030007A80CF079FF029809B0BDE885
:10827000F08F94F824304B4516D1079B009A53F8A1
:108280000C3C002AD4D1002DD2D123B15FFA8BF15E
:1082900007A80DF09AF92E2140460DF096F9B14647
:1082A0000023CDF800A02EE701980DF11B020A2152
:1082B000FDF7E8F860B1019BC01A00F13001C9B2C6
:1082C00040460DF082F90BF1010B2B46D1461AE71F
:1082D00094F85C304B4503D094F862304B45A7D1FD
:1082E000079B53F80C3C002DA2D1002EA0D033B137
:1082F000009B23B95FFA8BF107A80DF066F96521A1
:1083000040460DF062F9049802F031FE4FF0FF3361
:1083100012A904A80593FFF781F9814618B304A8B0
:10832000FFF75AF994F84B10C0B281428DF81B0048
:1083300004D094F84A3083427FF471AF237C23B198
:1083400094F8252082423FF465AF94F824308342AC
:108350003FF465AF81420CBF2B212D2140460DF02B
:1083600034F94B46CFE6354662E700BFEC4A0020C1
:108370002DE9F0438DB008AC179E0AAF84E80C00DD
:1083800089461D4B0A932021054638460DF04BF8CF
:10839000CDE90367169B029314AB93E803008DE8C5
:1083A00003000DF1180894E80C0040464946FFF719
:1083B000FDFD98E80300DDF8288084E8030009F05B
:1083C0006FF918990B900BAB4046324608F0CAFE85
:1083D00014A92046FFF70FF918B1336843F00203E0
:1083E000336094E8030085E8030038460CF0B6FEDD
:1083F00028460DB0BDE8F083EC4A00202DE9F0439B
:108400008DB008AC179E0AAF84E80C0089461D4B5E
:108410000A932021054638460DF005F8CDE903679B
:10842000169B029314AB93E803008DE803000DF153
:10843000180894E80C0040464946FFF7B7FD98E855
:108440000300DDF8288084E8030009F029F9189971
:108450000B900BAB4046324608F0D2FE14A92046E2
:10846000FFF7C9F818B1336843F00203336094E8AA
:10847000030085E8030038460CF070FE28460DB076
:10848000BDE8F083EC4A00202DE9F0438DB008AC44
:10849000179E0AAF84E80C0089461D4B0A932021E1
:1084A000054638460CF0BFFFCDE90367169B0293E3
:1084B00014AB93E803008DE803000DF1180894E86D
:1084C0000C0040464946FFF771FD98E80300DDF8CF
:1084D000288084E8030009F0E3F818990B900BABAF
:1084E0004046324608F0E6FE14A92046FFF783F81E
:1084F00018B1336843F00203336094E8030085E861
:10850000030038460CF02AFE28460DB0BDE8F08383
:10851000EC4A00202DE9F04F2DED028B8BB00DF1D0
:10852000180A189D059005F16C0108A88AE80C004E
:10853000FEF790FAEF6807F04A070023402F044641
:108540008DF8233056D0082F0CBF4FF010084FF095
:108550000A0816A95046FFF74EF88146002840F059
:1085600083805046FFF738F894F84A30C0B283420F
:108570008DF823000CBF4FF0010B4FF0000B03D020
:1085800094F84B3083421CD1237C1BB194F82530E6
:10859000834216D094F82430834212D0069802F019
:1085A000E6FC4FF0FF3316A950460793FFF736F865
:1085B0000546002800F0A6805046FFF70DF88DF81C
:1085C000230000252E46227C9DF823301AB194F812
:1085D00025209A424CD094F824209A4248D094F80E
:1085E0004E209A4210D145B1B8F10A0F0DD147B9CA
:1085F0003E462FE04FF00808ABE74FB3B8F1080F45
:108600002BD0013601250EE005B394F84C209A4298
:1086100003D094F84D209A4278D107B3B8F1100FE7
:1086200079D100263546069802F0A1FC4FF0FF33C1
:1086300016A950460793FEF7F1FF002868D0504670
:10864000FEF7CAFF8DF82300002DBCD1A9460FE02C
:108650003E4601254FF00808E5E72E46D2E73E46A4
:108660003D464FF01008DEE74FF0000B5E465D46DA
:10867000B8F1100F14BF4346162308EE103A7A4B98
:108680000993237C1BB1202109A80CF0CCFEBBF17F
:10869000000F14BF4FF000436FF000430293B3FB91
:1086A000F8F3039394F864300193002B60D004F145
:1086B0004E0300270493BA46B9F1000F31D1237C51
:1086C0009DF82320002B00F0868094F8251091421D
:1086D00040F0818036B3F1B209A80CF076FF002695
:1086E000069802F044FC4FF0FF3316A906A8079342
:1086F000FEF794FF00286BD006A8FEF76DFF8DF8FB
:108700002300DCE74FF001090646B1E70125AFE79A
:108710004FF00109ACE708EE108A0125AFE74FF0F2
:1087200001090023099A52F80C2C72B1F1B209A880
:1087300001930CF04AFFD4E9020109AA09F0A1F95A
:10874000019B10B9199904220A602EB925B9099A1A
:1087500052F80C2C002A62D0002B60D1BAF1000F25
:108760007AD1BBF1000F00D07F421A9B1F605CE002
:10877000DDF804A05746B9F1000FD2D19DF82310BF
:1087800018EE100AFCF726FE431CCAD0039B9F423A
:108790001BD8029B07FB08F71B1ABB4238BF4AF0E5
:1087A000010A01360744069802F0E1FB4FF0FF335F
:1087B00016A906A80793FEF731FF0028AFD006A838
:1087C000FEF70AFF8DF82300D8E74FF0010AEAE729
:1087D000DDF8049070E794F824309342A1D018EEAD
:1087E000101A04980DF12302FCF74CFEA8B1049B6B
:1087F000C01A039B0F28C8BF06389F420AD8029BA5
:1088000007FB08F71B1ABB4238BF4AF0010A0136C2
:10881000074465E7DDF804A062E7034682E700232A
:108820001A9A1360199A04231360B9F1000F05D046
:10883000199B199A1B6843F002031360DDE90601D6
:10884000059B83E8030009A80CF088FC05980BB091
:10885000BDEC028BBDE8F08FBBF1000F14BF4FF0F1
:1088600000436FF00043DBE7EC4A002070B588B0AE
:1088700006AD85E80C00109B04930F9B03930E9BA1
:1088800002930CAB04460E4693E803008DE8030008
:10889000204695E80C003146FFF73CFE204608B024
:1088A00070BD2DE9F04F8FB00E46DDE91A190AAC04
:1088B00084E80C00CA68069012F0010FDDF870A081
:1088C0000DA838D1CDE90390029118AB93E80300CD
:1088D0008DE803004FF0FF3208AD0D92314694E869
:1088E0000C002846FFF716FE95E803000D9B012BB0
:1088F00084E803000CD803F001038AF8003094E800
:108900000300069B83E8030018460FB0BDE8F08F14
:1089100001238AF800300423C9F8003018A9204642
:10892000FEF769FE0028EAD0D9F8003043F00203D0
:10893000C9F80030E3E76C31FEF78CF8036A82690E
:10894000B3FA83F3B2FA82F84FF0010B07465B09E2
:108950004FEA581800265D4613B1B8F1000F42D116
:1089600018A920460793FEF746FE00283CD1204672
:10897000FEF732FE079BC0B223B9F9698D5D291A53
:108980004D424D413DB9B8F1000F07D028462CE0CB
:108990004FF00108E0E7B8F1000F06D17A69925D67
:1089A000121AD2F1000B4BEB020BBBF1000F03D1FB
:1089B000002B42D1002D38D020460136FDF7D0FCE7
:1089C0007DB13B6AB3428CBF00230123BBF1000F92
:1089D000DED0B969B1428CBF4FF000084FF00108FA
:1089E000BAE70123F2E700207DB9BBF1000F1DD0EB
:1089F000BB69B3421AD1CEB101238AF800300028F6
:108A000014BF0223002393E758463B6AB342ECD1DC
:108A1000002EEAD000238AF80030BBF1000FEED020
:108A2000BB69B342EBD1042382E7284600238AF8CE
:108A300000300028F7D006237AE7002DE4D18AF829
:108A40000050F0E72DE9F04F2DED028B8BB00DF1CA
:108A5000180A189C049004F16C0108A88AE80C001C
:108A6000FDF7F8FFE46804F04A040023402C0546B3
:108A70008DF8233055D0082C0CBF4FF010084FF064
:108A80000A0816A95046FEF7B6FD8146002840F0B8
:108A900082805046FEF7A0FD95F84A30C0B283426E
:108AA0000CBF012300238DF82300019303D095F818
:108AB0004B3083421CD12B7C1BB195F8253083426F
:108AC00016D095F82430834212D0069802F04FFA5F
:108AD0004FF0FF3316A950460793FEF79FFD064659
:108AE000002800F0A1805046FEF776FD8DF82300A7
:108AF000002637462A7C9DF823301AB195F82520A8
:108B00009A424CD095F824209A4248D095F84E20AD
:108B10009A4210D146B1B8F10A0F0DD144B9274697
:108B20002FE04FF00808ACE74CB3B8F1080F2BD09A
:108B3000013701260EE006B395F84C209A4203D087
:108B400095F84D209A4273D104B3B8F1100F74D147
:108B500000273E46069802F00AFA4FF0FF3316A9A6
:108B600050460793FEF75AFD002863D05046FEF7A3
:108B700033FD8DF82300002EBCD1B1460FE027460F
:108B800001264FF00808E5E73746D2E72746264694
:108B90004FF01008DEE7002301931F461E46B8F190
:108BA000100F14BF4346162308EE103A764B099374
:108BB0002B7C1BB1202109A80CF035FC95F864B082
:108BC0004FF6FF73B3FBF8F20292BBF1000F61D0D6
:108BD00005F14E0200240392A2460593B9F1000F5D
:108BE00031D12B7C9DF82320002B00F0878095F855
:108BF0002510914240F0828037B3F9B209A80CF0F9
:108C0000E4FC0027069802F0B2F94FF0FF3316A9F2
:108C100006A80793FEF702FD00286DD006A8FEF710
:108C2000DBFC8DF82300DCE74FF001090746B6E7CF
:108C30000126B4E74FF00109B1E708EE108A0126DA
:108C4000B4E74FF001090023099A52F80C2C72B1D5
:108C5000F9B209A802930CF0B8FCD5E9020109AAFF
:108C600008F00FFF029B10B9199904220A602FB96E
:108C700026B9099A52F80C2C002A64D0002B62D134
:108C8000BAF1000F7CD1019B0BB16442A4B21A9BD4
:108C90001C805EE0DA465C469B46B9F1000FD2D1FB
:108CA0009DF8231018EE100AFCF794FB431CCAD061
:108CB000029B9C421DD818FB04F293B21C18ABEB2C
:108CC00000029342C8BF4AF0010AA4B201370698D5
:108CD00002F04DF94FF0FF3316A906A80793FEF7EF
:108CE0009DFC0028ADD006A8FEF776FC8DF8230089
:108CF000D6E74FF0010AEAE7D9466FE795F8243046
:108D00009342A0D018EE101A03980DF12302FCF73D
:108D1000B9FBB0B1039BC01A029B0F28C8BF06382D
:108D20009C420CD8059B18FB04F4A4B21B1A9C426D
:108D3000C8BF4AF0010A0444A4B2013762E7DA4628
:108D400060E7034680E700231A9A1380199A0423E8
:108D50001360B9F1000F05D0199B199A1B6843F0F5
:108D600002031360DDE90601049B83E8030009A800
:108D70000CF0F4F904980BB0BDEC028BBDE8F08F59
:108D80004FF6FF73E0E700BFEC4A002070B588B0F3
:108D900006AD85E80C00109B04930F9B03930E9B7C
:108DA00002930CAB04460E4693E803008DE80300E3
:108DB000204695E80C003146FFF744FE204608B0F7
:108DC00070BD00002DE9F04F2DED028B89B00DF143
:108DD000100A169D039005F16C0106A88AE80C00A4
:108DE000FDF738FEEF6807F04A070023402F0446DE
:108DF0008DF81B3055D0082F0CBF4FF010084FF0E6
:108E00000A0814A95046FEF7F6FB8146002840F0F8
:108E100082805046FEF7E0FB94F84A30C0B28342AD
:108E20000CBF012300238DF81B00009303D094F89E
:108E30004B3083421CD1237C1BB194F825308342F4
:108E400016D094F82430834212D0049802F08FF8A0
:108E50004FF0FF3314A950460593FEF7DFFB05469C
:108E6000002800F09F805046FEF7B6FB8DF81B00EF
:108E700000252E46227C9DF81B301AB194F825203F
:108E80009A424CD094F824209A4248D094F84E202C
:108E90009A4210D145B1B8F10A0F0DD147B93E46FB
:108EA0002FE04FF00808ACE74FB3B8F1080F2BD014
:108EB000013601250EE005B394F84C209A4203D008
:108EC00094F84D209A4271D107B3B8F1100F72D1C6
:108ED00000263546049802F04AF84FF0FF3314A9F3
:108EE00050460593FEF79AFB002861D05046FEF7E6
:108EF00073FB8DF81B00002DBCD1A9460FE03E4648
:108F000001254FF00808E5E72E46D2E73E463D46EC
:108F10004FF01008DEE7002300931E461D46B8F10F
:108F2000100F14BF4346162308EE103A714B0793F7
:108F3000237C1BB1202107A80CF075FA94F864B0CB
:108F40004FF0FF33B3FBF8F20192BBF1000F5ED09C
:108F500004F14E0300270293BA46B9F1000F30D155
:108F6000237C9DF81B20002B00F0818094F82510B5
:108F700091427CD136B3F1B207A80CF026FB002653
:108F8000049801F0F4FF4FF0FF3314A904A80593EF
:108F9000FEF744FB002868D004A8FEF71DFB8DF8FF
:108FA0001B00DDE74FF001090646B8E70125B6E7EB
:108FB0004FF00109B3E708EE108A0125B6E74FF03C
:108FC00001090023079A52F80C2C72B1F1B207A8DC
:108FD00001930CF0FAFAD4E9020107AA08F051FD56
:108FE000019B10B9179904220A602EB925B9079A76
:108FF00052F80C2C002A5CD0002B5AD1BAF1000F89
:1090000074D1009B03B17F42189B1F6057E0DA4682
:109010005F469B46B9F1000FD3D19DF81B1018EEA7
:10902000100AFCF7D7F9431CCBD0019B9F4219D8FB
:1090300007FB08F7C343BB4238BF4AF0010A0136B9
:109040000744049801F093FF14A904A8CDF814B0C4
:10905000FEF7E4FA0028B2D004A8FEF7BDFA8DF8B6
:109060001B00DAE74FF0010AEBE7D94675E794F801
:1090700024309342A5D018EE101A02980DF11B026D
:10908000FCF700FA98B1029BC01A019B0F28C8BFD9
:1090900006389F4209D807FB08F7C343BB4238BFD5
:1090A0004AF0010A013607446AE7DA4668E70346F0
:1090B00088E70023189A1360179A04231360B9F104
:1090C000000F05D0179B179A1B6843F0020313602B
:1090D000DDE90401039B83E8030007A80CF03EF8D8
:1090E000039809B0BDEC028BBDE8F08F4FF0FF3361
:1090F000E0E700BFEC4A002070B588B006AD85E817
:109100000C00109B04930F9B03930E9B02930CABDC
:1091100004460E4693E803008DE80300204695E8D8
:109120000C003146FFF74EFE204608B070BD00002F
:109130002DE9F04F2DED028B89B00DF1100A169D2F
:10914000039005F16C0106A88AE80C00FDF782FC8B
:10915000EF6807F04A070023402F04468DF81B30C4
:1091600055D0082F0CBF4FF010084FF00A0814A973
:109170005046FEF740FA8146002840F08280504673
:10918000FEF72AFA94F84A30C0B283420CBF01239A
:1091900000238DF81B00009303D094F84B308342DA
:1091A0001CD1237C1BB194F82530834216D094F84F
:1091B0002430834212D0049801F0D9FE4FF0FF33DF
:1091C00014A950460593FEF729FA0546002800F039
:1091D0009F805046FEF700FA8DF81B0000252E46B2
:1091E000227C9DF81B301AB194F825209A424CD06D
:1091F00094F824209A4248D094F84E209A4210D1F4
:1092000045B1B8F10A0F0DD147B93E462FE04FF0F6
:109210000808ACE74FB3B8F1080F2BD00136012591
:109220000EE005B394F84C209A4203D094F84D20F8
:109230009A4271D107B3B8F1100F72D100263546AA
:10924000049801F094FE4FF0FF3314A950460593A3
:10925000FEF7E4F9002861D05046FEF7BDF98DF81D
:109260001B00002DBCD1A9460FE03E4601254FF062
:109270000808E5E72E46D2E73E463D464FF0100887
:10928000DEE7002300931E461D46B8F1100F14BF01
:109290004346162308EE103A714B0793237C1BB10B
:1092A000202107A80CF0BFF894F864B04FF0FF330A
:1092B000B3FBF8F20192BBF1000F5ED004F14E0354
:1092C00000270293BA46B9F1000F30D1237C9DF8F4
:1092D0001B20002B00F0818094F8251091427CD156
:1092E00036B3F1B207A80CF070F90026049801F02B
:1092F0003EFE4FF0FF3314A904A80593FEF78EF944
:10930000002868D004A8FEF767F98DF81B00DDE798
:109310004FF001090646B8E70125B6E74FF001090D
:10932000B3E708EE108A0125B6E74FF001090023E4
:10933000079A52F80C2C72B1F1B207A801930CF005
:1093400044F9D4E9020107AA08F09BFB019B10B97C
:10935000179904220A602EB925B9079A52F80C2CE5
:10936000002A5CD0002B5AD1BAF1000F74D1009BB7
:1093700003B17F42189B1F6057E0DA465F469B4669
:10938000B9F1000FD3D19DF81B1018EE100AFCF7AD
:1093900021F8431CCBD0019B9F4219D807FB08F74B
:1093A000C343BB4238BF4AF0010A01360744049860
:1093B00001F0DDFD14A904A8CDF814B0FEF72EF9D4
:1093C0000028B2D004A8FEF707F98DF81B00DAE7F1
:1093D0004FF0010AEBE7D94675E794F82430934241
:1093E000A5D018EE101A02980DF11B02FCF74AF8EE
:1093F00098B1029BC01A019B0F28C8BF06389F4234
:1094000009D807FB08F7C343BB4238BF4AF0010A3B
:10941000013607446AE7DA4668E7034688E700232F
:10942000189A1360179A04231360B9F1000F05D03E
:10943000179B179A1B6843F002031360DDE90401D0
:10944000039B83E8030007A80BF088FE039809B08C
:10945000BDEC028BBDE8F08F4FF0FF33E0E700BFBB
:10946000EC4A002070B588B006AD85E80C00109B72
:1094700004930F9B03930E9B02930CAB04460E4682
:1094800093E803008DE80300204695E80C00314680
:10949000FFF74EFE204608B070BD2DE9F0418CB0BC
:1094A00008AC149ED6F80C8084E80C0028F04A031F
:1094B00043F00803F3600BAB0493159BCDE9026303
:1094C00012AB05468C4693E803008DE8030006AF17
:1094D00094E80C0061463846FFF72AFE97E803003F
:1094E000169B0B9AC6F80C8084E8030085E80300FD
:1094F00028461A600CB0BDE8F08100002DE9F04F5D
:109500002DED028B8FB00DF1280B1C9D099005F1FC
:109510006C010CA88BE80C00FDF79CFA00238DF879
:109520003330EB6803F04A0ABAF1400F044659D0D1
:10953000BAF1080F0CBF4FF010084FF00A081AA933
:109540005846FEF758F80746002840F08B805846EA
:10955000FEF742F894F84A30C0B283428DF83300E7
:109560000CBF4FF001094FF0000903D094F84B30C5
:1095700083421CD1237C1BB194F82530834216D042
:1095800094F82430834212D00A9801F0F0FC4FF096
:10959000FF331AA958460B93FEF740F805460028FA
:1095A00000F0B9805846FEF717F88DF83300002513
:1095B0002E46227C9DF833301AB194F825209A4229
:1095C00054D094F824209A4250D094F84E209A42D5
:1095D00014D155B1B8F10A0F11D1BAF1000F0AD167
:1095E000564635E04FF00808A9E7BAF1000F2DD034
:1095F000B8F1080F2FD00136012512E025B394F8F9
:109600004C209A4204D094F84D209A4240F0868033
:10961000BAF1000F21D0B8F1100F40F0838000267E
:1096200035460A9801F0A3FC4FF0FF331AA95846BB
:109630000B93FDF7F3FF002872D05846FDF7CCFFDF
:109640008DF83300002DB4D12F460FE0564601258A
:109650004FF00808E5E72E46CEE7564655464FF050
:109660001008DEE74FF000094E464D46B8F1100FE6
:1096700014BF4346162308EE103A9C4B0D93237CEF
:109680001BB120210DA80BF0CEFEB9F1000F4DD17A
:109690004FF0FF326FF00043CDE904234246D31769
:1096A000DDE90401CDE9002315F0D2FF94F8643020
:1096B0000393CDE90601002B6BD004F14E03089310
:1096C0004FF0000A4FF0000B4FF000089FBB237CC7
:1096D0009DF83320002B00F0A48094F825109142CF
:1096E00040F09F8046B3F1B20DA80BF06EFF00264C
:1096F0000A9801F03CFC4FF0FF331AA90AA80B931B
:10970000FDF78CFF002800F08A800AA8FDF764FFAF
:109710008DF83300DBE701270646A7E70125A5E71B
:109720000127A3E708EE108A0125A6E700224FF0E3
:109730000043B1E7012700230D9A52F80C2C72B1B7
:10974000F1B20DA800930BF040FFD4E902010DAA7D
:1097500008F097F9009B10B91D9904220A6036B9E8
:109760002DB90D9A52F80C2C002A00F09580002B90
:1097700040F09280B8F1000F40F0AB80B9F1000FDB
:1097800003D0DAF1000A6BEB4B0B1E9BC3E900AB75
:109790008AE0DDF80C804FF0000A4FF0000B002F3C
:1097A000C9D19DF8331018EE100AFBF713FE431CC5
:1097B000C1D0DDE906235B4508BF52452CD3009B91
:1097C00003FB0BF1019B0AFB0311009BA3FB0A2384
:1097D000DDE904ABBAEB000A0B446BEBE07B9B4585
:1097E00008BF924538BF48F0010812EB000A43EB6E
:1097F000E07B01360A9801F0BAFB4FF0FF331AA95B
:109800000AA80B93FDF70AFF002893D00AA8FDF7DA
:10981000E3FE8DF83300C4E74FF00108EAE7039F49
:1098200054E794F82430934285D018EE101A089823
:109830000DF13302FBF726FE60B3089BA0EB030C8F
:10984000DDE90623BCF10F0FC8BFACF1060C5B4588
:1098500008BF52451BD3009B03FB0BF1019B0AFB86
:109860000311009BA3FB0AAB8B44DDE90401B0EBC1
:109870000C0061EBEC71594508BF504538BF48F00A
:1098800001081AEB0C0A4BEBEC7B013630E7DDF8F4
:109890000C802DE703464FE7002200231E99C1E903
:1098A00000231D9A042313602FB11D9B1D9A1B6872
:1098B00043F002031360DDE90A01099B83E803001A
:1098C0000DA80BF04BFC09980FB0BDEC028BBDE866
:1098D000F08FB9F1000F04D14FF0FF326FF0004369
:1098E000DCE700224FF00043D8E700BFEC4A00203D
:1098F00070B588B006AD85E80C00109B04930F9BF3
:1099000003930E9B02930CAB04460E4693E80300B0
:109910008DE80300204695E80C003146FFF7EEFD88
:10992000204608B070BD00002DE9F04F2DED028BF0
:1099300091B00DF1300A1E9D099005F16C010EA841
:109940008AE80C00FDF786F800238DF83B30EB68C1
:1099500003F04A09B9F1400F044658D0B9F1080F95
:109960000CBF4FF010084FF00A081CA95046FDF735
:1099700042FE0746002840F088805046FDF72CFE46
:1099800094F84A30C0B283420CBF012300238DF803
:109990003B00089303D094F84B3083421CD1237CC6
:1099A0001BB194F82530834216D094F824308342BA
:1099B00012D00C9801F0DBFA4FF0FF331CA950468F
:1099C0000D93FDF72BFE0546002800F0B0805046B1
:1099D000FDF702FE8DF83B0000252E46227C9DF807
:1099E0003B301AB194F825209A4252D094F82420A2
:1099F0009A424ED094F84E209A4214D155B1B8F103
:109A00000A0F11D1B9F1000F0AD14E4633E04FF0E1
:109A10000808AAE7B9F1000F2BD0B8F1080F2DD034
:109A20000136012510E015B394F84C209A4203D07A
:109A300094F84D209A427DD1B9F1000F20D0B8F1B1
:109A4000100F7BD1002635460C9801F090FA4FF0AC
:109A5000FF331CA950460D93FDF7E0FD00286BD0A5
:109A60005046FDF7B9FD8DF83B00002DB6D12F46CD
:109A70000FE04E4601254FF00808E5E72E46D0E7F7
:109A80004E464D464FF01008DEE7002308931E4671
:109A90001D46B8F1100F14BF4346162308EE103AC6
:109AA0009A4B0F93237C1BB120210FA80BF0BBFC1A
:109AB0004246D3174FF0FF304FF0FF31CDE900237E
:109AC00015F0C6FD94F86490CDE90201B9F1000FDC
:109AD00066D004F14E0306934FF0000A4FF0000BDE
:109AE0004FF000087FBB237C9DF83B20002B00F04B
:109AF000A78094F82510914240F0A28026B3F1B2DD
:109B00000FA80BF062FD00260C9801F030FA4FF020
:109B1000FF331CA90CA80D93FDF780FD002800F071
:109B20008D800CA8FDF758FD8DF83B00DBE7012781
:109B30000646AEE70125ACE70127AAE708EE108A42
:109B40000125ADE7012700230F9A52F80C2C72B1C2
:109B5000F1B20FA800930BF038FDD4E902010FAA6F
:109B600007F08FFF009B10B91F9904220A6036B9D5
:109B70002DB90F9A52F80C2C002A00F0A580002B6A
:109B800040F0A280B8F1000F40F0BB80089B1BB1F1
:109B9000DAF1000A6BEB4B0B209BC3E900AB9BE0B7
:109BA000C8464FF0000A4FF0000B4FF0FF39002F6E
:109BB000C9D19DF83B1018EE100AFBF70BFCB0F171
:109BC000FF3FC0D0DDE902235B4508BF524532D3D9
:109BD000009B03FB0BF1019B0AFB0311009BA3FB02
:109BE0000A230B44C117CDE90401C143069105992D
:109BF000C9430791DDE906019942049908BF9042E3
:109C000038BF48F0010811EB020A059906F1010678
:109C100041EB030B0C9801F0AAF91CA90CA8CDF894
:109C20003490FDF7FBFC00288CD00CA8FDF7D4FC89
:109C30008DF83B00BDE74FF00108EBE74F4651E7D9
:109C400094F8243093423FF47EAF18EE101A069831
:109C50000DF13B02FBF716FCA0B3069BA0EB030C37
:109C6000DDE90223BCF10F0FC8BFACF1060C5B4568
:109C700008BF524524D3009B03FB0BF1019B0AFB59
:109C80000311009B6046A3FB0A230B44C117CDE9D7
:109C900004016FEA0C010A910599C9430B91DDE9B2
:109CA0000A019942049908BF904238BF48F0010860
:109CB00011EB020A059906F1010641EB030B23E7BC
:109CC000C84621E703463FE7002200232099C1E967
:109CD00000231F9A042313602FB11F9B1F9A1B6838
:109CE00043F002031360DDE90C01099B83E80300E4
:109CF0000FA80BF033FA099811B0BDEC028BBDE848
:109D0000F08F4FF0FF324FF0FF33DFE7EC4A0020D7
:109D100070B588B006AD85E80C00109B04930F9BCE
:109D200003930E9B02930CAB04460E4693E803008C
:109D30008DE80300204695E80C003146FFF7F4FD5E
:109D4000204608B070BDF0B58FB00AAC84E80C00B6
:109D50000DAA0792169A06928C4642F20F720421BF
:109D6000CDE90421002303930D930CAB029314ABB4
:109D7000054693E803008DE8030008AF94E80C0063
:109D800061463846179EFDF750FC97E803000D9B8F
:109D900084E80300BBB90C9B189A002BB4BF643352
:109DA000A3F26C73536114A92046FDF724FC18B18B
:109DB000336843F00203336094E8030085E803004E
:109DC00028460FB0F0BD336843F004033360EAE780
:109DD0002DE9F0479CB0DDE926960AAC054609F16D
:109DE0006C0084E80C008846FCF7ACF80DF1380AEA
:109DF00007465146FBF736FD384615A9FBF722FD0D
:109E000000230D930DABCDE905930723CDE903A303
:109E10000CAB029324AB93E803008DE8030008AF7A
:109E200094E80C0041463846FDF712FD97E8030020
:109E30000D9B84E803009BB9289B0C9A9A6124A986
:109E40002046FDF7D8FB18B1336843F002033360B6
:109E500094E8030085E8030028461CB0BDE8F087BD
:109E6000336843F004033360E9E72DE9F047A6B017
:109E7000DDE930960AAC054609F16C0084E80C0077
:109E80008846FCF75FF80DF1380A07465146FBF7A4
:109E900018FD38461AA9FBF7F5FC00230D930DAB0E
:109EA000CDE905930C23CDE903A30CAB02932EABB4
:109EB00093E803008DE8030008AF94E80C004146E6
:109EC0003846FDF7C5FC97E803000D9B84E80300C6
:109ED0009BB9329B0C9A1A612EA92046FDF78BFB89
:109EE00018B1336843F00203336094E8030085E857
:109EF0000300284626B0BDE8F087336843F004032A
:109F00003360E9E72DE9F0438DB0DDE9169608AC42
:109F1000054609F16C0084E80C008846FCF712F84D
:109F20000AA9FBF783FC0A9B0593189BCDF80890C0
:109F3000CDE9036314AB93E803008DE8030006AF9B
:109F40004146384694E80C00FDF732FD97E80300DF
:109F500084E8030014A92046FDF74DFB18B13368CF
:109F600043F00203336094E8030085E803002846C9
:109F70000DB0BDE8F0832DE9F0438DB0DDE9169614
:109F800008AC054609F16C0084E80C008846FBF734
:109F9000D9FF0AA9FBF744FC0A9B0593189BCDF84F
:109FA0000890CDE9036314AB93E803008DE8030048
:109FB00006AF4146384694E80C00FDF7F9FC97E8F7
:109FC000030084E8030014A92046FDF714FB18B130
:109FD000336843F00203336094E8030085E803002C
:109FE00028460DB0BDE8F0832DE9F04F2DED028B32
:109FF0008FB008A981E80C00DDE91C3803F16C0181
:10A00000069008460191FBF751FD019904900AA8BA
:10A01000FCF782F900F138030793036A04461BB189
:10A02000836A003B18BF0123227CA64D02930B9547
:10A030001AB120210BA80BF0F6F920210CA80C95E1
:10A040000BF0F1F904F13903002508EE103A636BC7
:10A050000D932F462E460395A94601950DAB5B5DEA
:10A06000042B40D8DFE813F05F0132012B00A2007F
:10A07000DE00BAF1000FF1D1D8F8003043F004034C
:10A08000C8F8003008AC1AA92046FDF7B4FA28B188
:10A09000D8F8003043F00203C8F8003094E8030019
:10A0A000069B83E803000CA80BF058F80BA80BF0F4
:10A0B00055F806980FB0BDEC028BBDE8F08F1C9BE5
:10A0C000DB6898051ED4B9F1010F1BD8D5B1012D5D
:10A0D0000CD1029BB3B99DF83430032B12D09DF8FC
:10A0E0003630012B0ED04FF0010A2CE0022DFAD1B0
:10A0F0009DF83730042B05D0029A002AF3D0032BA9
:10A1000040F01481A36905934FF0000B1AA908A829
:10A11000FDF784FA059B824600283ED09B4512D06D
:10A1200008A8FDF759FA636913F80B30C0B28342EF
:10A1300036D0BBF1000F40F0FC801C9BDB6883F441
:10A140000073C3F3402A0135042D92D1B9F1010FF8
:10A1500040F24281BAF1000F8ED0019B002B00F03B
:10A16000EB80656A4FF0010B1AA908A8FDF756FAB3
:10A17000002800F0E380D94500F0E38008A8FDF74F
:10A180002BFA15F80B30C0B283427FF475AF08A8E4
:10A19000FCF7E6F80BF1010BE6E79B45C9D1A2E716
:10A1A00008A8FCF7DDF80BF1010BAFE7236ABBB998
:10A1B000A36A53B31AA908A8FDF730FA824620B360
:10A1C00008A8FDF709FA626A1278C0B282421CD16F
:10A1D00008A8D4F82890FCF7C3F8CDF804A0B2E79B
:10A1E0001AA908A8FDF71AFA82460028E0D008A8A4
:10A1F000FDF7F2F9E2691278C0B28242D8D108A81C
:10A20000D4F82090FCF7ACF89DE7236A1BB9029BB9
:10A2100083F0010A97E7A36A002BF8D10123019389
:10A220009A4690E71AA908A8FDF7F8F9824600288F
:10A2300044D008A8FDF7D0F90DF12B025FFA80FB9E
:10A240000A2118EE100A8DF82BB0FBF71BF980B12C
:10A25000079BC01A1C4B1B68195C0CA80BF0B5F9C6
:10A2600006F1010B039E08A8FCF77AF803965E46F8
:10A27000D8E7627C5A4506D12FB9E26A002A11DD7F
:10A2800057468346EFE7227C62B1A37C5B4508D149
:10A2900087B98EB1F1B20BA80BF097F9BB46039EBC
:10A2A000E1E792460C9A52F80C2C002A08BF4FF0B6
:10A2B000000A48E7BA46F5E7B246F3E74FF0010A6D
:10A2C000F0E700BFEC4A00203C0F00201AA908A8C4
:10A2D000FDF7A4F98246C8B94FF0000A032D3FF4F8
:10A2E00032AF1AA908A8FDF799F900283FF42BAF5F
:10A2F00008A8FDF771F9049BC0B29A69125C1207B5
:10A300007FF521AF08A8FCF72BF8EAE708A8FDF7CE
:10A3100063F9049BC0B29A69125C1107DCD508A8E6
:10A32000FCF71EF8DAE74FF0010AD7E7DDF808A0DE
:10A3300009E74FF0000A06E7E56913E7D9457FF41E
:10A340009BAE0C9B53F80C3C012B14D930210022FE
:10A350000DEB01000AF083FE024660B1431C04BF0E
:10A360000C9B53F80C2C4FF0000108BF02F1FF3298
:10A370000CA80AF085FF019B73B10CA80AF070FFCE
:10A380000C9B1B78302B07D00CA80AF072FF2D22F3
:10A3900001460CA80AF0C6FF0B9B53F80C3C8BB18E
:10A3A000F7B19DF80C100BA80BF00FF9D4E90201DE
:10A3B0000BAA07F066FB28B9D8F8003043F0040375
:10A3C000C8F800301FB1E36AB3427FF455AE1E985F
:10A3D0000CA90AF02FFE55E6BAF1000FB1D14BE6F9
:10A3E000F1B2E0E72DE9F04F2DED028B8FB008A917
:10A3F00081E80C00DDE91C3803F16C010690084689
:10A400000191FBF753FB019904900AA8FBF7B2FFF7
:10A4100000F138030793036A04461BB1836A003BCB
:10A4200018BF0123227CA64D02930B951AB120215F
:10A430000BA80AF0F8FF20210CA80C950AF0F3FFF6
:10A4400004F13903002508EE103A636B0D932F4693
:10A450002E460395A94601950DAB5B5D042B40D8B4
:10A46000DFE813F05F0132012B00A200DE00BAF139
:10A47000000FF1D1D8F8003043F00403C8F80030E1
:10A4800008AC1AA92046FDF7B6F828B1D8F8003074
:10A4900043F00203C8F8003094E80300069B83E809
:10A4A00003000CA80AF05AFE0BA80AF057FE069803
:10A4B0000FB0BDEC028BBDE8F08F1C9BDB689805EC
:10A4C0001ED4B9F1010F1BD8D5B1012D0CD1029BBF
:10A4D000B3B99DF83430032B12D09DF83630012BE0
:10A4E0000ED04FF0010A2CE0022DFAD19DF8373042
:10A4F000042B05D0029A002AF3D0032B40F01481DC
:10A50000A36905934FF0000B1AA908A8FDF786F878
:10A51000059B824600283ED09B4512D008A8FDF737
:10A520005BF8636913F80B30C0B2834236D0BBF1DD
:10A53000000F40F0FC801C9BDB6883F40073C3F3C6
:10A54000402A0135042D92D1B9F1010F40F2428128
:10A55000BAF1000F8ED0019B002B00F0EB80656AF2
:10A560004FF0010B1AA908A8FDF758F8002800F0D1
:10A57000E380D94500F0E38008A8FDF72DF815F831
:10A580000B30C0B283427FF475AF08A8FBF7E8FE3A
:10A590000BF1010BE6E79B45C9D1A2E708A8FBF741
:10A5A000DFFE0BF1010BAFE7236ABBB9A36A53B31C
:10A5B0001AA908A8FDF732F8824620B308A8FDF7CB
:10A5C0000BF8626A1278C0B282421CD108A8D4F893
:10A5D0002890FBF7C5FECDF804A0B2E71AA908A899
:10A5E000FDF71CF882460028E0D008A8FCF7F4FF2D
:10A5F000E2691278C0B28242D8D108A8D4F820907B
:10A60000FBF7AEFE9DE7236A1BB9029B83F0010AAC
:10A6100097E7A36A002BF8D1012301939A4690E7AC
:10A620001AA908A8FCF7FAFF8246002844D008A817
:10A63000FCF7D2FF0DF12B025FFA80FB0A2118EE26
:10A64000100A8DF82BB0FAF71DFF80B1079BC01AD6
:10A650001C4B1B68195C0CA80AF0B7FF06F1010B34
:10A66000039E08A8FBF77CFE03965E46D8E7627C53
:10A670005A4506D12FB9E26A002A11DD57468346B2
:10A68000EFE7227C62B1A37C5B4508D187B98EB12C
:10A69000F1B20BA80AF099FFBB46039EE1E7924690
:10A6A0000C9A52F80C2C002A08BF4FF0000A48E719
:10A6B000BA46F5E7B246F3E74FF0010AF0E700BF0C
:10A6C000EC4A00203C0F00201AA908A8FCF7A6FFBE
:10A6D0008246C8B94FF0000A032D3FF432AF1AA9E1
:10A6E00008A8FCF79BFF00283FF42BAF08A8FCF755
:10A6F00073FF049BC0B29A69125C12077FF521AF09
:10A7000008A8FBF72DFEEAE708A8FCF765FF049B05
:10A71000C0B29A69125C1107DCD508A8FBF720FECD
:10A72000DAE74FF0010AD7E7DDF808A009E74FF0B4
:10A73000000A06E7E56913E7D9457FF49BAE0C9B59
:10A7400053F80C3C012B14D9302100220DEB0100F1
:10A750000AF085FC024660B1431C04BF0C9B53F811
:10A760000C2C4FF0000108BF02F1FF320CA80AF0D8
:10A7700087FD019B73B10CA80AF072FD0C9B1B783E
:10A78000302B07D00CA80AF074FD2D2201460CA82E
:10A790000AF0C8FD0B9B53F80C3C8BB1F7B19DF848
:10A7A0000C100BA80AF011FFD4E902010BAA07F064
:10A7B00068F928B9D8F8003043F00403C8F800302D
:10A7C0001FB1E36AB3427FF455AE1E980CA90AF09C
:10A7D00031FC55E6BAF1000FB1D14BE6F1B2E0E73A
:10A7E0002DE9F0418CB008AC84E80C00DDE91538A7
:10A7F0000AAFCDE9038702938C4612AB18490A9140
:10A80000064693E803009DF850208DE8030006AD4E
:10A81000F2B194E80C0061462846FFF7E5FB95E8A5
:10A8200003000A9D84E8030006F03AFF17990B9095
:10A830000BAB4246284606F03DFD94E8030086E84F
:10A84000030038460AF08AFC30460CB0BDE8F081BF
:10A8500094E80C0061462846FFF7C4FDDFE700BF1F
:10A86000EC4A00202DE9F04F8FB00AAC84E80C00D0
:10A870001B9B9DF868B0DDF87490064603F16C00F0
:10A880008A46FBF713F91B9B1C9A1F490D91CDE9D2
:10A8900002320DAF049718AB804693E803008DE8B1
:10A8A000030008AD94E80C0051462846BBF1000FA8
:10A8B00027D0FFF799FB0D9B95E8030053F80C5C3C
:10A8C00084E8030095B1294648460AF079FEDDF890
:10A8D00034A048460AEB050207920AF0C1FCD9F8F9
:10A8E0000030079A51464046FAF7F3FD94E803001A
:10A8F00086E8030038460AF031FC30460FB0BDE868
:10A90000F08FFFF76FFDD6E7EC4A0020244B1A6862
:10A91000D0075CBF01221A60224B1A68D1075CBFC6
:10A9200001221A60204B1A68D2075CBF01221A600C
:10A930001E4B1A68D0075CBF01221A601C4B1A68B4
:10A94000D1075CBF01221A601A4B1A68D2075CBF9C
:10A9500001221A60184B1A68D0075CBF01221A60E6
:10A96000164B1A68D1075CBF01221A60144B1A6893
:10A97000D2075CBF01221A60124B1A68D0075CBF75
:10A9800001221A60104B1A68D1075CBF01221A60BD
:10A990000E4B1A68D2075CBF01221A60704700BFD5
:10A9A000803500207C35002078350020743500206B
:10A9B000703500206C35002068350020643500209B
:10A9C000603500205C3500205835002054350020CB
:10A9D00010B5054B03601433044640F8043FFAF702
:10A9E00003F8204610BD00BFEC0E0400D0F800C0F4
:10A9F000ACF10C0CDCF800C06044E9E710B5054B85
:10AA000003601433044640F8043FF9F7F7FF20468B
:10AA100010BD00BF1C0F0400D0F800C0ACF10C0C3E
:10AA2000DCF800C06044E9E710B50446FFF7D0FF4A
:10AA30002046F9F787F8204610BDD0F800C0ACF1E9
:10AA40000C0CDCF800C06044EEE710B50446FFF7DC
:10AA5000D5FF2046F9F776F8204610BDD0F800C0A3
:10AA6000ACF10C0CDCF800C06044EEE710B5044615
:10AA70000868206050F80C0C4B68235011462044A5
:10AA8000FAF71EF8204610BD37B5051D04462846C6
:10AA90000191F9F7E5FF054B23601433284601992E
:10AAA0006360FAF70DF8204603B030BDEC0E0400E9
:10AAB00010B5044669B91368236061B9526853F848
:10AAC0000C3CE2508B0702D5201DF9F78DFF204684
:10AAD00010BD024BF0E7024A0423F2E7EC0E04003B
:10AAE000000F04000A460021FFF7E2BF036853F895
:10AAF0000C3C034410B50446986F50B100F034FA92
:10AB0000013006D1236853F80C0C01212044F9F7D9
:10AB1000A1FF204610BD10B504460868206050F81B
:10AB20000C0C4B68235011462044FAF728F82046B5
:10AB300010BD000037B5051D044628460191F9F700
:10AB4000EBFF054B23601433284601996360FAF745
:10AB500016F8204603B030BD1C0F040010B50446A3
:10AB600069B91368236061B9526853F80C3CE2502C
:10AB70008B0702D5201DF9F741FF204610BD024B7F
:10AB8000F0E7024A0423F2E71C0F0400300F040030
:10AB90000A460021FFF7E2BF036853F80C3C034468
:10ABA00010B50446D86F50B100F00CFA013006D150
:10ABB000236853F80C0C01212044F9F7A7FF204625
:10ABC00010BD000080B59CB0064600AF0C46A41B2B
:10ABD0000E496922381D15F0B1FD04F1700323F010
:10ABE0000703ADEB030D6D466822391D284615F0AD
:10ABF000A5FD2246314605F168002C4415F09EFD66
:10AC0000002384F868302846F9F7C8FE920F040044
:10AC10002DE9F04100AF84B06D4605F10C04DFF87A
:10AC2000448023464FF00A0CB2FBFCF60CFB162EB8
:10AC300018F80EE003F801ED9646BEF1090F324612
:10AC4000F2D8E41A8C4209D8C4F10C0122462944F6
:10AC500015F074FD2046BD46BDE8F0814FF0FF348D
:10AC6000F8E700BF7F19040001392DE9F0410746DC
:10AC7000154600EB010804462A7862B344452ED2FB
:10AC8000252A07D16A78732A09D07A2A12D0252A70
:10AC900000D1013515F8012B04F8012BECE753F82E
:10ACA000042B013A12F8011FE9B1444517D004F80A
:10ACB000011BF7E7AA78752AECD11E46A8EB040120
:10ACC00056F8042B2046FFF7A3FF002807DD0444B5
:10ACD00003353346D0E72270E01BBDE8F081214602
:10ACE0003846FFF76FFF0235C6E77047704730B54B
:10ACF00000224FF0FF344FF0FF35C0E90045C0E9B6
:10AD0000022230BD82B08DE80C004FF0FF334FF0CF
:10AD1000FF32C0E900230023C0E9023302B07047CC
:10AD200000207047002070474FF0FF3070470368E5
:10AD300010B55B6A04469847431C1EBFA36813F80E
:10AD4000010BA36010BD4FF0FF3070474FF0FF3094
:10AD500070477047704730B500224FF0FF344FF016
:10AD6000FF35C0E90045C0E9022230BD82B08DE860
:10AD70000C004FF0FF334FF0FF32C0E900230023F7
:10AD8000C0E9023302B070470020704700207047CE
:10AD90004FF0FF307047036810B55B6A0446984770
:10ADA000431C1EBFA36853F8040BA36010BD4FF0F3
:10ADB000FF3070474FF0FF307047000010B5044B74
:10ADC000044640F81C3B06F0C1FC204610BD00BF05
:10ADD0000410040010B5044B044640F81C3B06F078
:10ADE000B5FC204610BD00BF4410040010B5044659
:10ADF000FFF7E4FF2046F8F7A5FE204610BD10B58A
:10AE00000446FFF7E7FF2046F8F79CFE204610BDFA
:10AE10002DE9F04106460D469046002444451DDAD2
:10AE2000D6E905073A1A0FD0A8EB04079742A8BF46
:10AE300017463A46294615F081FC72693C443A446B
:10AE4000A0453D447261E9DD336829785B6B30468B
:10AE50009847013002D001340135DFE72046BDE8D4
:10AE6000F0812DE9F04107460E4690460025454504
:10AE700021DAD7E90504844213D0241AA410A8EBE0
:10AE800005029442A8BF14462246314619F021FF1C
:10AE90007A69254402EB8402A84506EB84067A61B0
:10AEA000E5DD3B6831685B6B38469847013002D07E
:10AEB00001350436DBE72846BDE8F0812DE9F04195
:10AEC00006460C469046002545451DDAD6E9021790
:10AED0007A1A0FD0A8EB05079742A8BF17463A4643
:10AEE000204615F02BFCB2683D443A44A8453C444A
:10AEF000B260E9DD336830469B6A9847431C03D053
:10AF000004F8010B0135DFE72846BDE8F0812DE9A3
:10AF1000F04107460C4690460026464521DAD7E91F
:10AF200002158D4213D06D1AAD10A8EB06029542A2
:10AF3000A8BF15462A46204619F0CBFEBA682E4413
:10AF400002EB8502B04504EB8504BA60E5DD3B68A1
:10AF500038469B6A9847431C03D044F8040B0136DB
:10AF6000DBE73046BDE8F08103689B691847D0E90C
:10AF700002218A42034603D212F8010B9A607047FD
:10AF800003689B6A1847D0E902218A4201D21078EF
:10AF9000704703685B6A184703681B6B184700001B
:10AFA00010B5074B03600023C0E90133C0E9033348
:10AFB000C0E9053304461C3007F0F4F8204610BD04
:10AFC0000410040003689B691847D0E902218A42F3
:10AFD000034603D252F8040B9A60704703689B6AD9
:10AFE0001847D0E902218A4201D2106870470368ED
:10AFF0005B6A184703681B6B1847000010B5074BC6
:10B0000003600023C0E90133C0E90333C0E905331D
:10B0100004461C3007F0C6F8204610BD441004005A
:10B020008368586970478368986970478368586B6C
:10B03000704783689B6B0020DAB262F30700C3F3AA
:10B04000072262F30F20C3F3074262F317401B0E7F
:10B0500082B063F31F6002B070478368DB6B00202F
:10B06000DAB262F30700C3F3072262F30F20C3F3DF
:10B07000074262F317401B0E82B063F31F6002B0F9
:10B080007047836858697047836898697047836818
:10B09000586B704783689B6B0020DAB262F307003D
:10B0A000C3F3072262F30F20C3F3074262F3174092
:10B0B0001B0E82B063F31F6002B070478368DB6BC6
:10B0C0000020DAB262F30700C3F3072262F30F2015
:10B0D000C3F3074262F317401B0E82B063F31F6095
:10B0E00002B070478368586A70478368986A7047EF
:10B0F000002070470020704770470020914204D222
:10B1000051F8043B03EB7060F8E770470D4B10B546
:10B11000036090F86C3004467BB1806808B1F8F7A2
:10B1200013FDE06908B1F8F70FFD606A08B1F8F7A0
:10B130000BFDE06A08B1F8F707FD204606F08FFA2C
:10B14000204610BD101304000D4B10B5036090F89D
:10B150006C3004467BB1806808B1F8F7F5FCE06913
:10B1600008B1F8F7F1FC606A08B1F8F7EDFCE06AA5
:10B1700008B1F8F7E9FC204606F071FA204610BD48
:10B180002013040010B5034B0360044606F067FA71
:10B19000204610BDA412040010B5034B0360044602
:10B1A00006F05DFA204610BDBC1204000B4B10B532
:10B1B000036090F8243104465BB1806808B1F8F769
:10B1C000C3FC606908B1F8F7BFFCE06908B1F8F7A3
:10B1D000BBFC204606F043FA204610BD30130400A5
:10B1E00010B5034B0360044606F039FA204610BD43
:10B1F0006811040010B5034B0360044606F02FFAF3
:10B20000204610BDA411040010B5034B0360044692
:10B2100006F025FA204610BDD411040010B5034BEA
:10B220000360044606F01BFA204610BDD412040049
:10B2300010B5034B0360044606F011FA204610BD1A
:10B24000E812040010B50446FFF760FF2046F8F747
:10B2500079FC204610BD10B50446FFF775FF204667
:10B26000F8F770FC204610BD10B50446FFF78AFFC2
:10B270002046F8F767FC204610BD10B50446FFF7DE
:10B280008BFF2046F8F75EFC204610BD10B5044643
:10B29000FFF78CFF2046F8F755FC204610BD10B58F
:10B2A0000446FFF79DFF2046F8F74CFC204610BDF2
:10B2B00010B50446FFF79EFF2046F8F743FC2046F2
:10B2C00010BD10B50446FFF79FFF2046F8F73AFC83
:10B2D000204610BD10B50446FFF7A0FF2046F8F742
:10B2E00031FC204610BD10B50446FFF7A1FF2046F3
:10B2F000F8F728FC204610BD13B58B6801AA9968A1
:10B3000004460AF0BDF9204602B010BD13B58B68A3
:10B3100001AA996804460AF0B3F9204602B010BDAC
:10B3200013B58B6801AA996804460AF0A9F920466A
:10B3300002B010BD13B58B6801AAD96904460AF0A2
:10B3400035FD204602B010BD13B58B6801AA596ABD
:10B3500004460AF02BFD204602B010BD13B58B68E1
:10B3600001AAD96A04460AF021FD204602B010BDA8
:10B3700013B58B6801AAD96904460AF017FD204667
:10B3800002B010BD13B58B6801AA596A04460AF0D1
:10B390000DFD204602B010BD13B58B6801AAD96A15
:10B3A00004460AF003FD204602B010BD13B58B68B9
:10B3B00001AA596904460AF0F9FC204602B010BD02
:10B3C00013B58B6801AAD96904460AF0EFFC204640
:10B3D00002B010BD10B5054B044640F8083B05F01F
:10B3E000D1FF204606F03BF9204610BD5C12040058
:10B3F00010B50446FFF7EEFF2046F8F7A3FB204602
:10B4000010BD000010B5054B044640F8083B05F0A0
:10B41000B9FF204606F023F9204610BDE8100400CD
:10B4200010B50446FFF7EEFF2046F8F78BFB2046E9
:10B4300010BD000038B50D4B03600569044606F0E9
:10B4400039F9854203D015B12846F8F77DFBA0688D
:10B4500010B103685B68984704F10C0005F092FF97
:10B46000204606F0FCF8204638BD00BFE411040079
:10B4700010B50446FFF7DEFF2046F8F763FB2046D1
:10B4800010BD2DE9F04385B01C46804603AB02A8F1
:10B490000AF0A3FC0C9A01AB214603A80AF09DFC1C
:10B4A000DDF80890039D59F80C7C55F80C6C09EBFD
:10B4B000870705EB86062A464946404606F0A9F866
:10B4C000044678B9484619F087FA09EB80092846FE
:10B4D00019F082FA4F4505EB80040DD1341B18BFDB
:10B4E0004FF0FF3403A80AF0F7F902A80AF0F4F9C4
:10B4F000204605B0BDE8F083A64203D009F1040957
:10B50000251DD8E70124EDE72DE9F34716461C4633
:10B510002A4B036022466B460746884601A83146FF
:10B520000AF05BFC019D55F80C3CA21B05EB83095E
:10B530006FF06043B3EB620F4FEA62068CBFB0005E
:10B540004FF0FF30F8F7FCFA6FF0604A04463346DC
:10B550002A462146404606F067F8864211D8461C26
:10B560002046F8F7F1FA564534BFB0004FF0FF30EF
:10B57000F8F7E6FA3346044601462A46404606F006
:10B5800053F80246214638460AF02CFB284619F0AB
:10B5900023FA05EB8000814505D0051D00213846C2
:10B5A0000AF0A9FBD3E72046F8F7CEFA01A80AF083
:10B5B00093F9384602B0BDE8F08700BFFC4A00208E
:10B5C0000A2807D82F2917D93030814214D2A1F187
:10B5D00030007047A1F1300009280FD9A1F16103B3
:10B5E000052B02D8A1F157007047A1F14103052BAB
:10B5F00002D8A1F1370070474FF0FF307047134673
:10B600000A4611B1196819F055BB084670470AB1CE
:10B6100019F05FBB70470B4611461A460BB119F083
:10B620005EBB704700390B4A026018BF012100223F
:10B63000C0E90222C0E90522C0E90722C0E90922C7
:10B64000C0E90B22C0E90D2241600274C26380F898
:10B650006C2070471013040000390B4A026018BFB9
:10B6600001210022C0E90222C0E90522C0E9072227
:10B67000C0E90922C0E90B22C0E90D224160027431
:10B68000C26380F86C2070472013040010B5003AA4
:10B6900018BF0122054B426000220446036081600E
:10B6A000114606F0ABFE204610BD00BF2812040074
:10B6B00003689B6818470368DB68184710B50B6878
:10B6C00004461B699847204610BD10B50B68044618
:10B6D0005B699847204610BD10B50B6804469B690E
:10B6E0009847204610BD10B50B680446DB699847A3
:10B6F000204610BD03681B6A184703685B6A82B066
:10B7000002B0184703689B6A82B002B01847000075
:10B7100010B5003A18BF0122054B426000220446D2
:10B7200003608160114606F021FE204610BD00BF77
:10B73000F411040003689B6818470368DB68184726
:10B7400010B50B6804461B699847204610BD10B51C
:10B750000B6804465B699847204610BD10B50B681E
:10B7600004469B699847204610BD10B50B680446F7
:10B77000DB699847204610BD03681B6A18470368B9
:10B780005B6A82B002B0184703689B6A82B002B05D
:10B790001847F0B589B006AE86E80C00139A0B681E
:10B7A0000592129A0492119A03929DF840200292F7
:10B7B0000EAA04460D4692E803008DE803002046D9
:10B7C0009F68294696E80C00B847204609B0F0BDAE
:10B7D000F0B589B006AE86E80C00139A0B680592A6
:10B7E000129A0492119A03929DF8402002920EAA96
:10B7F00004460D4692E803008DE803002046DF680A
:10B80000294696E80C00B847204609B0F0BD70B54F
:10B8100086B004AC84E80C000C9A02920B9A019258
:10B820000B689DF8282000929E6894E80C0005465D
:10B83000B047284606B070BD70B586B004AC84E849
:10B840000C000D9A03920C9A02920B9A01920B68CB
:10B850009DF828200092DE6894E80C000546B04769
:10B86000284606B070BD00000039094A026018BFC2
:10B8700001210022C0E90222C0E90522C0E9072215
:10B88000C0E909224160027480F82421704700BF9A
:10B890003013040010B5003A054B036018BF0122B5
:10B8A000044642608160002106F08CFE204610BDF7
:10B8B0004411040003689B6818470368DB68184755
:10B8C00010B50B6804461B699847204610BD10B59B
:10B8D0000B6804465B699847204610BD10B50B689D
:10B8E00004469B699847204610BD0000003A084B6B
:10B8F00018BF012210B5426003608160044605F064
:10B90000D9FE00212061204607F020F8204610BD16
:10B91000E411040083689A680A60DB684B60704732
:10B9200083681A690A605B694B60704783689A692B
:10B930000A60DB694B6070478368DA6A0A601A6BD9
:10B940004A605A6B8A609A6BCA60DA6B0A611A6C39
:10B950004A615B6C8B61704783689A6C0A60DA6C31
:10B960004A601A6D8A605A6DCA609A6D0A61DA6D12
:10B970004A611B6E8B61704783685A6E0A609A6ECB
:10B980004A60DA6E8A601A6FCA605A6F0A619A6FEB
:10B990004A61DA6F8A61D3F88020CA61D3F88420C3
:10B9A0000A62D3F888204A62D3F88C208A62D3F8DE
:10B9B0009030CB6270478368D3F894200A60D3F844
:10B9C00098204A60D3F89C208A60D3F8A020CA60EF
:10B9D000D3F8A4200A61D3F8A8204A61D3F8AC2098
:10B9E0008A61D3F8B020CA61D3F8B4200A62D3F8D0
:10B9F000B8204A62D3F8BC208A62D3F8C030CB6248
:10BA0000704703689B681847F0B589B006AE86E8B2
:10BA10000C00129A0B680492119A0392109A0292E7
:10BA20000EAA04460D4692E803008DE80300204666
:10BA3000DF68294696E80C00B847204609B0F0BDFB
:10BA4000F0B589B006AE86E80C00129A0B68049235
:10BA5000119A0392109A02920EAA04460D4692E899
:10BA600003008DE8030020461F69294696E80C0074
:10BA7000B847204609B0F0BDF0B589B006AE86E8FB
:10BA80000C00129A0B680492119A0392109A029277
:10BA90000EAA04460D4692E803008DE803002046F6
:10BAA0005F69294696E80C00B847204609B0F0BD0A
:10BAB000F0B589B006AE86E80C00129A0B680492C5
:10BAC000119A0392109A02920EAA04460D4692E829
:10BAD00003008DE8030020469F69294696E80C0084
:10BAE000B847204609B0F0BDF0B589B006AE86E88B
:10BAF0000C00129A0B680492119A0392109A029207
:10BB00000EAA04460D4692E803008DE80300204685
:10BB1000DF69294696E80C00B847204609B0F0BD19
:10BB2000003910B5054B036018BF01214160044680
:10BB300005F0B6FDA060204610BD00BF5C120400F9
:10BB400003689B68184773B5079E01960D68069EAB
:10BB50000096ED680446A847204602B070BD036811
:10BB60001B691847003910B5054B036018BF012148
:10BB70004160044605F094FDA060204610BD00BF62
:10BB8000E810040010B40468A468A4465DF8044BEF
:10BB9000604738B50D680446ED68A847204638BDB3
:10BBA00010B504460A4805F0F7FD2368D3E90123E0
:10BBB000834202D952F8200008B9F8F7ECFE054A92
:10BBC0000549002304F0A0FF08B904F0F9FF10BDF7
:10BBD000044B0020742C04002419040010B5044602
:10BBE0000A4805F0D9FD2368D3E90123834202D92D
:10BBF00052F8200008B9F8F7CEFE054A054900239F
:10BC000004F082FF08B904F0DBFF10BD003600200D
:10BC1000381404002419040010B504460A4805F03D
:10BC2000BBFD2368D3E90123834202D952F82000E7
:10BC300008B9F8F7B0FE054A0549002304F064FF8F
:10BC400008B904F0BDFF10BDF83500200C14040045
:10BC50002419040010B504460A4805F09DFD236828
:10BC6000D3E90123834202D952F8200008B9F8F73A
:10BC700092FE054A0549002304F046FF08B904F086
:10BC80009FFF10BDFC35002000140400241904009F
:10BC900010B504460A4805F07FFD2368D3E9012367
:10BCA000834202D952F8200008B9F8F774FE054A19
:10BCB0000549002304F028FF08B904F081FF10BDF6
:10BCC0000C360020581304002419040010B5044653
:10BCD0000A4805F061FD2368D3E90123834202D9B4
:10BCE00052F8200008B9F8F756FE054A0549002326
:10BCF00004F00AFF08B904F063FF10BD10360020FD
:10BD0000381304002419040010B504460A4805F04D
:10BD100043FD2368D3E90123834202D952F820006E
:10BD200008B9F8F738FE054A0549002304F0ECFE8F
:10BD300008B904F045FF10BDF43500207813040065
:10BD40002419040010B504460A4805F025FD2368AF
:10BD50009A6882420CD95B6853F8200038B1064AD1
:10BD60000649002304F0D0FE003818BF012010BDA2
:10BD70000020FCE7044B0020742C0400241904006C
:10BD800010B504460A4805F007FD23689A68824208
:10BD90000CD95B6853F8200038B1064A06490023E5
:10BDA00004F0B2FE003818BF012010BD0020FCE7EF
:10BDB000F83500200C1404002419040010B50446C2
:10BDC0000A4805F0E9FC23689A6882420CD95B684E
:10BDD00053F8200038B1064A0649002304F094FEC7
:10BDE000003818BF012010BD0020FCE7FC35002002
:10BDF00000140400241904002DE9F043DDE9076470
:10BE000000252F4603F1FF3C12F807E0A4EB0608DB
:10BE1000BEEBA80F02EB070307DB071FA64210D0FB
:10BE200056F804CB47F804CFF8E74FFA8EF9B9F18A
:10BE3000000FF2DDBC45A4EB8E048CBF0137013549
:10BE4000E2E74044013D0FD301601E788446B7000D
:10BE500004EB8606B44202D104373844F2E754F8C2
:10BE600004EB4CF804EFF5E7934210D0016013F8AF
:10BE7000015D0746AE0004EB8505AC4202D10436F5
:10BE80003044F1E754F804CB47F804CFF5E7BDE8B8
:10BE9000F083F7B5DDE9087408461946DDE90A368E
:10BEA000C7B1FD1AAD1003EB850CCDE9003C13467C
:10BEB00002462046FFF7A0FF041BA4103FB13268E2
:10BEC0003946521BFFF7A3FB33685D1B2C443460DB
:10BED00003B0F0BD3568E6E773B5099CDDE90750AE
:10BEE0000E461946236800EB8303CDE90003134691
:10BEF00028463246FFF780FF401B8010206002B0CA
:10BF000070BD70B59DF810408CB103460A26B1FB98
:10BF1000F6F506FB1514043452F8244043F8044D9A
:10BF20000C46092C2946F2D8C01A801070BD03F0C7
:10BF30004A04402C0AD1034601F007040434C9081E
:10BF400052F8244043F8044DF6D1EDE713F4804F46
:10BF500014BF14250425034601F00F042C440909DD
:10BF600052F8244043F8044DF6D1DDE72DE9F047BF
:10BF700014469DF828201D460746DDE908A3FAB1BE
:10BF80000646204629460A22002313F061FB0432AC
:10BF900020465AF8223046F8043D29460A2200235A
:10BFA00013F056FBA946A046B9F1000F08BFB8F13F
:10BFB0000A0F04460D46E4D2B81B8010BDE8F08796
:10BFC00003F04A02402A11D1064604F00703043365
:10BFD000EA085AF8233046F8043DE30843EA45737B
:10BFE0001C46154654EA0503EFD1E5E713F4804FEC
:10BFF00014BF14210421064604F00F030B442A0940
:10C000005AF8233046F8043D230943EA05731C46D9
:10C01000154654EA0503EFD1CEE710B40468E46A8C
:10C02000A4465DF8044B60472DE9FF4704460846E7
:10C030000F46FFF74BFE0546FFF73AFB60612846C7
:10C04000FFF739FBA0612846FFF754FB29466063E0
:10C050006846FFF733FB009B53F80C0CE060F7F7E2
:10C060006FFD00230146E2680646684608F0C8FFF7
:10C07000E3682BB196F90030002BD4BF00230123D5
:10C080002946237401A8FFF720FB019B53F80C0CF1
:10C0900020626FF06043984234BF80004FF0FF3061
:10C0A000F7F74EFD226A80460023014601A809F0F9
:10C0B00073FB294602A8FFF70FFB029B53F80C0CF9
:10C0C000A0626FF06042904234BF80004FF0FF30BA
:10C0D000F7F736FDA26A81460023014602A809F05F
:10C0E0005BFB294603A8FFF7FEFA039B53F80C0CF1
:10C0F00020636FF06042904234BF80004FF0FF3009
:10C10000F7F71EFD226B01460023824603A809F0C3
:10C1100043FB2846FFF7F1FAA0632846FFF7F2FA3F
:10C12000E0633846FFF73CFD104B196804F140030B
:10C1300001F10B02FFF771FF012384F86C30A66058
:10C14000C4F81C80C4F82490C4F82CA003A809F0FB
:10C15000C3FB02A809F0C0FB01A809F0BDFB6846BB
:10C1600008F0FCFF04B0BDE8F08700BF3C0F0020E2
:10C170002DE9FF47044608460F46FFF789FD0546AF
:10C18000FFF7D8FA60612846FFF7D7FAA061284682
:10C19000FFF7F2FA294660636846FFF7D1FA009B81
:10C1A00053F80C0CE060F7F7CBFC00230146E26883
:10C1B0000646684608F024FFE3682BB196F9003084
:10C1C000002BD4BF002301232946237401A8FFF7C5
:10C1D000BEFA019B53F80C0C20626FF0604398424A
:10C1E00034BF80004FF0FF30F7F7AAFC226A804688
:10C1F0000023014601A809F0CFFA294602A8FFF75B
:10C20000ADFA029B53F80C0CA0626FF060429042B2
:10C2100034BF80004FF0FF30F7F792FCA26A8146EE
:10C220000023014602A809F0B7FA294603A8FFF740
:10C230009CFA039B53F80C0C20636FF06042904211
:10C2400034BF80004FF0FF30F7F77AFC226B0146D5
:10C250000023824603A809F09FFA2846FFF78FFAC9
:10C26000A0632846FFF790FAE0633846FFF798FC92
:10C27000104B196804F1400301F10B02FFF7CDFEEA
:10C28000012384F86C30A660C4F81C80C4F82490A4
:10C29000C4F82CA003A809F01FFB02A809F01CFB9E
:10C2A00001A809F019FB684608F058FF04B0BDE882
:10C2B000F08700BF3C0F00202DE9F043044685B015
:10C2C00008460F46FFF78AFC0146054601A8FFF71E
:10C2D000F7FA019B53F80C0CE060F7F731FC0023F0
:10C2E0000146E268064601A808F08AFEE3682BB121
:10C2F00096F90030002BD4BF002301232946237474
:10C3000002A8FFF7E4FA029B53F80C0CA0616FF04F
:10C310006043984234BF80004FF0FF30F7F710FCC5
:10C32000A26981460023014602A809F035FA294690
:10C3300003A8FFF7D3FA039B53F80C0C20626FF0AD
:10C340006042904234BF80004FF0FF30F7F7F8FBB7
:10C35000226A01460023804603A809F01DFA2846F8
:10C36000FFF7A8FA60622846FFF7A7FAA0623846EE
:10C37000FFF716FC124B196804F12C0301F124029B
:10C380000546FFF74AFE0F4B1968284601F11A02CD
:10C3900004F1BC03FFF741FE012384F82431A660B9
:10C3A000C4F81490C4F81C8003A809F095FA02A8F8
:10C3B00009F092FA01A808F0D1FE05B0BDE8F083BB
:10C3C000380F0020340F00202DE9F0410D460F48B2
:10C3D00005F0E2F92B68DF6857F820800446B8F1D1
:10C3E000000F0FD17020F7F7A9FB41460646FFF773
:10C3F00033F929463046FFF7BBFE2868224631460E
:10C4000005F084FA57F82400BDE8F0810C360020CE
:10C4100010B504460068FEF7D8FD4FF0FF336360A7
:10C42000204610BD2DE9F0410D460F4805F0B4F946
:10C430002B68DF6857F820800446B8F1000F0FD151
:10C440007020F7F77BFB41460646FFF7EBF82946DD
:10C450003046FFF7E9FD28682246314605F056FAD6
:10C4600057F82400BDE8F08110360020F7B56D467E
:10C4700085E806009DF80460089F0446194636B911
:10C4800000983A46FEF7B6FD874218BF01268DF8A0
:10C49000046095E8030084E80300204603B0F0BD83
:10C4A0002DE9F04F8FB0DDE9187806A981E80C007E
:10C4B00007F16C01059008460391FFF771FB0399A2
:10C4C000064608A8FFF780FF1A9B1D68036C2A68C0
:10C4D0009A42044655F80C3C7FD0826B0992D0F802
:10C4E0002890426A039232683046D2F814A005EBD5
:10C4F00083032A460421D047401B861000F0C280E7
:10C50000794B0A9371000AA809F021FB636BA6EB33
:10C51000030ABAF1000F26DD3AEA230A28BFB24621
:10C52000E368002B64D000224FEA4A010AA809F010
:10C530007FFA0AA809F03EFA05EB8A03CDE9005319
:10C540000A98A169D4E90223FFF756FC83460AA89A
:10C5500009F030FA0A99ABEB01014FF0FF32891074
:10C560000AA809F031FA636B002B0CDD61690AA897
:10C5700009F0C1FBBAF1000F40DB626B05EB8A01E9
:10C580000AA809F02FFBFB6803F0B00204920A9A94
:10C5900013F4007552F80C2C18BF256A524B0B93FC
:10C5A0004A44154469000BA809F0D1FA049BBE68FF
:10C5B000102B2CD1B5422CBF4FF0000B4FF0010BCC
:10C5C0004FF0000A751B09AB13F80A30042B29D869
:10C5D000DFE803F07C7120636C00C26B0992C26AD1
:10C5E000D0F830900392002B3FF47DAF04357AE70A
:10C5F000524629460AA809F04BFAB4E7626CCAF120
:10C6000000010AA809F028FB32462946B8E74FF096
:10C61000000BD5E7FB689B0504D5D4E907120BA8EE
:10C6200009F0E0FA0AF1010ABAF1040FCBD1B9F12D
:10C63000010F06D9039909F1FF3204310BA809F063
:10C64000D1FA0B9B53F80C1C8E424AD9049B202B29
:10C65000A6EB01013ED142460BA809F0FDFA0CAC55
:10C66000DDE906120B9B00962046FFF7FFFE94E8DB
:10C67000030006900BA88DF81C1009F02DF90AA8EC
:10C6800009F02AF9DDE906010023BB60059B83E878
:10C69000030018460FB0BDE8F08FB9F1000FC1D00C
:10C6A000039B19680BA809F026FBBBE70AA90BA896
:10C6B00009F093FAB6E7BBF1000F05D042462946D0
:10C6C0000BA809F0C9FAADE74146EBE7BBF1000F53
:10C6D000A8D0F3E70A46434600210BA809F0B4F9B5
:10C6E000BDE70E46BBE700BFFC4A00202DE9F04F36
:10C6F0008FB0DDE9187806A981E80C0007F16C011C
:10C70000059008460391FFF74BFA0399064608A8DF
:10C71000FFF788FE1A9B1D68036C2A689A4204463C
:10C7200055F80C3C7FD0826B0992D0F82890426A71
:10C73000039232683046D2F814A005EB83032A46F0
:10C740000421D047401B861000F0C280794B0A9329
:10C7500071000AA809F0FBF9636BA6EB030ABAF1B2
:10C76000000F26DD3AEA230A28BFB246E368002B11
:10C7700064D000224FEA4A010AA809F059F90AA830
:10C7800009F018F905EB8A03CDE900530A98A1696D
:10C79000D4E90223FFF730FB83460AA809F00AF91F
:10C7A0000A99ABEB01014FF0FF3289100AA809F09A
:10C7B0000BF9636B002B0CDD61690AA809F09BFA89
:10C7C000BAF1000F40DB626B05EB8A010AA809F0A1
:10C7D00009FAFB6803F0B00204920A9A13F4007598
:10C7E00052F80C2C18BF256A524B0B934A4415443F
:10C7F00069000BA809F0ABF9049BBE68102B2CD183
:10C80000B5422CBF4FF0000B4FF0010B4FF0000A68
:10C81000751B09AB13F80A30042B29D8DFE803F0A5
:10C820007C7120636C00C26B0992C26AD0F83090B0
:10C830000392002B3FF47DAF04357AE75246294638
:10C840000AA809F025F9B4E7626CCAF100010AA848
:10C8500009F002FA32462946B8E74FF0000BD5E757
:10C86000FB689B0504D5D4E907120BA809F0BAF9B7
:10C870000AF1010ABAF1040FCBD1B9F1010F06D9BF
:10C88000039909F1FF3204310BA809F0ABF90B9BB6
:10C8900053F80C1C8E424AD9049B202BA6EB0101B5
:10C8A0003ED142460BA809F0D7F90CACDDE90612DF
:10C8B0000B9B00962046FFF7D9FD94E803000690F5
:10C8C0000BA88DF81C1009F007F80AA809F004F865
:10C8D000DDE906010023BB60059B83E803001846E1
:10C8E0000FB0BDE8F08FB9F1000FC1D0039B1968FC
:10C8F0000BA809F000FABBE70AA90BA809F06DF92B
:10C90000B6E7BBF1000F05D0424629460BA809F057
:10C91000A3F9ADE74146EBE7BBF1000FA8D0F3E781
:10C920000A46434600210BA809F08EF8BDE70E46E3
:10C93000BBE700BFFC4A00202DE9F04F2DED028B34
:10C94000B0EE408AF0EE608A8DB004AF07F10804C3
:10C9500084E80C007B6D97F850B00546884607F1D7
:10C96000180003F16C0104F085FE07F11800FFF7D1
:10C9700017F990B0814604F093FE04AE4FF0000A20
:10C98000F86131468DED028B2C4BCDF800A0402292
:10C9900007F11C00F8F73EFD3F28014616DD08317F
:10C9A00021F00701ADEB010D421C7A6004F078FE26
:10C9B00004AEF86131468DED028B204B7A68CDF8DC
:10C9C00000A007F11C00F8F725FD014607F114034C
:10C9D000002207F11C00796008F064FF796807F114
:10C9E0001C0072187A6008F0E5FFFB697A6831462E
:10C9F0004846FFF712FB07F11C030293BB6D01933E
:10CA00007B6D0093414694E80C002846BBF1000F73
:10CA100010D0FFF745FD07F11C0008F05DFF07F19E
:10CA2000180004F093FE28462437BD46BDEC028B67
:10CA3000BDE8F08FFFF75AFEEDE700BF8A0804005B
:10CA4000F0B587B004AC84E80C00DDE90D320F9E30
:10CA50009DF830700093CDE90126054694E80C005E
:10CA600027B1FFF71DFD284607B0F0BDFFF73EFEDA
:10CA7000F9E700002DE9F0410D46104804F08CFE66
:10CA80002B68DF6857F820800446B8F1000F10D1FA
:10CA90004FF49470F7F752F841460646FEF7E4FE6D
:10CAA00029463046FFF708FC28682246314604F044
:10CAB0002DFF57F82400BDE8F08100BF00360020AC
:10CAC00003681B6B184703689B6A18472DE9F843F6
:10CAD0001D46C368DDE9087803F0B003202B8946C2
:10CAE0001446A7EB08070CD1424629462046FEF71C
:10CAF0008EFD4A46394604EB8800FEF78CFDBDE802
:10CB0000F883102B0ED000264A4639462046FEF701
:10CB100082FDA8EB060205EB860104EB8700FEF719
:10CB200076FDECE76C30FFF73BF82D210646FFF76A
:10CB3000CAFF2B68984204D12B6844F8043B0126B5
:10CB4000E2E72B213046FFF7BEFF2B689842F3D077
:10CB500030213046FFF7B7FF2B689842D3D1B8F1A8
:10CB6000010FD0DD78213046FFF7ADFF6B689842AA
:10CB700006D12B6823606B68636002260834C3E724
:10CB800058213046FFF79FFF6B689842BBD1F0E712
:10CB900037B5089D18462B681446CDE90023DDE91A
:10CBA0000623FFF793FF2C6003B030BD2DE9F04F53
:10CBB0002DED028B8BB004AF8A46BE6C07F10801E5
:10CBC00081E80C0008EE100A06F16C0107F1100074
:10CBD000FFF750FFF568396D05F04A0394B0402B1C
:10CBE000044600F12C090DF1100B7B6001D0082BDD
:10CBF00074D14FF000082B464A46CDF800800BF167
:10CC00005000FFF77EF9227C7861C0F114030BEB32
:10CC1000830392B1C0000830ADEB000D0DF1180B8D
:10CC200007F11402CDE90232CDE9006B5046A36A48
:10CC3000D4E90212FFF750F95B467A69B8F1000FA8
:10CC400034D0396D00292FDB280505D5216B43F839
:10CC5000041C01327A61043BB2687969914211DAAD
:10CC60009100073121F00701ADEB010D04AC07F194
:10CC70001401CDE9013100943346F96C5046FFF7B9
:10CC800087FF23460022B2607A69009218EE100AEC
:10CC9000D7E90212FFF7EAFB18EE100A1C37BD466F
:10CCA000BDEC028BBDE8F08FE16AD0E7A905D3D5D2
:10CCB000396D0029D0D07968402901D1E16BC6E7F0
:10CCC000C5F380350235023259F8251043F8041CAB
:10CCD000E16B43F8081C7A61083BBDE73B6D002B14
:10CCE00001DC3B6D59424FF0010884E730B587B055
:10CCF00004AC84E80C000C9B02930B9B01930A9BF1
:10CD0000009394E80C000546FFF750FF284607B053
:10CD100030BD2DE9F04F8DB004AF07F1080484E871
:10CD20000C00D7E912320646D86897F85080786030
:10CD300010F0010F07F1180514D1CDE90128009377
:10CD4000284694E80C00FFF731FF95E80300B8602F
:10CD5000397394E80300243786E803003046BD4663
:10CD6000BDE8F08F03F16C0107F11400FA64BB64B5
:10CD7000FFF780FED7E91232B8F1000F31D0D0E9C9
:10CD800005A9996889453FDAA1EB09084FEA8801AE
:10CD9000073121F00701ADEB010D0DF1100B4146FC
:10CDA0005846BB64FEF737FCBB6C00229A607B6878
:10CDB00003F0B003202B17D194E806005346284611
:10CDC000CDF80090FFF752FB95E803005B46B86092
:10CDD0003973CDF8008094E806002846FFF746FB3B
:10CDE000B3E7D0E907A9CCE794E806002846CDF8D8
:10CDF00000805B46FFF73AFB95E80300B8603973A3
:10CE0000CDF800905346E6E700229A60F8E72DE956
:10CE1000F04F8BB004AF89463E6C07F1080181E802
:10CE20000C00804606F16C0107F11000FFF722FEAE
:10CE3000F56805F04A0394B0402B044600F12C0A33
:10CE40000DF1100B3B605AD0083B18BF01237B60EB
:10CE50007B68009352462B46B96C0BF15000FFF7EC
:10CE600050F8227C7861C0F114030BEB830392B17C
:10CE7000C0000830ADEB000D0DF1180B07F11402E6
:10CE8000CDE90232CDE9006B4846A36AD4E902122B
:10CE9000FFF722F85B467A686AB9AA050BD5BA6C27
:10CEA0004AB139687A6940292BD1E16B43F8041CF7
:10CEB00001327A61043BB2687969914211DA9100DA
:10CEC000073121F00701ADEB010D04AC07F11401AE
:10CED000CDE9013100943346796C4846FFF758FE9E
:10CEE00023460022B2607A6900924046D7E90212D6
:10CEF000FFF7BCFA40461C37BD46BDE8F08F002363
:10CF0000A5E7C5F38035023502325AF8251043F8FB
:10CF1000041CE16B43F8081C7A61083BCBE730B591
:10CF200087B004AC84E80C000C9B02930B9B01932C
:10CF30000A9B009394E80C000546FFF768FF28461B
:10CF400007B030BD2DE9F04188B004AC0E9ED6F894
:10CF50000C8084E80C0028F4804323F04A0343F457
:10CF60000273F360109B02930F9BCDE9006306AF41
:10CF7000054694E80C003846FFF749FF97E80300A0
:10CF800004908DF8141094E8030085E80300284607
:10CF9000C6F80C8008B0BDE8F0812DE9F04F8BB0E9
:10CFA00004AF8A463E6C07F1080181E80C00814617
:10CFB00006F16C0107F11000FFF75CFDF56800F168
:10CFC0002C033B6005F04A037B607968A8B04029D8
:10CFD000D7E9122304460DF1100B01D0082975D1B1
:10CFE0004FF0000839680091CDE901580BF1A0001D
:10CFF000FEF7BCFF227C7861C0F128030BEB8303B2
:10D0000092B1C0000830ADEB000D0DF1180B07F127
:10D010001402CDE90232CDE9006B5046A36AD4E98F
:10D020000212FEF759FF5B467A69B8F1000F33D060
:10D03000D7E91201002871F100012BDB280505D585
:10D04000216B43F8041C01327A61043BB2687969B0
:10D05000914211DA9100073121F00701ADEB010D8A
:10D0600004AC07F11401CDE9013100943346796C29
:10D070005046FFF78DFD23460022B2607A69009288
:10D080004846D7E90212FFF7F1F948461C37BD467A
:10D09000BDE8F08FE16AD4E7A905D7D5D7E9120139
:10D0A0000143D3D07968402901D1E16BC9E7C5F3C9
:10D0B000803539680235023251F8251043F8041CD6
:10D0C000E16B43F8081C7A61083BBFE7D7E912011E
:10D0D000012871F1000104DAD7E91223524263EB0F
:10D0E00043034FF001087DE730B587B004AC84E816
:10D0F0000C00DDE90C23CDE902230B9B01930A9B75
:10D10000009394E80C000546FFF747FF284607B058
:10D1100030BD2DE9F04F8BB004AF89463E6C07F16E
:10D12000080181E80C00804606F16C0107F110004F
:10D13000FFF7A0FCF56805F04A0A00F12C03A8B03F
:10D14000BAF1400F04463B600DF1100B5FD0BAF10D
:10D15000080318BF01237B607B68CDE901533B685E
:10D1600000930BF1A000D7E91223FEF7FFFE227C0B
:10D170007861C0F128030BEB830392B1C000083043
:10D18000ADEB000D0DF1180B07F11402CDE90232E1
:10D19000CDE9006B4846A36AD4E90212FEF79CFE73
:10D1A0005B467A687AB9AA050DD5D7E912120A4307
:10D1B00009D0BAF1400F7A692BD1E16B43F8041C16
:10D1C00001327A61043BB2687969914211DA9100C7
:10D1D000073121F00701ADEB010D04AC07F114019B
:10D1E000CDE9013100943346796C4846FFF7D0FC15
:10D1F00023460022B2607A6900924046D7E90212C3
:10D20000FFF734F940461C37BD46BDE8F08F0023D8
:10D21000A1E7C5F3803539680235023251F825108F
:10D2200043F8041CE16B43F8081C7A61083BCAE729
:10D2300030B587B004AC84E80C00DDE90C23CDE9FF
:10D2400002230B9B01930A9B009394E80C00054674
:10D25000FFF75FFF284607B030BD2DE9F04F2DEDF9
:10D26000028BB0EE408AF0EE608A91B004AF8A463D
:10D270003D6E07F1080105F16C0B81E80C00814659
:10D28000594607F11400FFF7F5FBD5F8048097F82D
:10D290006820B8F1000F064607F120012846B8BF04
:10D2A0004FF0060804F07CFBEB6803F482738CB04B
:10D2B000B3F5827F7B6004AC00F0AD8004F0F0F940
:10D2C00007F12003F8612D228DED028BCDF800804F
:10D2D000214607F11C00F8F79DF8B861BB692C2BBB
:10D2E0001CDD5A1C083323F00703ADEB030D7B68EC
:10D2F0007A60B3F5827F04AC00F09B8004F0D0F933
:10D30000F8618DED028BCDF800807A6807F120037B
:10D31000214607F11C00F8F77DF8B8615846FEF782
:10D320003FFCBA699300073323F00703ADEB030D0D
:10D330000DF1100B22445B462146FEF76EFEBA69E2
:10D34000002A00F084802E2120467A6013F098F99C
:10D350007A6828B1011B736A4BF821300BEB81000E
:10D36000337C83B348B9022A07DD6378303B092B4D
:10D3700029D8A378303B092B25D86B46A3EBC203F1
:10D380009D4623782D2B0DF1100801D02B2B60D159
:10D39000DBF80030C8F80030013ABA61012407F127
:10D3A000180303930BEB8403029308EB8403CDE98A
:10D3B00000035046B36AD6E90212FEF76AFDBB6964
:10D3C0001C44BC61C346AA68BB69934211DA93004E
:10D3D000073323F00703ADEB030D07F11803CDE985
:10D3E00001B304AC0094796E2B465046FFF7D0FB96
:10D3F000A3460023AB60BB69009307F108024846CF
:10D4000006CA5B46FFF732F848463437BD46BDECE6
:10D41000028BBDE8F08F04F043F907F12003F861B7
:10D420002D228DED008B214607F11C00F7F7F2FF4E
:10D4300053E704F035F9F8618DED008B7A6807F158
:10D440002003214607F11C00F7F7E4FF65E71046CB
:10D4500086E70024A3E730B587B004AC84E80C006D
:10D46000002302930B9B01930A9B009394E80C000A
:10D470000546FFF7F2FE284607B030BD2DE9F04F14
:10D480002DED028BB0EE408AF0EE608A91B004AFD1
:10D490008A463D6E07F1080105F16C0B81E80C002E
:10D4A0008146594607F11400FFF7E4FAD5F80480E5
:10D4B00097F86820B8F1000F064607F120012846CA
:10D4C000B8BF4FF0060804F06BFAEB6803F4827300
:10D4D0008CB0B3F5827F7B6004AC00F0AD8004F0CB
:10D4E000DFF807F12003F8612D228DED028BCDF8D6
:10D4F0000080214607F11C00F7F78CFFB861BB697B
:10D500002C2B1CDD5A1C083323F00703ADEB030D55
:10D510007B687A60B3F5827F04AC00F09B8004F0F6
:10D52000BFF8F8618DED028BCDF800807A6807F1C5
:10D530002003214607F11C00F7F76CFFB86158463D
:10D54000FEF72EFBBA699300073323F00703ADEB18
:10D55000030D0DF1100B22445B462146FEF75DFDE5
:10D56000BA69002A00F084802E2120467A6013F0E8
:10D5700087F87A6828B1011B736A4BF821300BEBEE
:10D580008100337C83B348B9022A07DD6378303BDE
:10D59000092B29D8A378303B092B25D86B46A3EB60
:10D5A000C2039D4623782D2B0DF1100801D02B2BA3
:10D5B00060D1DBF80030C8F80030013ABA610124CC
:10D5C00007F1180303930BEB8403029308EB840326
:10D5D000CDE900035046B36AD6E90212FEF759FCC2
:10D5E000BB691C44BC61C346AA68BB69934211DA9B
:10D5F0009300073323F00703ADEB030D07F1180386
:10D60000CDE901B304AC0094796E2B465046FFF788
:10D61000BFFAA3460023AB60BB69009307F1080281
:10D62000484606CA5B46FEF721FF48463437BD46EA
:10D63000BDEC028BBDE8F08F04F032F807F1200357
:10D64000F8612D228DED008B214607F11C00F7F7C4
:10D65000E1FE53E704F024F8F8618DED008B7A6861
:10D6600007F12003214607F11C00F7F7D3FE65E719
:10D67000104686E70024A3E730B587B004AC84E801
:10D680000C004C2302930B9B01930A9B009394E89C
:10D690000C000546FFF7F2FE284607B030BD2DE925
:10D6A000F043ADF5097D0446909E9DF84C929DF89F
:10D6B00050726C36304602AD85E80C00FEF770FA09
:10D6C00080463046FEF720FB252106464046FFF700
:10D6D000FAF90490C7B9CDE90597929B009308A980
:10D6E00004AB8022304605F001F908A817F074F960
:10D6F000009095E80600204608ABFEF7B7FE2046EE
:10D700000DF5097DBDE8F0830023CDE90579079388
:10D71000E3E703689B69184710B50446D0E9003079
:10D7200043B1421C06D11846FDF75BFC431C04BF05
:10D730000023236010BD38B50D46FFF7EDFF04460A
:10D740002846FFF7E9FF431C584204F10102584103
:10D7500054425441011B4842484138BD08B5FFF7C7
:10D76000EAFF80F00100C0B208BD2DE9F74F054681
:10D77000DDE9120602A96C30DDF8449001E90C00E5
:10D78000FEF70EFAB9F1020F82462FD0B9F1040F5D
:10D790000CBF4FF47A7701270024A0464FF00A0B04
:10D7A0000CA96846FFF7DAFF10B3C84522D06846D7
:10D7B000FFF7B2FF2A2201465046FFF781F93038C1
:10D7C000C2B2092A21D8109B0BFB040404FB07F208
:10D7D0009A421ADC0F9B3A449A4216DDB7FBFBF7DC
:10D7E0006846FEF715FE08F10108D9E70A27D3E7D6
:10D7F000C8450AD10E9B1C6002AB13E9030085E803
:10D800000300284603B0BDE8F08FB9F1040F04D13E
:10D81000B8F1020F01D1643CECE7336843F0040334
:10D820003360E9E72DE9F04F87B000AF07F110044E
:10D83000F860786DD7F84C906C3084E80C00FEF7F7
:10D84000AFF93B6D9B00073323F007038246ADEB36
:10D85000030D07F1400120466E46FFF77FFF0028C9
:10D860007ED02046FFF758FF4FF00008834645461C
:10D870003B6D984510D059F828100968594505D1D5
:10D8800046F82580013508F10108F1E75046FFF719
:10D8900040FF5845F7D1F3E74FF0000A012D41D979
:10D8A000B04658F8043B59F8230017F095F806EBFA
:10D8B0008501834658F8040BB96059F8200017F029
:10D8C0008BF8B968834528BF83464145F2D120468D
:10D8D0000AF1010AFEF79CFDDA4541D207F1400149
:10D8E0002046FFF73BFF00283AD04FEA8A024FF06C
:10D8F000000B56F82B1059F8211089582046C7E91B
:10D900000121FFF709FFB9687A68814217BF05F165
:10D91000FF350BF1010B56F8251046F82B105D452D
:10D92000E7D8BBE71CD12046FEF772FD366859F8F0
:10D930002690484617F050F80AF1010A0546AA4514
:10D940001ED207F140012046FFF708FF40B159F809
:10D950002A30BB602046FFF7DFFEBB68834213D04E
:10D96000BB6DBA6D1B6843F00403136094E80300B9
:10D97000FB681C3783E803001846BD46BDE8F08FFE
:10D98000EED1BB6C1E60F1E72046FEF741FD0AF1C7
:10D99000010AD4E72DE9F04F85B000AF8046F86C5E
:10D9A000D7F844A007F108096C3089E80C00FEF7AD
:10D9B000F7F8BB6C6A46A2EBC30383469D4607F1AA
:10D9C000380148466D46FFF7C9FEB0B34846FFF739
:10D9D000A3FEBA6C0026034652003446B24213D06E
:10D9E0005AF826100968994204D145F82460013498
:10D9F0000136F3E75846C7E90032FFF78AFE3B6875
:10DA00007A689842F4D1F0E7BCB14846FEF700FDD1
:10DA1000A300073323F00703ADEB030DE94600260F
:10DA200055F826305AF8230016F0D6FF49F826009C
:10DA30000136B442F4D1012602E00026B146344654
:10DA400007F1380107F10800FFF788FE70B307F10E
:10DA50000800FFF761FE002383464FEA860E194651
:10DA60009C421BD959F82320B2424FEA830C09EBA0
:10DA7000830002D801310133F2E755F823205AF828
:10DA8000222052F80E205A45F5D0013C55F82420AA
:10DA900045F80C2059F824200260E1E78C4205D0BB
:10DAA00007F10800FEF7B4FC0136C9E7012C15D1D7
:10DAB000D9F80030B3421AD1BA6C2B68934228BF10
:10DAC0009B1A3A6C136007F1100313E90300143733
:10DAD00088E803004046BD46BDE8F08F022C06D121
:10DAE000D9F80030B342E7D0D9F80430E2E73B6D13
:10DAF0003A6D1B6843F00403E4E700002DE9F04FA2
:10DB00009FB00C46DDF8A8A00B900AF16C050EA999
:10DB1000284681E80C00DDF8B080FEF7F5F8834672
:10DB20002846FEF73DF805462D9816F055FF0026CD
:10DB30000A90109628A90EA8FFF710FEDDF8409075
:10DB4000002865D00A9B9E4262D2B9F1000F63D1D2
:10DB50002D9B4A4653F82610284603EB8607FEF70E
:10DB6000AFFF252840F0A582731C796809934A46C7
:10DB70002846FEF7A5FF4528CDF8449001D04F2850
:10DB800006D1B31CB968099300222846FEF798FF16
:10DB900041380EAE382800F28782DFE810F06A00C4
:10DBA0009500D801F000850285028502F6001A0171
:10DBB000850285028502490185028502850285026A
:10DBC0007D019C01CA01850285028502D301D8012D
:10DBD00002028502850285028502850285024400D3
:10DBE00070009B00A300C6008502850270008502BC
:10DBF00085028502850225016E0185028502850266
:10DC000085028502C001850285028502CE01D80108
:10DC1000B9F1000F00F05E822B9B2B9A1B6843F03A
:10DC2000040313605AE212AE31465846FDF794FEE3
:10DC300010ABCDE905A30723CDE9036311AB029334
:10DC400028AB93E803008DE803000CAF0EAE96E816
:10DC50000C0021463846FFF7E5FD97E80300109BCE
:10DC600086E8030013B9119BC8F81830099E0136E5
:10DC700060E712AE31465846FDF75EFED8E712AEB9
:10DC800031465846FDF797FE10ABCDE905A30C23AE
:10DC9000CDE9036311AB029328AB93E803008DE851
:10DCA00003000CAF0EAE96E80C0021463846FFF795
:10DCB000B9FD97E80300109B86E80300002BD5D13F
:10DCC000119BC8F81030D1E712AE31465846FDF727
:10DCD00053FED9E712A95846FDF728FE129B05937B
:10DCE0000CAFE2E010ABCDE906A302201F23CDE983
:10DCF00004300123039311AB029328AB93E8030094
:10DD00008DE803000CAF0EAE96E80C0021463846B5
:10DD1000FFF72BFD97E80300109B86E80300002B1C
:10DD2000A4D1119BC8F80C30A0E73046FFF7F4FCF3
:10DD3000082102462846F7F789F8B0B10E98FDF79A
:10DD400044F94FF0FF330F9310ABCDE906A309223E
:10DD50000123CDE904230CAF039311AB029328AB4D
:10DD600093E803008DE80300CEE710ABCDE906A3EE
:10DD700002211F23CDE904310CAF0A23ECE712AED8
:10DD8000C54A3346A2F109018AE010ABCDE906A3EA
:10DD900002221723CDE904320CAF0023039311AB09
:10DDA000029328AB93E803008DE803000EAE96E8DB
:10DDB0000C0021463846FFF7D8FC97E80300109B7B
:10DDC00086E80300002B7FF451AF119BC8F80830A0
:10DDD0004CE710ABCDE906A34FF002090C23CDE9C7
:10DDE00004390CAF0123D9E710ABCDE906A34FF0FE
:10DDF000020E0C23CDE9043E0123039311AB0293E1
:10DE000028AB93E803008DE803000CAF0EAE96E854
:10DE10000C0021463846FFF7A8FC97E80300109B4A
:10DE200086E80300002B7FF421AF119B013B48E7FC
:10DE300010ABCDE906A34FF0020C3B23CDE9043C27
:10DE40000023039311AB029328AB93E803008DE802
:10DE500003000CAF0EAE96E80C0021463846FFF7E3
:10DE600084FC97E80300109B86E80300002B7FF4F6
:10DE7000FDAE119BC8F80430F8E63046FFF74CFCC5
:10DE8000002201462846FEF71BFE0A2840F00C81BE
:10DE90003046FEF7BDFAE9E6804A12AE3346911FDE
:10DEA0002846FEF7BAF80CAF059610ABCDE902A3F1
:10DEB000CDF8108028AB93E803008DE803000EAE88
:10DEC0002146384696E80C00FFF718FE97E8030055
:10DED00086E80300CAE610ABCDE906A302263D237F
:10DEE000CDE904360023039311AB029328AB93E8EA
:10DEF00003008DE803000CAF0EAE96E80C0021463F
:10DF00003846FFF732FC97E80300109B86E80300D1
:10DF1000002B7FF4ABAE119BC8F80030A6E630466C
:10DF2000FFF7FAFB002201462846FEF7C9FD092843
:10DF3000ACE712AE5A4A334624E712A95846FDF719
:10DF4000E9FCCBE612A95846FDF7EAFCC6E610ABA1
:10DF5000CDE906A3042042F20F73CDE9043000237B
:10DF6000039311AB029328AB93E803008DE8030001
:10DF70000CAF0EAE96E80C0021463846FFF7F5FBD5
:10DF800097E80300109B86E80300002B7FF46EAE39
:10DF9000119B002BB4BF6433A3F26C73C8F8143028
:10DFA00064E63046FFF7B8FB012102462846F6F743
:10DFB0004DFF002878D010ABCDE905A30E230493C4
:10DFC000384B039312AB029328AB93E803008DE820
:10DFD00003000CAF2146384696E80C00FFF722FC00
:10DFE00097E8030086E8030028A93046FFF7B6FB50
:10DFF00000283FF43BAE109A129B13437FF436AED9
:10E000003046FFF789FB2D2107462846FEF75BFDCA
:10E01000B84234D110AF17230222CDE90432CDE942
:10E0200006A70023039312AB029328AB93E80300E7
:10E030008DE803000DF130090EAE96E80C00214684
:10E040004846FFF792FB99E803003B2386E803006C
:10E050000221CDE90431CDE906A70023039312ABD9
:10E06000029328AB93E803008DE80300214648465D
:10E0700096E80C00FFF779FB99E8030028E73046A3
:10E08000FFF74AFB2B2106462846FEF71CFDB0424F
:10E090007FF4ECADBEE700BF990804009F080400C0
:10E0A000A8080400780F0020109B43F0040310938D
:10E0B000DCE52D9B0EA853F82670FFF72DFB874259
:10E0C00003D10EA8FEF7A4F9D1E5109B43F0040399
:10E0D0001093CCE50A9B9E427FF49EAD0EAB93E875
:10E0E00003000B9B83E8030018461FB0BDE8F08FC8
:10E0F0002DE9F04F8BB004AE169902906C3107A851
:10E1000086E80C00DDF86090FEF7B4FC00230446BE
:10E1100014A930460893FFF70EFB8246002851D120
:10E120003046FFF7F9FAD4F8C0100890814203D0C6
:10E13000D4F8BC3083421DD1237C13B1A36A83423F
:10E1400018D0636A834215D081420CBF2B212D2148
:10E15000484607F03AFA0498FCF737FF4FF0FF33D0
:10E1600014A930460593FFF7F9FA58B33046FFF784
:10E17000D3FA08900027B8464FF0FF35227C089B61
:10E1800012B1A26A9A4222D0626A9A421FD0D4F88F
:10E19000CC209A421BD11FB93021484607F015FA0E
:10E1A0000498FCF712FF14A930460595FFF7D6FA3C
:10E1B00008F101080746002850D03046FFF7ACFAB6
:10E1C0000890DBE74FF0000847464FF0010AAC4BE0
:10E1D0000993237C1BB1202109A807F024F994F8A6
:10E1E00024B1BBF1000F63D004F1CC0300250193EF
:10E1F0000095BAF1000F40F0AB80227C089B002A0A
:10E2000000F0C780A26A9A4240F0C380009B002BB6
:10E2100040F09E80002D40F09B80B8F1000F00F090
:10E2200092805FFA88F109A807F0CFF9009BBA46FF
:10E23000984604980393FCF7C8FE4FF0FF3314A9E7
:10E2400030460593FFF78AFA039B002879D03046C1
:10E25000FFF762FA0025039B08906CE04FF0010A7B
:10E260005746B4E7AA465D465F46BAF1000F6FD144
:10E2700008990A20FDF7A4F9431C1DD03030C1B223
:10E28000484607F0A2F94FF0010B0498FCF79DFEF9
:10E290004FF0FF3314A930460593FFF75FFA20B122
:10E2A0003046FFF739FA0890DEE74FF0010ADBE766
:10E2B0005D46CDF800B0D8E7636A99420AD1009B69
:10E2C00043B93DB92E21484607F07FF90123BB46EB
:10E2D0000093DAE7D4F80431994203D0D4F81C3122
:10E2E000994235D1A5BB9FB36521484607F06DF92A
:10E2F0000498FCF76AFE4FF0FF3314A930460593EB
:10E30000FFF72CFA8346002800F0B8803046FFF76C
:10E3100003FAD4F8C0300890834209D0D4F8BC3056
:10E3200083429FD12D21484607F04FF95D46ACE767
:10E330002B21F8E79A465746AA461D4659E7534609
:10E34000F9E75D46F7E7484606F012FFCDF8008092
:10E35000099B53F80C3C83B1009B2BB925B95FFA9C
:10E3600088F109A807F031F9D4E9020109AA03F0FC
:10E3700088FB10B9179B04221A6096E80300029BE1
:10E3800083E8030009A806F0E9FE02980BB0BDE897
:10E39000F08F626A9A4216D1099B009A53F80C3C9E
:10E3A000002AD5D1002DD3D123B15FFA88F109A875
:10E3B00007F00BF92E21484607F007F9BA4600236B
:10E3C000CDF800B035E7019808AA0A21FDF717F942
:10E3D00060B1019BC11A89103031C9B2484607F0BB
:10E3E000F4F808F101082B46DA4622E7089BD4F836
:10E3F00004219A4203D0D4F81C219342A8D1099B4E
:10E4000053F80C3C002DA3D1002FA1D033B1009BB9
:10E4100023B95FFA88F109A807F0D7F865214846C3
:10E4200007F0D3F80498FCF7D0FD4FF0FF3314A9A0
:10E4300030460593FFF792F98246F8B13046FFF770
:10E440006BF9D4F8C0100890814204D0D4F8BC30E5
:10E4500083427FF474AF237C1BB1A26A82423FF4F3
:10E4600069AF636A83423FF46AAF81420CBF2B21DC
:10E470002D21484607F0A9F85346DAE63D4667E7FE
:10E48000EC4A00202DE9F0438DB008AC179E0AAF8E
:10E4900084E80C0089461D4B0A9320210546384626
:10E4A00006F0C1FFCDE90367169B029314AB93E816
:10E4B00003008DE803000DF1180894E80C004046B5
:10E4C0004946FFF715FE98E80300DDF8288084E848
:10E4D000030003F0E5F818990B900BAB4046324669
:10E4E00002F040FE14A92046FFF725F918B1336861
:10E4F00043F00203336094E8030085E803003846E4
:10E5000006F02CFE28460DB0BDE8F083EC4A002052
:10E510002DE9F0438DB008AC179E0AAF84E80C00DB
:10E5200089461D4B0A9320210546384606F07BFF9D
:10E53000CDE90367169B029314AB93E803008DE8C3
:10E5400003000DF1180894E80C0040464946FFF717
:10E55000CFFD98E80300DDF8288084E8030003F08D
:10E560009FF818990B900BAB4046324602F048FEDC
:10E5700014A92046FFF7DFF818B1336843F002030F
:10E58000336094E8030085E80300384606F0E6FDB2
:10E5900028460DB0BDE8F083EC4A00202DE9F04399
:10E5A0008DB008AC179E0AAF84E80C0089461D4B5D
:10E5B0000A9320210546384606F035FFCDE903676A
:10E5C000169B029314AB93E803008DE803000DF152
:10E5D000180894E80C0040464946FFF789FD98E882
:10E5E0000300DDF8288084E8030003F059F8189947
:10E5F0000B900BAB4046324602F05CFE14A920465D
:10E60000FFF799F818B1336843F00203336094E8D8
:10E61000030085E80300384606F0A0FD28460DB04B
:10E62000BDE8F083EC4A00202DE9F04F2DED028B80
:10E630008DB00DF1180A1A9D059005F16C0109A81D
:10E640008AE80C00FEF716FAEF6807F04A07002385
:10E65000402F04460A934DD0082F0CBF4FF01008EE
:10E660004FF00A0818A95046FFF765F881460028C0
:10E6700079D15046FFF750F8D4F8BC300A90834265
:10E680000CBF4FF0010B4FF0000B03D0D4F8C0309B
:10E69000834219D1237C13B1A36A834214D0636AE5
:10E6A000834211D00698FCF790FC4FF0FF3318A975
:10E6B00050460793FFF752F80546002800F09D806A
:10E6C0005046FFF729F80A9000252E46227C0A9B27
:10E6D00012B1A26A9A424AD0626A9A4247D0D4F8EA
:10E6E000CC209A4210D145B1B8F10A0F0DD147B9EB
:10E6F0003E462EE04FF00808B4E747B3B8F1080FE4
:10E700002AD0013601250EE0FDB1D4F8C4209A428A
:10E7100003D0D4F8C8209A4273D1FFB1B8F1100FDA
:10E7200074D1002635460698FCF74FFC4FF0FF33B6
:10E7300018A950460793FFF711F8002863D05046F8
:10E74000FEF7EAFF0A90002DC0D1A9460FE03E4631
:10E7500001254FF00808E6E72E46D3E73E463D4642
:10E760004FF01008DFE74FF0000B5E465D46B8F152
:10E77000100F14BF4346162308EE103A774B0B9345
:10E78000237C1BB120210BA806F04DFEBBF1000F2E
:10E7900014BF4FF000436FF000430293B3FBF8F354
:10E7A000039394F824310193002B5CD004F1CC0343
:10E7B00000270493BA46B9F1000F2DD1237C0A9AA1
:10E7C000002B00F08180A16A8A427DD12EB3F1B284
:10E7D0000BA806F0FAFE00260698FCF7F6FB4FF0B1
:10E7E000FF3318A906A80793FEF7B8FF002868D0E2
:10E7F00006A8FEF791FF0A90E0E74FF001090646F0
:10E80000B5E70125B3E74FF00109B0E708EE108A3C
:10E810000125B3E74FF0010900230B9A52F80C2CA5
:10E8200072B1F1B20BA8019306F0CFFED4E9020158
:10E830000BAA03F026F9019B10B91B9904220A6068
:10E840002EB925B90B9A52F80C2C002A60D0002B57
:10E850005ED1BAF1000F78D1BBF1000F00D07F423A
:10E860001C9B1F605AE0DDF804A05746B9F1000F69
:10E87000D2D10A9918EE100AFCF7A2FE431CCBD0A5
:10E88000039B9F421AD8029B07FB08F71B1ABB4247
:10E8900038BF4AF0010A013607440698FCF795FB99
:10E8A0004FF0FF3318A906A80793FEF757FF00287B
:10E8B000B0D006A8FEF730FF0A90DAE74FF0010A61
:10E8C000EBE7DDF8049076E7636A9A42A4D018EE8D
:10E8D000101A04980AAAFCF792FEB8B1049B039A96
:10E8E000C01A3C284FEAA003C8BF063B97420AD88B
:10E8F000029A07FB08F7D21ABA4238BF4AF0010A57
:10E9000001361F4468E7DDF804A065E7034684E7A5
:10E9100000231C9A13601B9A04231360B9F1000FA3
:10E9200005D01B9B1B9A1B6843F002031360DDE9B3
:10E930000601059B83E803000BA806F00FFC059871
:10E940000DB0BDEC028BBDE8F08FBBF1000F14BF22
:10E950004FF000436FF00043DBE700BFEC4A0020BC
:10E9600070B588B006AD85E80C00109B04930F9B32
:10E9700003930E9B02930CAB04460E4693E80300F0
:10E980008DE80300204695E80C003146FFF74CFE69
:10E99000204608B070BD2DE9F04F8FB00E46DDE97E
:10E9A0001A190AAC84E80C00CA68069012F0010F2C
:10E9B000DDF870A00DA838D1CDE90390029118AB15
:10E9C00093E803008DE803004FF0FF3208AD0D928D
:10E9D000314694E80C002846FFF726FE95E8030030
:10E9E0000D9B012B84E803000CD803F001038AF887
:10E9F000003094E80300069B83E8030018460FB03C
:10EA0000BDE8F08F01238AF800300423C9F80030F4
:10EA100018A92046FEF78FFE0028EAD0D9F800306A
:10EA200043F00203C9F80030E3E76C31FEF722F847
:10EA3000036A8269B3FA83F3B2FA82F84FF0010BEA
:10EA400007465B094FEA581800265D4613B1B8F136
:10EA5000000F43D118A920460793FEF76CFE00284B
:10EA60003DD12046FEF758FE079B2BB9F96951F8B6
:10EA70002650291A4D424D413DB9B8F1000F07D03B
:10EA800028462DE04FF00108E0E7B8F1000F07D16C
:10EA90007A6952F82620121AD2F1000B4BEB020BC6
:10EAA000BBF1000F03D1002B42D1002D38D02046FE
:10EAB0000136FDF7ADFC7DB13B6AB3428CBF00234C
:10EAC0000123BBF1000FDDD0B969B1428CBF4FF01B
:10EAD00000084FF00108B9E70123F2E700207DB9F3
:10EAE000BBF1000F1DD0BB69B3421AD1CEB10123D7
:10EAF0008AF80030002814BF0223002392E758460A
:10EB00003B6AB342ECD1002EEAD000238AF80030F1
:10EB1000BBF1000FEED0BB69B342EBD1042381E718
:10EB2000284600238AF800300028F7D0062379E72A
:10EB3000002DE4D18AF80050F0E700002DE9F04FF5
:10EB40002DED028B8DB00DF1180A1A9C049004F182
:10EB50006C0109A88AE80C00FDF78CFFE46804F05A
:10EB60004A040023402C05460A934CD0082C0CBFC5
:10EB70004FF010084FF00A0818A95046FEF7DBFDC9
:10EB80008146002878D15046FEF7C6FDD5F8BC3046
:10EB90000A9083420CBF01230023019303D0D5F8D0
:10EBA000C030834219D12B7C13B1AB6A834214D09D
:10EBB0006B6A834211D00698FCF707FA4FF0FF33D7
:10EBC00018A950460793FEF7C9FD0646002800F035
:10EBD00098805046FEF7A0FD0A90002637462A7C12
:10EBE0000A9B12B1AA6A9A424AD06A6A9A4247D0EC
:10EBF000D5F8CC209A4210D146B1B8F10A0F0DD108
:10EC000044B927462EE04FF00808B5E744B3B8F101
:10EC1000080F2AD0013701260EE0FEB1D5F8C42036
:10EC20009A4203D0D5F8C8209A426ED1FCB1B8F10F
:10EC3000100F6FD100273E460698FCF7C6F94FF03B
:10EC4000FF3318A950460793FEF788FD00285ED0D1
:10EC50005046FEF761FD0A90002EC0D1B1460FE08C
:10EC6000274601264FF00808E6E73746D3E7274650
:10EC700026464FF01008DFE7002301931F461E468B
:10EC8000B8F1100F14BF4346162308EE103A734B29
:10EC90000B932B7C1BB120210BA806F0C4FB95F82D
:10ECA00024B14FF6FF73B3FBF8F20292BBF1000FF1
:10ECB0005DD005F1CC0200240392A2460593B9F180
:10ECC000000F2DD12B7C0A9A002B00F08280A96ABC
:10ECD0008A427ED12FB3F9B20BA806F076FC00274A
:10ECE0000698FCF772F94FF0FF3318A906A80793AE
:10ECF000FEF734FD00286AD006A8FEF70DFD0A9045
:10ED0000E0E74FF001090746BAE70126B8E74FF000
:10ED10000109B5E708EE108A0126B8E74FF00109AE
:10ED200000230B9A52F80C2C72B1F9B20BA8029383
:10ED300006F04BFCD5E902010BAA02F0A2FE029BF1
:10ED400010B91B9904220A602FB926B90B9A52F800
:10ED50000C2C002A62D0002B60D1BAF1000F7AD1BE
:10ED6000019B0BB16442A4B21C9B1C805CE0DA46A0
:10ED70005C469B46B9F1000FD2D10A9918EE100AF1
:10ED8000FCF71EFC431CCBD0029B9C421CD818FBFA
:10ED900004F293B21C18ABEB00029342C8BF4AF0D6
:10EDA000010AA4B201370698FCF70FF94FF0FF33C0
:10EDB00018A906A80793FEF7D1FC0028AED006A834
:10EDC000FEF7AAFC0A90D8E74FF0010AEBE7D94614
:10EDD00075E76B6A9A42A3D018EE101A03980AAA34
:10EDE000FCF70DFCC0B1039B029AC01A3C284FEA05
:10EDF000A003C8BF063B94420CD8059A18FB04F444
:10EE0000A4B2D21A9442C8BF4AF0010A1C44A4B268
:10EE1000013765E7DA4663E7034682E700231C9A79
:10EE200013801B9A04231360B9F1000F05D01B9BBC
:10EE30001B9A1B6843F002031360DDE90601049B83
:10EE400083E803000BA806F089F904980DB0BDEC27
:10EE5000028BBDE8F08F4FF6FF73E0E7EC4A00202D
:10EE600070B588B006AD85E80C00109B04930F9B2D
:10EE700003930E9B02930CAB04460E4693E80300EB
:10EE80008DE80300204695E80C003146FFF756FE5A
:10EE9000204608B070BD00002DE9F04F2DED028B2B
:10EEA0008BB00DF1100A189D039005F16C0107A8B5
:10EEB0008AE80C00FDF7DEFDEF6807F04A07002343
:10EEC000402F044608934CD0082F0CBF4FF0100879
:10EED0004FF00A0816A95046FEF72DFC814600287F
:10EEE00078D15046FEF718FCD4F8BC300890834225
:10EEF0000CBF01230023009303D0D4F8C030834219
:10EF000019D1237C13B1A36A834214D0636A83426C
:10EF100011D00498FCF759F84FF0FF3316A950466A
:10EF20000593FEF71BFC0546002800F0968050462E
:10EF3000FEF7F2FB089000252E46227C089B12B1BA
:10EF4000A26A9A424AD0626A9A4247D0D4F8CC2048
:10EF50009A4210D145B1B8F10A0F0DD147B93E46DA
:10EF60002EE04FF00808B5E747B3B8F1080F2AD0F4
:10EF7000013601250EE0FDB1D4F8C4209A4203D039
:10EF8000D4F8C8209A426CD1FFB1B8F1100F6DD1FE
:10EF9000002635460498FCF718F84FF0FF3316A901
:10EFA00050460593FEF7DAFB00285CD05046FEF78A
:10EFB000B3FB0890002DC0D1A9460FE03E460125C5
:10EFC0004FF00808E6E72E46D3E73E463D464FF0B1
:10EFD0001008DFE7002300931E461D46B8F1100F0E
:10EFE00014BF4346162308EE103A6E4B0993237C58
:10EFF0001BB1202109A806F016FA94F824B14FF0AD
:10F00000FF33B3FBF8F20192BBF1000F5AD004F1C9
:10F01000CC0300270293BA46B9F1000F2CD1237C10
:10F02000089A002B7CD0A16A8A4279D12EB3F1B222
:10F0300009A806F0CAFA00260498FBF7C6FF4FF0AD
:10F04000FF3316A904A80593FEF788FB002865D0B6
:10F0500004A8FEF761FB0890E1E74FF001090646BE
:10F06000BCE70125BAE74FF00109B7E708EE108ABF
:10F070000125BAE74FF001090023099A52F80C2C38
:10F0800072B1F1B209A8019306F09FFAD4E9020126
:10F0900009AA02F0F6FC019B10B9199904220A6032
:10F0A0002EB925B9099A52F80C2C002A5AD0002BF7
:10F0B00058D1BAF1000F72D1009B03B17F421A9B65
:10F0C0001F6055E0DA465F469B46B9F1000FD3D189
:10F0D000089918EE100AFCF773FA431CCCD0019B78
:10F0E0009F4218D807FB08F7C343BB4238BF4AF01A
:10F0F000010A013607440498FBF767FF16A904A824
:10F10000CDF814B0FEF72AFB0028B3D004A8FEF710
:10F1100003FB0890DCE74FF0010AECE7D9467BE7F8
:10F12000636A9A42A8D018EE101A029808AAFCF74F
:10F1300066FAA8B1029B019AC01A3C284FEAA003C4
:10F14000C8BF063B974209D807FB08F7DA43BA4223
:10F1500038BF4AF0010A01361F446DE7DA466BE713
:10F1600003468AE700231A9A1360199A042313604E
:10F17000B9F1000F05D0199B199A1B6843F00203DF
:10F180001360DDE90401039B83E8030009A805F08F
:10F19000E5FF03980BB0BDEC028BBDE8F08F4FF09C
:10F1A000FF33E0E7EC4A002070B588B006AD85E893
:10F1B0000C00109B04930F9B03930E9B02930CABCC
:10F1C00004460E4693E803008DE80300204695E8C8
:10F1D0000C003146FFF760FE204608B070BD00000D
:10F1E0002DE9F04F2DED028B8BB00DF1100A189D1B
:10F1F000039005F16C0107A88AE80C00FDF73AFCC2
:10F20000EF6807F04A070023402F044608934CD0CC
:10F21000082F0CBF4FF010084FF00A0816A95046EF
:10F22000FEF789FA8146002878D15046FEF774FA35
:10F23000D4F8BC30089083420CBF01230023009314
:10F2400003D0D4F8C030834219D1237C13B1A36A10
:10F25000834214D0636A834211D00498FBF7B5FE51
:10F260004FF0FF3316A950460593FEF777FA05468F
:10F27000002800F096805046FEF74EFA08900025D0
:10F280002E46227C089B12B1A26A9A424AD0626A38
:10F290009A4247D0D4F8CC209A4210D145B1B8F167
:10F2A0000A0F0DD147B93E462EE04FF00808B5E7EA
:10F2B00047B3B8F1080F2AD0013601250EE0FDB1A1
:10F2C000D4F8C4209A4203D0D4F8C8209A426CD112
:10F2D000FFB1B8F1100F6DD1002635460498FBF749
:10F2E00074FE4FF0FF3316A950460593FEF736FA29
:10F2F00000285CD05046FEF70FFA0890002DC0D1D0
:10F30000A9460FE03E4601254FF00808E6E72E46E5
:10F31000D3E73E463D464FF01008DFE70023009359
:10F320001E461D46B8F1100F14BF4346162308EEC3
:10F33000103A6E4B0993237C1BB1202109A806F0DB
:10F3400072F894F824B14FF0FF33B3FBF8F2019256
:10F35000BBF1000F5AD004F1CC0300270293BA4648
:10F36000B9F1000F2CD1237C089A002B7CD0A16A24
:10F370008A4279D12EB3F1B209A806F026F9002607
:10F380000498FBF722FE4FF0FF3316A904A805935B
:10F39000FEF7E4F9002865D004A8FEF7BDF908904F
:10F3A000E1E74FF001090646BCE70125BAE74FF057
:10F3B0000109B7E708EE108A0125BAE74FF0010905
:10F3C0000023099A52F80C2C72B1F1B209A80193EA
:10F3D00006F0FBF8D4E9020109AA02F052FB019BF6
:10F3E00010B9199904220A602EB925B9099A52F860
:10F3F0000C2C002A5AD0002B58D1BAF1000F72D130
:10F40000009B03B17F421A9B1F6055E0DA465F46BE
:10F410009B46B9F1000FD3D1089918EE100AFCF7FA
:10F42000CFF8431CCCD0019B9F4218D807FB08F7AC
:10F43000C343BB4238BF4AF0010A0136074404986F
:10F44000FBF7C3FD16A904A8CDF814B0FEF786F9A2
:10F450000028B3D004A8FEF75FF90890DCE74FF06E
:10F46000010AECE7D9467BE7636A9A42A8D018EE16
:10F47000101A029808AAFCF7C2F8A8B1029B019AD8
:10F48000C01A3C284FEAA003C8BF063B974209D8E0
:10F4900007FB08F7DA43BA4238BF4AF0010A0136DF
:10F4A0001F446DE7DA466BE703468AE700231A9AA2
:10F4B0001360199A04231360B9F1000F05D0199B4A
:10F4C000199A1B6843F002031360DDE90401039BF2
:10F4D00083E8030009A805F041FE03980BB0BDECDA
:10F4E000028BBDE8F08F4FF0FF33E0E7EC4A0020DD
:10F4F00070B588B006AD85E80C00109B04930F9B97
:10F5000003930E9B02930CAB04460E4693E8030054
:10F510008DE80300204695E80C003146FFF760FEB9
:10F52000204608B070BD2DE9F0418CB008AC149EA7
:10F53000D6F80C8084E80C0028F04A0343F0080356
:10F54000F3600BAB0493159BCDE9026312AB054648
:10F550008C4693E803008DE8030006AF94E80C00A6
:10F5600061463846FFF73CFE97E80300169B0B9A6E
:10F57000C6F80C8084E8030085E8030028461A607A
:10F580000CB0BDE8F08100002DE9F04F2DED028BAD
:10F5900091B00DF1280B1E9D099005F16C010DA88D
:10F5A0008BE80C00FDF766FA00230E93EB6803F07E
:10F5B0004A0ABAF1400F044651D0BAF1080F0CBF05
:10F5C0004FF010084FF00A081CA95846FEF7B3F890
:10F5D0000746002840F081805846FEF79DF8D4F891
:10F5E000BC300E9083420CBF4FF001094FF0000970
:10F5F00003D0D4F8C030834219D1237C13B1A36A5D
:10F60000834214D0636A834211D00A98FBF7DDFC71
:10F610004FF0FF331CA958460B93FEF79FF80546A1
:10F62000002800F0B0805846FEF776F80E900025CE
:10F630002E46227C0E9B12B1A26A9A4251D0626A77
:10F640009A424ED0D4F8CC209A4214D155B1B8F198
:10F650000A0F11D1BAF1000F0AD1564633E04FF02C
:10F660000808B1E7BAF1000F2BD0B8F1080F2DD080
:10F670000136012511E015B3D4F8C4209A4204D014
:10F68000D4F8C8209A4240F08180BAF1000F1FD010
:10F69000B8F1100F7ED1002635460A98FBF795FC8D
:10F6A0004FF0FF331CA958460B93FEF757F800287C
:10F6B0006ED05846FEF730F80E90002DB9D12F4687
:10F6C0000FE0564601254FF00808E6E72E46D0E742
:10F6D000564655464FF01008DFE74FF000094E46FA
:10F6E0004D46B8F1100F14BF4346162308EE103AEA
:10F6F000984B0F93237C1BB120210FA805F093FE9C
:10F70000B9F1000F4AD14FF0FF326FF00043CDE95D
:10F7100004234246D317DDE90401CDE900230FF0AD
:10F7200097FF94F824310393CDE90601002B68D0AC
:10F7300004F1CC0308934FF0000A4FF0000B4FF098
:10F74000000887BB237C0E9A002B00F0A080A16AE2
:10F750008A4240F09C803EB3F1B20FA805F035FF1D
:10F7600000260A98FBF731FC4FF0FF331CA90AA8CA
:10F770000B93FDF7F3FF002800F087800AA8FDF740
:10F78000CBFF0E90DEE701270646AAE70125A8E792
:10F790000127A6E708EE108A0125A9E700224FF00D
:10F7A0000043B4E7012700230F9A52F80C2C72B1E2
:10F7B000F1B20FA8009305F008FFD4E902010FAAE7
:10F7C00002F05FF9009B10B91F9904220A6036B954
:10F7D0002DB90F9A52F80C2C002A00F09180002BC2
:10F7E00040F08E80B8F1000F40F0A780B9F1000F13
:10F7F00003D0DAF1000A6BEB4B0B209BC3E900ABA3
:10F8000086E0DDF80C804FF0000A4FF0000B002F6F
:10F81000C9D10E9918EE100AFBF7D2FE431CC2D0D4
:10F82000DDE906235B4508BF52452BD3009B03FB54
:10F830000BF1019B0AFB0311009BA3FB0A23DDE9EB
:10F8400004ABBAEB000A0B446BEBE07B9B4508BFB3
:10F85000924538BF48F0010812EB000A43EBE07B09
:10F8600001360A98FBF7B1FB4FF0FF331CA90AA839
:10F870000B93FDF773FF002894D00AA8FDF74CFF07
:10F880000E90C6E74FF00108EBE7039F59E7636A64
:10F890009A4288D018EE101A08980EAAFBF7AFFE0D
:10F8A00060B3089BC01ADDE906233C284FEAA00C90
:10F8B000C8BFACF1060C5B4508BF52451BD3009B8B
:10F8C00003FB0BF1019B0AFB0311009BA3FB0AAB9B
:10F8D0008B44DDE90401B0EB0C0061EBEC715945A0
:10F8E00008BF504538BF48F001081AEB0C0A4BEB33
:10F8F000EC7B013635E7DDF80C8032E7034653E751
:10F90000002200232099C1E900231F9A04231360D9
:10F910002FB11F9B1F9A1B6843F002031360DDE9A0
:10F920000A01099B83E803000FA805F017FC09985A
:10F9300011B0BDEC028BBDE8F08FB9F1000F04D11E
:10F940004FF0FF326FF00043DCE700224FF000433E
:10F95000D8E700BFEC4A002070B588B006AD85E856
:10F960000C00109B04930F9B03930E9B02930CAB14
:10F9700004460E4693E803008DE80300204695E810
:10F980000C003146FFF700FE204608B070BD0000B5
:10F990002DE9F04F2DED028B93B00DF1300A209D33
:10F9A000099005F16C010FA88AE80C00FDF762F8D8
:10F9B00000231093EB6803F04A09B9F1400F0446A5
:10F9C0004FD0B9F1080F0CBF4FF010084FF00A08E4
:10F9D0001EA95046FDF7AFFE074600287ED15046CF
:10F9E000FDF79AFED4F8BC30109083420CBF01237F
:10F9F0000023089303D0D4F8C030834219D1237C6C
:10FA000013B1A36A834214D0636A834211D00C9865
:10FA1000FBF7DBFA4FF0FF331EA950460D93FDF7BD
:10FA20009DFE0546002800F0A8805046FDF774FEB4
:10FA3000109000252E46227C109B12B1A26A9A4299
:10FA400050D0626A9A424DD0D4F8CC209A4214D158
:10FA500055B1B8F10A0F11D1B9F1000F0AD14E46D4
:10FA600032E04FF00808B3E7B9F1000F2AD0B8F13F
:10FA7000080F2CD00136012510E00DB3D4F8C420B6
:10FA80009A4203D0D4F8C8209A4279D1B9F1000F34
:10FA90001FD0B8F1100F77D1002635460C98FBF730
:10FAA00094FA4FF0FF331EA950460D93FDF756FE12
:10FAB000002867D05046FDF72FFE1090002DBAD1D8
:10FAC0002F460FE04E4601254FF00808E6E72E4688
:10FAD000D1E74E464D464FF01008DFE7002308936C
:10FAE0001E461D46B8F1100F14BF4346162308EEFC
:10FAF000103A974B1193237C1BB1202111A805F0DC
:10FB000092FC4246D3174FF0FF304FF0FF31CDE962
:10FB100000230FF09DFD94F82491CDE90201B9F185
:10FB2000000F63D004F1CC0306934FF0000A4FF0AE
:10FB3000000B4FF0000867BB237C109A002B00F0ED
:10FB4000A380A16A8A4240F09F801EB3F1B211A83F
:10FB500005F03BFD00260C98FBF737FA4FF0FF331A
:10FB60001EA90CA80D93FDF7F9FD002800F08A806E
:10FB70000CA8FDF7D1FD1090DEE701270646B1E79E
:10FB80000125AFE70127ADE708EE108A0125B0E7B0
:10FB900001270023119A52F80C2C72B1F1B211A86E
:10FBA000009305F012FDD4E9020111AA01F069FFEA
:10FBB000009B10B9219904220A6036B92DB9119A17
:10FBC00052F80C2C002A00F0A080002B40F09D8001
:10FBD000B8F1000F40F0B680089B1BB1DAF1000AC3
:10FBE0006BEB4B0B229BC3E900AB96E0C8464FF092
:10FBF000000A4FF0000B4FF0FF39002FC9D11099C8
:10FC000018EE100AFBF7DCFCB0F1FF3FC1D0DDE9D4
:10FC100002235B4508BF524531D3009B03FB0BF128
:10FC2000019B0AFB0311009BA3FB0A230B44C11792
:10FC3000CDE90401C14306910599C9430791DDE966
:10FC400006019942049908BF904238BF48F0010864
:10FC500011EB020A059906F1010641EB030B0C9822
:10FC6000FBF7B3F91EA90CA8CDF83490FDF776FD8B
:10FC700000288DD00CA8FDF74FFD1090BFE74FF086
:10FC80000108ECE74F4656E7636A9A4281D018EEC6
:10FC9000101A069810AAFBF7B2FCA0B3069BC01A74
:10FCA000DDE902233C284FEAA00CC8BFACF1060CEA
:10FCB0005B4508BF524524D3009B03FB0BF1019B1E
:10FCC0000AFB0311009B6046A3FB0A230B44C117E8
:10FCD000CDE904016FEA0C010A910599C9430B9122
:10FCE000DDE90A019942049908BF904238BF48F003
:10FCF000010811EB020A059906F1010641EB030B1D
:10FD000029E7C84627E7034644E700220023229953
:10FD1000C1E90023219A042313602FB1219B219A6A
:10FD20001B6843F002031360DDE90C01099B83E8C3
:10FD3000030011A805F012FA099813B0BDEC028B6C
:10FD4000BDE8F08F4FF0FF324FF0FF33DFE700BF29
:10FD5000EC4A002070B588B006AD85E80C00109B19
:10FD600004930F9B03930E9B02930CAB04460E4629
:10FD700093E803008DE80300204695E80C00314627
:10FD8000FFF706FE204608B070BDF0B58FB00AAC94
:10FD900084E80C000DAA0792169A06928C4642F24D
:10FDA0000F720421CDE90421002303930D930CABC2
:10FDB000029314AB054693E803008DE8030008AFF7
:10FDC00094E80C0061463846179EFDF7CEFC97E894
:10FDD00003000D9B84E80300BBB90C9B189A002B11
:10FDE000B4BF6433A3F26C73536114A92046FDF7CA
:10FDF000A2FC18B1336843F00203336094E80300B7
:10FE000085E8030028460FB0F0BD336843F00403D3
:10FE10003360EAE72DE9F0479CB0DDE926960AACAD
:10FE2000054609F16C0084E80C008846FBF76CFF7E
:10FE30000DF1380A07465146FBF78EFD384615A9E5
:10FE4000FBF77AFD00230D930DABCDE90593072356
:10FE5000CDE903A30CAB029324AB93E803008DE838
:10FE6000030008AF94E80C0041463846FDF792FDC8
:10FE700097E803000D9B84E803009BB9289B0C9A2C
:10FE80009A6124A92046FDF756FC18B1336843F067
:10FE90000203336094E8030085E8030028461CB0A1
:10FEA000BDE8F087336843F004033360E9E72DE9E8
:10FEB000F047A6B0DDE930960AAC054609F16C00C2
:10FEC00084E80C008846FBF71FFF0DF1380A07464F
:10FED0005146FBF770FD38461AA9FBF74DFD00238C
:10FEE0000D930DABCDE905930C23CDE903A30CAB2A
:10FEF00002932EAB93E803008DE8030008AF94E86B
:10FF00000C0041463846FDF745FD97E803000D9B80
:10FF100084E803009BB9329B0C9A1A612EA92046F3
:10FF2000FDF709FC18B1336843F00203336094E82D
:10FF3000030085E80300284626B0BDE8F087336853
:10FF400043F004033360E9E72DE9F0438DB0DDE9C8
:10FF5000169608AC054609F16C0084E80C0088464A
:10FF6000FBF7D2FE0AA9FBF7DBFC0A9B0593189B63
:10FF7000CDF80890CDE9036314AB93E803008DE856
:10FF8000030006AF4146384694E80C00FDF7B6FD85
:10FF900097E8030084E8030014A92046FDF7CBFB93
:10FFA00018B1336843F00203336094E8030085E836
:10FFB000030028460DB0BDE8F0832DE9F0438DB075
:10FFC000DDE9169608AC054609F16C0084E80C00E2
:10FFD0008846FBF799FE0AA9FBF79CFC0A9B059350
:10FFE000189BCDF80890CDE9036314AB93E80300A8
:10FFF0008DE8030006AF4146384694E80C00FDF753
:020000022000DC
:100000007DFD97E8030084E8030014A92046FDF76E
:1000100092FB18B1336843F00203336094E80300A5
:1000200085E8030028460DB0BDE8F0832DE9F04FC8
:100030002DED028B8FB006A981E80C00DDE91C389C
:1000400003F16C01049008460091FBF7A9FD0099AB
:1000500008EE100A09A8FCF7B7F900F14003059370
:10006000836A04461BB1036B003B18BF0123227C4B
:10007000A44D01930A951AB120210AA805F0D3F9DD
:1000800020210BA80B9505F0CEF904F144030025BF
:1000900008EE903AE36B0C932F462E460295A94644
:1000A00000950CAB5B5D042B40D8DFE813F06001DA
:1000B0002F012B00A000DA00BBF1000FF1D1D8F81E
:1000C000003043F00403C8F8003006AC1AA92046FB
:1000D000FDF731FB28B1D8F8003043F00203C8F82F
:1000E000003094E80300049B83E803000BA805F0AC
:1000F00035F80AA805F032F804980FB0BDEC028B71
:10010000BDE8F08F1C9BDB689A051ED4B9F1010F86
:100110001BD8D5B1012D0CD1019BB3B99DF830305E
:10012000032B12D09DF83230012B0ED04FF0010B73
:100130002BE0022DFAD19DF83330042B05D0019A23
:10014000002AF3D0032B40F01581236A03934FF06C
:10015000000A1AA906A8FDF701FB039B83460028A5
:100160003CD09A4511D006A8FDF7D6FAE36953F8BA
:100170002A30834235D0BAF1000F40F0FE801C9B3C
:10018000DB6883F40073C3F3402B0135042D93D156
:10019000B9F1010F40F24381BBF1000F8FD0009BFA
:1001A000002B00F0ED80E56A4FF0010B1AA906A8BC
:1001B000FDF7D4FA002800F0E580D94500F0E5808D
:1001C00006A8FDF7A9FA55F82B3083427FF477AFE4
:1001D00006A8FCF71DF90BF1010BE7E79A45CAD118
:1001E000A4E706A8FCF714F90AF1010AB1E7A36A2B
:1001F000B3B9236B43B31AA906A8FDF7AFFA834638
:1002000010B306A8FDF788FAE26A126882421BD191
:1002100006A8D4F83090FCF7FBF8CDF800B0B4E7AE
:100220001AA906A8FDF79AFA83460028E1D006A885
:10023000FDF772FA626A12688242DAD106A8D4F82F
:100240002890FCF7E5F8A0E7A36A1BB9019B83F0AF
:10025000010B9AE7236B002BF8D1012300939B46F7
:1002600093E71AA906A8FDF779FA8346002845D036
:1002700006A8FDF751FA0DAA0D900A2118EE900A72
:10028000FBF7BDF9A0B1059BA0EB030B1E4B4FEA9A
:10029000AB0B1B680BA813F80B1005F096F906F1D1
:1002A000010B029E06A8FCF7B3F802965E46D8E75B
:1002B0000D9962698A4206D12FB9626B002A11DD5D
:1002C0005F468346EEE7227C62B1A369994208D17A
:1002D00087B98EB1F1B20AA805F077F9BB46029E44
:1002E000E0E793460B9A52F80C2C002A08BF4FF017
:1002F000000B4AE7BB46F5E7B346F3E74FF0010BC7
:10030000F0E700BFEC4A00203C0F00201AA906A825
:10031000FDF724FAD8B94FF0000B032D3FF435AFA9
:100320001AA906A8FDF71AFA00283FF42EAF06A86E
:10033000FDF7F2F90821024618EE100AF4F786FDDF
:1003400000283FF422AF06A8FCF762F8E8E706A809
:10035000FDF7E2F90821024618EE100AF4F776FDDF
:1003600083460028D7D006A8FCF752F8D5E74FF00F
:10037000010BD2E7DDF804B007E74FF0000B04E70C
:10038000656A11E7D9457FF49AAE0B9B53F80C3C94
:10039000012B13D9002230210BA804F060FE024685
:1003A00060B1431C04BF0B9B53F80C2C4FF00001B1
:1003B00008BF02F1FF320BA804F062FF009B73B18B
:1003C0000BA804F04DFF0B9B1B78302B07D00BA81C
:1003D00004F04FFF2D2201460BA804F0A3FF0A9B57
:1003E00053F80C3C8BB1F7B19DF808100AA805F042
:1003F000ECF8D4E902010AAA01F043FB28B9D8F8C5
:10040000003043F00403C8F800301FB1636BB342FF
:100410007FF455AE1E980BA904F00CFE55E6BBF117
:10042000000FB2D14BE6F1B2E0E700BF2DE9F04F8B
:100430002DED028B8FB006A981E80C00DDE91C3898
:1004400003F16C01049008460091FBF7A9FB0099A9
:1004500008EE100A09A8FBF7E5FF00F14003059339
:10046000836A04461BB1036B003B18BF0123227C47
:10047000A44D01930A951AB120210AA804F0D3FFD4
:1004800020210BA80B9504F0CEFF04F144030025B6
:1004900008EE903AE36B0C932F462E460295A94640
:1004A00000950CAB5B5D042B40D8DFE813F06001D6
:1004B0002F012B00A000DA00BBF1000FF1D1D8F81A
:1004C000003043F00403C8F8003006AC1AA92046F7
:1004D000FDF731F928B1D8F8003043F00203C8F82D
:1004E000003094E80300049B83E803000BA804F0A9
:1004F00035FE0AA804F032FE04980FB0BDEC028B62
:10050000BDE8F08F1C9BDB689A051ED4B9F1010F82
:100510001BD8D5B1012D0CD1019BB3B99DF830305A
:10052000032B12D09DF83230012B0ED04FF0010B6F
:100530002BE0022DFAD19DF83330042B05D0019A1F
:10054000002AF3D0032B40F01581236A03934FF068
:10055000000A1AA906A8FDF701F9039B83460028A3
:100560003CD09A4511D006A8FDF7D6F8E36953F8B8
:100570002A30834235D0BAF1000F40F0FE801C9B38
:10058000DB6883F40073C3F3402B0135042D93D152
:10059000B9F1010F40F24381BBF1000F8FD0009BF6
:1005A000002B00F0ED80E56A4FF0010B1AA906A8B8
:1005B000FDF7D4F8002800F0E580D94500F0E5808B
:1005C00006A8FDF7A9F855F82B3083427FF477AFE2
:1005D00006A8FBF71DFF0BF1010BE7E79A45CAD10F
:1005E000A4E706A8FBF714FF0AF1010AB1E7A36A22
:1005F000B3B9236B43B31AA906A8FDF7AFF8834636
:1006000010B306A8FDF788F8E26A126882421BD18F
:1006100006A8D4F83090FBF7FBFECDF800B0B4E7A5
:100620001AA906A8FDF79AF883460028E1D006A883
:10063000FDF772F8626A12688242DAD106A8D4F82D
:100640002890FBF7E5FEA0E7A36A1BB9019B83F0A6
:10065000010B9AE7236B002BF8D1012300939B46F3
:1006600093E71AA906A8FDF779F88346002845D034
:1006700006A8FDF751F80DAA0D900A2118EE900A70
:10068000FAF7BDFFA0B1059BA0EB030B1E4B4FEA91
:10069000AB0B1B680BA813F80B1004F096FF06F1C8
:1006A000010B029E06A8FBF7B3FE02965E46D8E752
:1006B0000D9962698A4206D12FB9626B002A11DD59
:1006C0005F468346EEE7227C62B1A369994208D176
:1006D00087B98EB1F1B20AA804F077FFBB46029E3B
:1006E000E0E793460B9A52F80C2C002A08BF4FF013
:1006F000000B4AE7BB46F5E7B346F3E74FF0010BC3
:10070000F0E700BFEC4A00203C0F00201AA906A821
:10071000FDF724F8D8B94FF0000B032D3FF435AFA7
:100720001AA906A8FDF71AF800283FF42EAF06A86C
:10073000FCF7F2FF0821024618EE100AF4F786FBD8
:1007400000283FF422AF06A8FBF762FEE8E706A800
:10075000FCF7E2FF0821024618EE100AF4F776FBD8
:1007600083460028D7D006A8FBF752FED5E74FF006
:10077000010BD2E7DDF804B007E74FF0000B04E708
:10078000656A11E7D9457FF49AAE0B9B53F80C3C90
:10079000012B13D9002230210BA804F060FC024683
:1007A00060B1431C04BF0B9B53F80C2C4FF00001AD
:1007B00008BF02F1FF320BA804F062FD009B73B189
:1007C0000BA804F04DFD0B9B1B78302B07D00BA81A
:1007D00004F04FFD2D2201460BA804F0A3FD0A9B57
:1007E00053F80C3C8BB1F7B19DF808100AA804F03F
:1007F000ECFED4E902010AAA01F043F928B9D8F8BD
:10080000003043F00403C8F800301FB1636BB342FB
:100810007FF455AE1E980BA904F00CFC55E6BBF115
:10082000000FB2D14BE6F1B2E0E700BF2DE9F04195
:100830008CB008AC84E80C00DDE915380AAFCDE9CE
:10084000038702938C4612AB18490A91064693E837
:1008500003009DF850208DE8030006ADF2B194E846
:100860000C0061462846FFF7E1FB95E803000A9D6E
:1008700084E8030000F014FF17990B900BAB42467D
:10088000284600F017FD94E8030086E80300384688
:1008900004F064FC30460CB0BDE8F08194E80C0034
:1008A00061462846FFF7C2FDDFE700BFEC4A0020A3
:1008B0002DE9F04F8FB00AAC84E80C001B9B9DF82B
:1008C00068B0DDF87490064603F16C008A46FBF7C9
:1008D00067F91B9B1C9A1F490D91CDE902320DAFA0
:1008E000049718AB804693E803008DE8030008AD39
:1008F00094E80C0051462846BBF1000F27D0FFF7C3
:1009000095FB0D9B95E8030053F80C5C84E803000D
:1009100095B12946484605F0E9F9DDF834A0484686
:100920000AEB0502079205F045F8D9F80030079A5E
:1009300051464046FBF771FB94E8030086E803004C
:10094000384604F00BFC30460FB0BDE8F08FFFF7DF
:100950006DFDD6E7EC4A0020244B1A68D0075CBF37
:1009600001221A60224B1A68D1075CBF01221A606B
:10097000204B1A68D2075CBF01221A601E4B1A680E
:10098000D0075CBF01221A601C4B1A68D1075CBFFC
:1009900001221A601A4B1A68D2075CBF01221A6042
:1009A000184B1A68D0075CBF01221A60164B1A68F0
:1009B000D1075CBF01221A60144B1A68D2075CBFD2
:1009C00001221A60124B1A68D0075CBF01221A601C
:1009D000104B1A68D1075CBF01221A600E4B1A68CF
:1009E000D2075CBF01221A60704700BFE0350020CB
:1009F000DC350020D8350020D4350020D03500204B
:100A0000CC350020C8350020C4350020C03500207A
:100A1000BC350020B8350020B43500207FB5002457
:100A20001023CDE90234036800949E698DF80440D8
:100A300015466B461268B0479DF8043003F0060374
:100A4000062B03BF009B2B600120204604B070BD25
:100A50000098904214BF01200620704710B5034B48
:100A60000360044600F02FF9204610BD441704002F
:100A700010B50446FFF7F2FF2046082100F042F8C7
:100A8000204610BD2DE9F0411F46DDE90834DDF8B0
:100A9000188098450646154607D1079900F016F9C3
:100AA00018B165710020BDE8F0813946304600F08C
:100AB0000DF90028F6D00123C4F800802571A37138
:100AC000F0E738B515461C4600F000F920B10823C0
:100AD000E36006232560237138BD73B505460C46D7
:100AE00001921E4600F0F2F850B9032E08D8236890
:100AF000019A5B692946204602B0BDE8704018475C
:100B000002B070BDF3F71EB82DE9F0411D46036831
:100B100088B053F804CC164653F8082C00230593EC
:100B2000ADF818308DF81A30102307938358044617
:100B30000F46811853F8040C604503D0002008B01C
:100B4000BDE8F08105AA0368CDE90242CDE90017AE
:100B50000622D3F81C8029463346C0470598002852
:100B6000ECD09DF81A1001F00603062BE7D09DF893
:100B700019209DF81830134003F00603062BDED031
:100B800002F00502042AD9D00029D7D1002D0ADBB2
:100B90002844844214BF0120062000F006000628E5
:100BA000CCD10598CBE7AB1C08D0336800941C6A05
:100BB00002463B4629463046A047EEE70120ECE7D7
:100BC00008B50EF0C1FE000010B5034B03600446EB
:100BD000FFF744FF204610BDA417040010B50446DB
:100BE000FFF7F2FF20460C21FFF78CFF204610BDD7
:100BF000F7B5089F974205460E4614460AD0A868E6
:100C000002680897156A31462246AC4603B0BDE833
:100C1000F04060471946019300F058F8019B002806
:100C2000EDD0062003B0F0BD2DE9F14F0D46194679
:100C3000DDE90A4BDDE90CA681461746984600F02F
:100C400045F890B1002D3460377109DB61198A4590
:100C50000CBF06210121B171002001B0BDE8F08F69
:100C60000235F9D10123B371F6E7544506D159464F
:100C7000484600F02BF808B17771EDE7D9F8080085
:100C80000368CDE90CA6CDE90A4BDC693A46434638
:100C90002946A44601B0BDE8F04F60472DE9F04178
:100CA00007460C4615461E46FFF70BFF48B9B868C5
:100CB00003689F692A4633462146BC46BDE8F04199
:100CC0006047BDE8F081704700207047814208B559
:100CD0000ED0406803782A2B0CD049680B782A2B59
:100CE00008BF013110F02AFEB0FA80F0400908BDBB
:100CF0000120FCE70020FAE710B5034B036004462F
:100D0000FFF7ACFE204610BD1C18040010B50446C9
:100D1000FFF7F2FF20461821FFF7F4FE204610BD32
:100D20002DE9F74FDDF830904A4504460F46164648
:100D30009A4624D0D4F80C8004EBC804B8F1000F14
:100D400028D0E568AA0721D52A1215F0010503D09D
:100D5000FB1C1BD033689A58A0680368CDF800903C
:100D6000D3F820B0324453463946D84703280DD92A
:100D700015B140F00100C0B203B0BDE8F08F1946D4
:100D8000FFF7A4FF0028D5D00620F5E708F1FF38CB
:100D9000083CD3E70120EFE7F0B40C1E049E06DB0D
:100DA0001444A64214BF01200620F0BC7047023450
:100DB00004D00468246AA446F0BC60470120F4E72C
:100DC0002DE9F04F91B09A461D9C0692A3681C9A9B
:100DD0008846D90644BF8368A3601A9B9342814624
:100DE00007D11B99FFF772FF18B1069B63710027AB
:100DF00082E051464846FFF769FFC0B11A9B236065
:100E0000B8F1000F069B23710BDB1A9B98441C9BC7
:100E100043450CBF4FF006084FF0010884F80680E8
:100E2000E5E718F1020FE2D10123A371DFE7B8F182
:100E3000000FA9BF1C9B0790A3EB08030793002793
:100E40000223CDE9097301230893069B43F00103B4
:100E50000B93D9F80CB009EBCB030593BBF1000F52
:100E600000F0D78000230D93ADF838308DF83A307C
:100E7000059BA568DB680F95DA0743BF1A980B9AA4
:100E80000068069A4FEA232148BF41581A98014446
:100E9000079838B18842089E2CBF00200120B0423C
:100EA00000F0B3809B0707D418F1020F02D1AE0700
:100EB00000F0AD8002F0FD02059B98680DAD03685F
:100EC00003951C9D02951B9DCDE900154146DD69EA
:100ED0005346A84763799DF839209DF83A500D99FB
:100EE0001343062D637101D0022D09D19DF83830CE
:100EF00021602371A5710746384611B0BDE8F08F17
:100F00002268A7B9AAB99DF838202160227121B1C1
:100F10001BB1D9F80830DD07EDD56379042BEAD091
:100F2000059B083B0BF1FF3B0593074696E7002A1C
:100F300037D0914206D123799DF83820134323718D
:100F40003846EAE709B90028FAD0032BA67904D974
:100F5000D90729D5A3689B0726D57EB9032D05D9C6
:100F6000EE0741D5D9F8083098073DD51C9B009372
:100F700041461B9B5046FFF70FFF0646E5B9032E7F
:100F800005D9F10732D5D9F808309A072ED51C9B20
:100F900000930D9A1B9B41465046FFF7FDFE054608
:100FA0000AE00029D1D1CBE7012E38BF0126012D5F
:100FB00038BF0125F6B2EDB285EA0603DBB2032B9A
:100FC00016D9032D81BF0D9B23602E469DF8383026
:100FD00086BF237100203846B307A67102D416F0ED
:100FE00001069AD1002086E70126E5E70125E3E71F
:100FF0003540EDB20023032D236003D90223A371F2
:10100000012078E70120A07187E701230993384682
:1010100086E7099B002B3FF46FAF0A9B012B3FF43F
:101020006BAF01230A93CDF820B012E72DE9F04F02
:101030002DED028B89B008EE101A064617461C46A5
:10104000FFF73FFD054600285FD1D4F80890D6F899
:101050000CA019F0100F18BFD6F8089009F0010382
:1010600006EBCA0803930DF1100BBAF1000F74D010
:101070000023D8F80C2004938DF814300023079334
:1010800002F00103019302F002030293DDE902136F
:101090000B43CDF8189004D10AF1FF3AA8F10808E3
:1010A000E3E7002F37D0019B12120BB13B689A582F
:1010B0003A44D8F80800036818EE101A9D695B4698
:1010C000A84705460028E7D0079B082B04D1019BC1
:1010D00013B1D8F8083007939DF81430032B05D9C5
:1010E000029A1AB923F002038DF81430E168D1B9DD
:1010F0009BE80F0084E80F002379032B05D99A079A
:101100000BD5B36813F0010FC6D1284609B0BDEC6A
:10111000028BBDE8F08F3A46CBE7DB07F5D5B36825
:1011200013F0020FF0E72368049A934204D00023DF
:10113000236002232371E8E72BB123799DF8142063
:1011400013432371A8E707980828F2D00829F0D0A4
:10115000FFF7BCFD0028F0D1EBE72579003D18BF73
:101160000125D2E7F0B50C46002185B007460846B8
:1011700016460FF0BDF9019011F040FB421C1046DD
:101180000092F2F7DDFCDDE9002105460FF0D6FA0A
:10119000174900200FF0ACF903A9384612F092F974
:1011A000039B84ED000ABB4201D01B7863B100238E
:1011B000236004233360294600200FF099F9284664
:1011C000F2F7C2FC05B0F0BDDFED0A7AB4EE670AB3
:1011D000F1EE10FA09D0DFED087AB4EE670AF1EE0D
:1011E00010FAE8D16FF40003E2E7044BE0E700BF38
:1011F000AD9C03000000807F000080FFFFFF7F7F29
:101200002DE9F0430C46002185B081460846904602
:101210000FF06EF9019011F0F1FA421C10460092A5
:10122000F2F78EFCDDE9002105460FF087FA1D4933
:1012300000200FF05DF903A9484612F037F9039B2F
:101240004B4584ED000B57EC106B4FF0000201D0C2
:101250001B787BB10023C4E900230423C8F80030C5
:10126000294600200FF044F92846F2F76DFC05B03E
:10127000BDE8F0830C4B10EE100A39460DF0AAFFC2
:1012800060B90A4B0022304639460DF0A3FF002812
:10129000E6D04FF0FF326FF48013DCE7044B4FF0E1
:1012A000FF32D8E7AD9C03000000F07F0000F0FFA4
:1012B000FFFFEF7F2DE9F7430C4600210746084664
:1012C00016460FF015F9019011F098FA421C1046DD
:1012D0000092F2F735FCDDE9002105460FF02EFA09
:1012E0001A4900200FF004F919492246384610F037
:1012F00097FA013001280FD800220023C4E9002307
:1013000004233360294600200FF0F2F8284603B08A
:10131000BDE8F043F2F718BCD4E900890D4B002278
:10132000404649460DF056FF60B90B4B002240463F
:1013300049460DF04FFF0028E4D04FF0FF326FF424
:101340008013DBE7054B4FF0FF32D7E7AD9C03007E
:10135000401804000000F07F0000F0FFFFFFEF7F67
:1013600008B50346002208461A60044910F0E6FA60
:1013700010B10348F3F734FB08BD00BFAD9C030078
:1013800044180400002303607047009B1A60039B0D
:10139000019A1A6003207047009B03201A6070476F
:1013A000012070470120704700989A1A904228BF88
:1013B000104670470020704710B5064B044640F8B1
:1013C000083BFFF7DFFF044B2360204600F047F99E
:1013D000204610BDD0180400800A040010B5044651
:1013E000FFF7EAFF2046F2F7ADFB204610BD0000F4
:1013F00010B5064B044640F8083BFFF7C3FF044B0B
:101400002360204600F02BF9204610BDFC18040094
:101410007812040010B50446FFF7EAFF2046F2F701
:1014200091FB204610BD0000003910B5054B03604C
:1014300018BF01214160044600F032F9A060204647
:1014400010BD00BFD0180400003910B5054B036073
:1014500018BF01214160044600F022F9A060204637
:1014600010BD00BFFC1804002DE9F04F0F46D1E974
:10147000000185B0DDE90F6A0DF1080814461D462C
:1014800088E803000FF02EF82B1B9B10A6EB0A0236
:1014900000FB0320002813DCAC42A14630D24246B8
:1014A000D9F80010304612F025FD421C04F1040466
:1014B000034631D098E803001E4487E80300EBE7B9
:1014C000AC42A1461CD256451AD2D9F80010424669
:1014D00001A812F00FFDB0F1FF3F04F104048346B0
:1014E0001AD0AAEB0603834218D3024601A930465C
:1014F0000FF024F998E803005E4487E80300DFE773
:101500004D4594BF002001200E9BC3F80090119B15
:101510001E6005B0BDE8F08F0220F5E70120F3E77B
:101520002DE9F7438846D1E90001E946DDE90B766C
:1015300089E8030015461C46A54220D2B7421ED2B8
:10154000621B29464B4638460FF076F8411C02468E
:101550000BD0831C11D008B93860012299E8030030
:10156000043788E803001544E6E702200A9B1D6063
:101570000D9B1F6003B0BDE8F0830120F6E7A54294
:101580002CBF00200120F1E708B50EF0ABFF431E91
:101590005842584108BD0EF0A5BF2DE9F3470E464D
:1015A000D1E90001EA468AE80300DDF828901546F3
:1015B0001F464FF00008BD4217D2B9F1000F14D0FA
:1015C00053467A1B294600200FF036F8C31C0CD86E
:1015D000012838BF012004469AE80300254486E824
:1015E0000300A04409F1FF39E5E7404602B0BDE839
:1015F000F08708B50846114610F0AAF9031E18BF77
:10160000012343EAA07008BD084611461A4612F0AD
:10161000C1B808B50846114612F076FC031E18BF83
:10162000012343EAA07008BD084611461A4613F08C
:1016300067BA13B506220023C0E9012341F2020371
:10164000C360044601A800F0ADFD01A904F16C00DF
:1016500000F08AF801A800F079F802B010BD7047D8
:101660004268511E012A416002D103685B68184735
:1016700070470000044A0B681268036093421EBF63
:101680001A6801321A607047883B002002490348FB
:101690000022FFF765BE00BF20190400903B002028
:1016A00010B5034C22680AB9FFF7F0FF206810BD9F
:1016B000903B0020004870472019040038B543686B
:1016C00004465BB10025D4E90132AA4206D953F899
:1016D000250008B1FFF7C4FF0135F4E7606808B1E1
:1016E000F2F732FAE3685BB10025D4E90223AA429B
:1016F00006D953F8250008B1FFF7B2FF0135F4E72A
:10170000E06808B1F2F720FA23691BB9206958B9DB
:10171000204638BD00252369585908B1F2F714FA5C
:101720000435182DF7D1F1E7F2F70EFAF0E7036868
:101730005A1E012B10B50446026006D1FFF7BEFF0A
:101740002046BDE81040F2F7FDB910BD054B10B5BD
:101750001B6804460068984201D0FFF7E8FF204666
:1017600010BD00BF883B00200A4A38B50B680D4603
:1017700011688B4218BF1A68044600681CBF01320A
:101780001A60814201D0FFF7D2FF2B682360204608
:1017900038BD00BF883B0020036823B9034A1368A3
:1017A0000133136003600068013870478C3B0020F0
:1017B0002DE9F84F044616460846002A00F0A1809D
:1017C000FFF7EAFFA368013B9842054647D900F1BD
:1017D000040A6FF060439A4534BF4FEA8A0B4FF01A
:1017E000FF3B5846D4F80480F2F7AAF9A1680746EF
:1017F0000023994206D100229A450AD947F82320AE
:101800000133F9E7626852F8232047F823200133B7
:10181000EFE75846D4F80C90F2F792F9A16800234C
:10182000994206D100229A450AD940F82320013373
:10183000F9E7E26852F8232040F823200133EFE76C
:10184000C4E9017AE060B8F1000F02D04046F2F737
:101850007BF9B9F1000F02D04846F2F775F97368C9
:10186000D4F804900133736059F825300BB326493E
:101870000868D0B1FFF790FF85422CD14868D4F8B2
:1018800004A0FFF789FF5AF8203007466BB149687A
:10189000304607F0B1FD43680133804643605AF893
:1018A0002700FFF7DDFE4AF8278059F82500FFF7EB
:1018B000D7FE49F8256000252E46A368AB4220D903
:1018C000E36853F8250020B1FFF7CAFEE36843F848
:1018D00025600135F1E74868FFF75EFF85420ED1CC
:1018E0000868D4F804A0FFF757FF5AF820300746DD
:1018F000002BDAD00968304602F026FECBE708312B
:10190000B6E7BDE8F88F00BF981A04002DE9F04152
:10191000214F3B78BFF35B8FDB0706460C4615462D
:1019200006D438460BF0F8FB10B138460BF000FC3B
:101930001A490868F0B1FFF72FFFA84248680DD197
:10194000FFF72AFF0346F16851F82520AAB104B336
:10195000236820465B68BDE8F0411847FFF71CFF8D
:10196000A84205D10868FFF717FF2B460546EAE7AE
:101970000831DEE74FF0FF33E5E76268501C606036
:10198000581C18BF023241F825401CBF626041F864
:101990002340BDE8F08100BF843B0020981A04007A
:1019A00030B5C468252320050B7043BF2B234B7033
:1019B000881C481C630544BF232300F8013B04F442
:1019C0008271B1F5827F03462BD02E2503F8025B8E
:1019D0002A2545700AB103F8012B042903F10102FD
:1019E00002D16621197014E0B1F5807F04F48040C3
:1019F00004D1002814BF45216521F3E7B1F5827FAA
:101A00000AD114F4804F1A4614BF4121612102F813
:101A1000011B0023137030BD002814BF472167212C
:101A2000E0E7002AD7D1ECE70139013B994228BF12
:101A30001946F0B50546064647180120BE420BD0B0
:101A400050B116F8010BD45CA4EB000CDCF10000E3
:101A500040EB0C00013BF1E7695C1344934206D074
:101A600028B113F80109441A60426041F6E74BB20D
:101A7000002B05DD13788B428CBF002000F00100A5
:101A8000F0BD126852F80C3CFFF7CEBF10B5074C02
:101A90002378BFF35B8FDB0706D420460BF03CFBBB
:101AA00010B120460BF044FB014810BD983B0020CC
:101AB0001C4A00202DE9F04FC94A01603023074637
:101AC000836087B011460020013B42F8040BFBD134
:101AD0007960C44930220846013A41F8043BFBD101
:101AE000C14BF86006241946013C43F8042BFBD196
:101AF000BE4D39610D60FFF7DDFD03882B80224666
:101B000001232146BA48DFF8E4B3BA4EDFF8E0A378
:101B1000DFF8E093B84D04F005FAB54AB749384606
:101B2000FFF746FE0121B648FFF77EFC3846B44A6F
:101B3000B449FFF73DFEB44AB44B13604FF00108BF
:101B4000C2E90244C2E90544C2E90744C2F804807C
:101B50001474948482F86440AB49AD48424604F062
:101B600077FE3846AA4AAB49FFF722FEAA4AAB4B9A
:101B7000C2F8048013603846A949FFF719FEA94A44
:101B8000A94B1360C2F804803846A849FFF710FE3D
:101B90004146A74804F038FF3846A54AA549FFF753
:101BA00007FEA54BA54A1C82C3E90028C3E90244ED
:101BB000C3E90544C3E90744C3E90944C3E90B4445
:101BC0009C745C6383F84340194642469C4804F089
:101BD0004FFD38469A4A9B49FFF7EAFD9A4A9B48CF
:101BE000ABF81040CBE9002859464246CBE9024405
:101BF000CBE90544CBE90744CBE90944CBE90B44E5
:101C00008BF81240CBF834408BF8434004F072FD5F
:101C100038468E4A8E49FFF7CBFD8E4A8E49C2F870
:101C20000480116038468D49FFF7C2FD8C4A8D490A
:101C3000C2F80480116038468B49FFF7B9FD8B4A22
:101C40003260314642468A48C6F80480C6E90244FA
:101C5000C6E90444C6E90644C6E90844C6E90A449C
:101C6000C6E90C44C6E90E44C6E91044C6E912446C
:101C7000C6E91444C6E91644C6E91844C6E91A443C
:101C8000C6E91C44C6E91E44C6E92044C6E922440C
:101C9000C6E92444C6E92644C6E92844C6E92A44DC
:101CA000C6E92C44C6E92E44C6F8C04086F8C440B4
:101CB000F3F7A2FD38466E4A6E49FFF779FD6E4A8A
:101CC0006E49C2F80480116038466D49FFF770FD17
:101CD0006C4A6D49C2F80480116038466B49FFF7C1
:101CE00067FD41466A4804F06DFE694A6949384615
:101CF000FFF75EFD4146684804F000F9664A67490F
:101D00003846FFF755FD41466548FFF79DFB3846CD
:101D1000634A6449FFF74CFD634B644AC3F804808F
:101D2000C3E90244C3E90544C3E90744C3E90944DC
:101D30001A601C7483F82441194642465C4808F036
:101D40005FFB38465A4A5B49FFF732FD5A4A5B4906
:101D5000C2F80480116038465949FFF729FD594AF5
:101D60005949C2F80480116038465849FFF720FDF0
:101D70004146574808F020FC3846554A5549FFF778
:101D800017FD554ACAF800205146424653488AF882
:101D90001040CAE90244CAE90544CAE90744CAE94D
:101DA0000944CAE90B44CAE90D44CAF83C408AF820
:101DB0006C40CAF8048008F035FA3846474A48496A
:101DC000FFF7F6FC474AC9F8002049464246464814
:101DD00089F81040C9E90244C9E905448CE000BF14
:101DE0003C4900204C480020344800202841002075
:101DF00034410020303E0020F83E0020004B0020FF
:101E00000C49002014360020A03C0020380B0400B0
:101E1000BC3B0020344B0020FC490020700904002A
:101E20009C3500200C4A0020AC09040098350020A5
:101E300024490020284B0020C03F0020180B04003C
:101E4000603C0020444B0020280B04006C3C002028
:101E5000404B0020043C00200C2E04003C4B002092
:101E6000143C0020242E0400384B0020DC09040020
:101E7000243C002094350020D43B00203C2E04005C
:101E8000304B0020E43B0020DC0A040090350020A9
:101E90009C3B00202C4B002054430020044B00208E
:101EA0001849002018360020083D00203013040097
:101EB000C83B0020744B0020044A00206811040035
:101EC000FC350020144A0020A4110400F83500203D
:101ED00030490020684B002010130400783C00209B
:101EE000844B002020130400843C00200440002088
:101EF00048400020B8400020C9E90744C9E9094426
:101F0000C9E90B44C9E90D44C9F83C4089F86C4063
:101F1000C9F8048008F0C8F938466D4A6D49FFF7E2
:101F200047FC6D4A6D49C2F80480116038466C491F
:101F3000FFF73EFC6B4A6C49C2F8048011603846DA
:101F40006A49FFF735FC6A4A2A60C5E90244C5E9D7
:101F50000444C5E90644C5E90844C5E90A44C5E99D
:101F60000C44C5E90E44C5E91044C5E91244C5E96D
:101F70001444C5E91644C5E91844C5E91A44C5E93D
:101F80001C44C5E91E4442462946C5F80480594808
:101F9000C5E92044C5E92244C5E92444C5E92644ED
:101FA000C5E92844C5E92A44C5E92C44C5E92E44BD
:101FB000C5F8C04085F8C440F9F798FC38464D4A4A
:101FC0004D49FFF7F5FB4D4A4D49C2F804801160B9
:101FD00038464C49FFF7ECFB4B4A4C49C2F80480A9
:101FE000116038464A49FFF7E3FB4146494808F08B
:101FF000C1FA3846474A4849FFF7DAFB474A484999
:10200000C2F80480116038464649FFF7D1FB464AC2
:102010004649C2F80480116038464549FFF7C8FBBD
:10202000444A4549C2F80480116038464349FFF7E5
:10203000BFFB434A4349C2F8048011603846424915
:10204000FFF7B6FB414B424A0092CDE9013B414BC1
:10205000CDF8149069463846CDE9033A01F01CFAF0
:102060003D48FC68FFF798FB394A44F820203B487C
:10207000FC68FFF791FB354B44F820303848FC688A
:10208000FFF78AFB44F820B03648FC68FFF784FB72
:1020900044F820603448FC68FFF77EFB2D4B44F881
:1020A00020303248FC68FFF777FB44F820A009484D
:1020B000FC68FFF771FB44F820900F48FC68FFF7BD
:1020C0006BFB44F82050384607B0BDE8F08F00BFE6
:1020D000843C0020804B00200C3C0020E4380400AD
:1020E0007C4B00201C3C0020FC380400784B002076
:1020F000D4110400383C0020F4350020DC3B0020E3
:1021000014390400704B0020EC3B0020D412040072
:10211000F0350020AC3B00206C4B0020F43B00204D
:102120000C2304002C4A0020FC3B0020B4220400B5
:10213000244A0020903C0020E0220400284A00208D
:10214000983C002088220400204A0020C03F002044
:10215000A03C0020083D0020344B0020444B0020D0
:10216000404B002094350020744B0020844B00200D
:1021700010B5054C02212046FFF79CFC034B1C6068
:10218000034B1C6010BD00BF4C3C0020883B00206E
:10219000943B0020024B1B680BB9FFF7E9BF704767
:1021A000883B002038B5002303600446084DFFF744
:1021B000F1FF084A2B6812682360934206D0FFF7AC
:1021C00065FC2B681A6801321A602360204638BD0E
:1021D000943B0020883B002010B50399044603F08F
:1021E0001DFA204610BD10B50399044603F0ACFD5E
:1021F000204610BD38B584680546ACB94420F1F7D7
:102200009DFC1A4B0482C0E90034C0E90244C0E9D5
:102210000544C0E90744C0E90944C0E90B4484749B
:10222000446380F84340A860AB6811492E225A7479
:10223000AB682C229A74AA680023C2E90513C2E98C
:102240000713C2E9091391600A49D3600868106353
:10225000D362AA685063084A1068AA68C15C1A442D
:1022600001330B2B82F83810F7D138BD280B04004E
:1022700031C10300941A04003C0F002038B5846873
:102280000546ACB94420F1F759FC1A4B0482C0E969
:102290000034C0E90244C0E90544C0E90744C0E98C
:1022A0000944C0E90B448474446380F84340A86047
:1022B000AB6811492E225A74AB682C229A74AA6812
:1022C0000023C2E90513C2E90713C2E909139160AB
:1022D0000A49D36008681063D362AA685063084A49
:1022E0001068AA68C15C1A4401330B2B82F83810BD
:1022F000F7D138BD180B040031C10300941A040053
:102300003C0F0020064B10B504460360806810B1F6
:1023100003685B6898472046FFF7A1F9204610BD87
:10232000FC09040010B50446FFF7ECFF2046F1F766
:1023300009FC204610BD0000064B10B504460360A2
:10234000806810B103685B6898472046FFF787F9FB
:10235000204610BD300A040010B50446FFF7ECFF1C
:102360002046F1F7EFFB204610BD000038B5846829
:102370000546B4B97020F1F7E1FBC0E90244C0E9B9
:102380000544C0E90744C0E90944C0E90B44C0E979
:102390000D44154B446003600474C46380F86C40C2
:1023A000A860AB682E212C22C3E905120F49104A00
:1023B0009A600022C3E90712C3E90912C3E90B12AC
:1023C000DA605A630B4A10689863AB68D8630A4BAB
:1023D000AA681B684032591E0A3311F8010F42F8EF
:1023E000040B9942F9D138BD20130400F04A0400CF
:1023F00031C10300941A04003C0F002038B58468F2
:102400000546B4B97020F1F799FBC0E90244C0E970
:102410000544C0E90744C0E90944C0E90B44C0E9E8
:102420000D44154B446003600474C46380F86C4031
:10243000A860AB682E212C22C3E905120F49104A6F
:102440009A600022C3E90712C3E90912C3E90B121B
:10245000DA605A630B4A10689863AB68D8630A4B1A
:10246000AA681B684032591E0A3311F8010F42F85E
:10247000040B9942F9D138BD10130400F04A04004E
:1024800031C10300941A04003C0F0020064B10B524
:1024900004460360806810B103685B689847204673
:1024A000FFF7DDF8204610BDF411040010B5044616
:1024B000FFF7ECFF2046F1F745FB204610BD00007A
:1024C000064B10B504460360806810B103685B6872
:1024D00098472046FFF7C3F8204610BD2812040095
:1024E00010B50446FFF7ECFF2046F1F72BFB204622
:1024F00010BD000038B58468054684B96820F1F73E
:102500001DFBC0E90244C0E90544C0E907441A4B79
:10251000446003600474848480F86440A860AA68FE
:10252000164B93602E21002382F82410D36013747D
:10253000AA682C2182F82510114A1068AA68C15C8B
:102540001A440133242B82F82610F7D10D4B18685A
:102550000023AA68C15C1A4401331A2B82F84A107E
:10256000F7D1AB68084A5A6104229A61074ADA61D6
:1025700005221A6238BD00BF380B040031C10300C8
:10258000380F0020340F0020201B0400251B0400FE
:10259000064B10B504460360806810B103685B68A1
:1025A00098472046FFF75BF8204610BD4C09040011
:1025B00010B50446FFF7ECFF2046F1F7C3FA2046BA
:1025C00010BD000038B58468054694B94FF4947086
:1025D000F1F7B4FAC0E90244C0E90544C0E9074490
:1025E000C0E90944184B44600360047480F8244136
:1025F000A860AB68154A9A6000222E21DA601A742E
:102600002C22C3E90912124A126803F12C00511E50
:10261000233211F8014F40F8044B9142F9D10D4A91
:10262000126803F1BC00511E193211F8014F40F835
:10263000044B9142F9D1084A5A6104229A61074A2F
:10264000DA6105221A6238BD3013040031C103007B
:10265000380F0020340F00202C1B0400401B040006
:10266000064B10B504460360806810B103685B68D0
:1026700098472046FEF7F3FF204610BD44110400A2
:1026800010B50446FFF7ECFF2046F1F75BFA204651
:1026900010BD2DE9F3410C460021804608461F4637
:1026A00015460DF025FF019010F0A8F8421C1046C9
:1026B0000092F1F745FADDE9002106460EF03EF8FA
:1026C000D8F8101000200DF013FF2946089B3A4659
:1026D000204610F089F83146054600200DF008FF2D
:1026E0003046F1F731FA05B9257002B0BDE8F08146
:1026F00038B584680546C4BBC820F1F71FFA504BB3
:102700004460C0E90244C0E90444C0E90644C0E9A9
:102710000844C0E90A44C0E90C44C0E90E44C0E9D9
:102720001044C0E91244C0E91444C0E91644C0E9A9
:102730001844C0E91A44C0E91C44C0E91E440360BF
:10274000C0E92044C0E92244C0E92444C0E9264449
:10275000C0E92844C0E92A44C0E92C44C0E92E4419
:10276000C0F8C04080F8C440A860AB68354A36491C
:102770001962C3E90222354A3549C3E90422354AC0
:10278000C3E90912C3E90622334ADA62334A1A63FB
:10279000334A5A63334A9A63334ADA63334A1A64D0
:1027A000334A5A64334A9A64334ADA64334A1A65BC
:1027B000334A5A65334A9A65334ADA65334A1A66A8
:1027C000334A34495A66344A9A669967334A3449D7
:1027D000DA66D967334A34491A67C3F88010334A36
:1027E00033495A67C3F884103249C3F88810324914
:1027F000C3F88C103149C3F890103149C3F89410D4
:102800003049C3F898103049C3F89C102F49C3E9E8
:1028100028122F4AC3F8A8202E4AC3F8AC202E4A0B
:10282000C3F8B0202D4AC3F8B4202D4AC3F8B8200D
:102830002C4AC3F8BC202C4AC3F8C02038BD00BFC6
:10284000DC09040090080400CCC303009F080400C6
:10285000581B040031C103005B1B0400621B040011
:10286000691B0400711B04007B1B0400841B040013
:102870008B1B0400941B0400981B04009C1B040089
:10288000A01B0400A41B0400A81B0400AC1B040034
:10289000B01B0400D11B0400B81B0400C11B0400C2
:1028A000D61B0400C71B0400DB1B0400CD1B040067
:1028B000E21B0400EC1B0400F41B0400FD1B0400DD
:1028C000061C04000A1C04000E1C0400121C040058
:1028D000161C04001A1C04001E1C0400221C040008
:1028E000261C04002A1C04002E1C04002DE9F341C0
:1028F0000C460021804608461F4615460DF0F8FD9F
:1029000001900FF07BFF421C10460092F1F718F97E
:10291000DDE9002106460DF011FFD8F81010002067
:102920000DF0E6FD2946089B3A46204612F04AF88B
:102930003146054600200DF0DBFD3046F1F704F985
:1029400005B9256002B0BDE8F081000038B58468A3
:102950000546C4BBC820F1F7F1F8504B4460C0E90C
:102960000244C0E90444C0E90644C0E90844C0E99F
:102970000A44C0E90C44C0E90E44C0E91044C0E96F
:102980001244C0E91444C0E91644C0E91844C0E93F
:102990001A44C0E91C44C0E91E440360C0E9204455
:1029A000C0E92244C0E92444C0E92644C0E92844DF
:1029B000C0E92A44C0E92C44C0E92E44C0F8C04014
:1029C00080F8C440A860AB68354A36491962C3E94B
:1029D0000222354A3549C3E90422354AC3E90912BE
:1029E000C3E90622334ADA62334A1A63334A5A6326
:1029F000334A9A63334ADA63334A1A64334A5A646D
:102A0000334A9A64334ADA64334A1A65334A5A6558
:102A1000334A9A65334ADA65334A1A66334A344987
:102A20005A66344A9A669967334A3449DA66D967EE
:102A3000334A34491A67C3F88010334A33495A6716
:102A4000C3F884103249C3F888103249C3F88C1097
:102A50003149C3F890103149C3F894103049C3F894
:102A600098103049C3F89C102F49C3E928122F4A07
:102A7000C3F8A8202E4AC3F8AC202E4AC3F8B020D1
:102A80002D4AC3F8B4202D4AC3F8B8202C4AC3F805
:102A9000BC202C4AC3F8C02038BD00BFD4110400AC
:102AA000341C04007C1C0400581C0400881C040016
:102AB000F04A0400941C0400B01C0400CC1C040068
:102AC000EC1C0400141D0400381D0400541D0400F7
:102AD000781D0400881D0400981D0400A81D040032
:102AE000B81D0400C81D0400D81D0400E81D040022
:102AF0006C1E0400081E04002C1E0400801E04002E
:102B0000441E0400941E04005C1E0400B01E040059
:102B1000D81E0400F81E04001C1F0400401F0400FF
:102B2000501F0400601F0400701F0400801F040079
:102B3000901F0400A01F0400B01F0400C01F040069
:102B4000D01F0400E01F0400009B03201A607047A0
:102B5000002070470020704704207047009B03202E
:102B60001A607047F0B50546D0E90020801A65D09C
:102B700092F900401378002C03DB01322A601846DA
:102B8000F0BDC12B3BD9DF2B0FD8012856D0507890
:102B900000F0C004802C32D100EB8310A0F542502D
:102BA0008142EDD302322A60EAE7EF2B1AD80228DD
:102BB00044D9547804F0C000802820D1E02B01D102
:102BC0009F2C1CD9907800F0C006802E17D1A4014C
:102BD00004EB03330344A3F5622080388142CFD352
:102BE0000332E0E7F42B0AD8032827D9547804F0FD
:102BF000C000802803D1F02B04D18F2C06D84FF0D1
:102C0000FF30BDE7F42B01D18F2CF8D8967806F071
:102C1000C0008028F3D1D07800F0C007802FEED11B
:102C2000240304EB834303EB86130344A3F1727084
:102C3000A0F502508842A3D80432B4E76FF0010037
:102C40009EE7F0B50546D0E90020801A65D092F9DC
:102C500000401378002C03DB01322A601846F0BDD7
:102C6000C12B3BD9DF2B0FD8012856D0507800F06C
:102C7000C004802C32D100EB8310A0F54250814279
:102C8000EDD302322A60EAE7EF2B1AD8022844D9A2
:102C9000547804F0C000802820D1E02B01D19F2C73
:102CA0001CD9907800F0C006802E17D1A40104EB47
:102CB00003330344A3F5622080388142CFD303322B
:102CC000E0E7F42B0AD8032827D9547804F0C00091
:102CD000802803D1F02B04D18F2C06D84FF0FF3081
:102CE000BDE7F42B01D18F2CF8D8967806F0C00000
:102CF0008028F3D1D07800F0C007802FEED12403D4
:102D000004EB834303EB86130344A3F17270A0F535
:102D100002508842A3D80432B4E76FF001009EE766
:102D20007F2908D8D0E900329A4242D05A1C02606A
:102D3000197001207047B1F5006F10D2D0E9003250
:102D4000D21A012A35D95A1C02608A09403A1A70EF
:102D5000036801F03F015A1C02608039E8E7B1F5D1
:102D6000803F11D2D0E90032D21A022A21D95A1C4E
:102D700002600A0B203A1A700268531C0360C1F308
:102D80008513803B1370E3E7B1F5881F11D2D0E9BA
:102D90000032D21A032A0CD95A1C02608A0C103A4B
:102DA0001A700268531C0360C1F30533803B137033
:102DB000E2E7002070477F2910B508D8D0E900323B
:102DC0009A4247D05A1C02601970012010BDB1F51B
:102DD000006F0FD2D0E90032D21A012A3AD98C09F9
:102DE0001A46403C02F8024B01F03F018039026074
:102DF0005970EAE7B1F5803F12D2D0E90032D21A19
:102E0000022A27D90A0B203A1A70C1F38512803A98
:102E100001F03F015A708039DA1C02609970D4E7E2
:102E2000B1F5881F16D2D0E90032D21A032A11D97F
:102E30008A0C103A1A70C1F30532803A5A70C1F305
:102E40008512803A01F03F019A7080391A1D0260A4
:102E5000D970BAE70020B9E730B5D0E900535B1B61
:102E6000032B16D98C0AC1F30903A4F52154A3F549
:102E7000105312F00102A4B29BB201D164BAA4B201
:102E80002C800AB95BBA9BB22A1D02606B800120BC
:102E900030BD0020FCE70000F7B5CDE90023089E17
:102EA0000E4915460024671CBE420FD96846FFF73D
:102EB000C8FEB0F5881F03D30098401B03B0F0BDD7
:102EC000B0F5803F28BF3C460134ECE7F4D14FF623
:102ED000FF716846FFF7B5FEEEE700BFFFFF100089
:102EE00073B51E46079B0093089B01931446A642A8
:102EF000254612D02168B1F5881F04F104040ED2D2
:102F00006846FFF758FF0028F1D10120069B009A80
:102F10001D60099B1A6002B070BD0020F6E7022018
:102F2000F4E7000038B54B0704460CD5D0E9005350
:102F30005B1B022B07D90449032228460DF0F0FB46
:102F400008B90335256038BDA420040070B50C46CF
:102F5000194605461646FFF7E5FFD5E900239A42D4
:102F600012D0D4E900329A4201D1012070BD31461D
:102F70002846FFF7F7FD831CF7D0864206D3236867
:102F80001A1D22601860E8E70020EFE70220EDE755
:102F90001FB5CDE90023079B0293089B0393074AC3
:102FA000002302A96846FFF7D1FF069B009A1A602A
:102FB000099B029A1A6005B05DF804FBFFFF100040
:102FC00037B5CDE9000168469DF8181014461D4636
:102FD000FFF7A8FF002044B1A84204F1FF3404D851
:102FE00029466846FFF7BEFDF5E7009803B030BDFF
:102FF00013B51446194600230093049A034B204648
:10300000FFF7DEFF001B02B010BD00BFFFFF100086
:103010002DE9F0470D4619461F4606469046FFF734
:1030200081FF07F00109D6E9004A54452DD0D5E9C2
:1030300000329A4229D041463046FFF793FD831C67
:10304000014604D108980130C0B2BDE8F087804540
:103050001DD3B0F5803F11D2D5E900329A4203D199
:10306000C6E9004A0120F0E784B2B9F1000F01D1AE
:1030700064BAA4B29A1C2A601C80D4E73A46284657
:10308000FFF7EAFE0028CED1EAE70020DDE70220C4
:10309000DBE700007FB5CDE90223099B04930A9B7F
:1030A000059300230093074A012304A902A8FFF710
:1030B000AFFF089B029A1A600B9B049A1A6007B034
:1030C0005DF804FBFFFF1000F7B5CDE900019DF8A6
:1030D0002010684616461C46FFF724FF00256F1C8B
:1030E000B7420ED221466846FFF73CFD844202D229
:1030F000009803B0F0BDB0F5803F28BF3D460135D4
:10310000EDE7F5D14FF6FF734FF6FE718C4294BF99
:10311000214619466846FFF725FDE9E713B5144631
:10312000194600230093049A034B2046FFF7CCFF77
:10313000001B02B010BD00BFFFFF1000D0E900323D
:10314000D21A022A09D9064A1188927819809A70EF
:10315000036803330360012070470020704700BFFD
:10316000F01F040073B51D46079B0093089B019355
:103170001446A54225D02188A1F55843B3F5806FA8
:1031800015D22B1B022B1CD06288A2F55C43B3F531
:10319000806F1ED2A2F15772A2F5773202EB812125
:1031A00002266846FFF707FE40B901200AE0A1F5B4
:1031B0005C43B3F5806F0CD30126F2E704EB4604C1
:1031C000D7E70020069B009A1C60099B1A6002B09A
:1031D00070BD0220F6E7000037B5CDE90023069D5B
:1031E00008491446002045B1B0F5881F05F1FF35A8
:1031F00003D26846FFF725FDF5E70098001B03B0F2
:1032000030BD00BFFFFF100037B5DDE90745CDE950
:1032100000230F49DDE900329A4214D0A54207D1BC
:103220000120069B009A1A60099B1C6003B030BD08
:103230006846FFF706FD831CF2D0B0F5881F04D264
:1032400044F8040BE6E70020EBE70220E9E700BFC3
:10325000FFFF100010B5034B03600446FEF7FFF9B3
:10326000204610BDFC1F040010B50446FFF7F2FF16
:103270002046F0F767FC204610BD000010B5034B58
:1032800003600446FEF7EBF9204610BD2820040039
:1032900010B50446FFF7F2FF2046F0F753FC204636
:1032A00010BD000010B5034B03600446FEF7D7F9CC
:1032B000204610BD5420040010B50446FFF7F2FF6D
:1032C0002046F0F73FFC204610BD000010B5034B30
:1032D00003600446FEF7C3F9204610BD80200400B9
:1032E00010B50446FFF7F2FF2046F0F72BFC20460E
:1032F00010BD9B0770B504460D46164603D508461B
:10330000FFF71CFF70B1D4E900329A420CD0196863
:103310008E420BD32846FFF703FD18B12368043310
:103320002360F0E7012070BD0020FCE70220FAE7EF
:103330001FB5CDE90023079B0293089B0393074A1F
:10334000002302A96846FFF7D4FF069B009A1A6083
:10335000099B029A1A6005B05DF804FBFFFF10009C
:1033600030B585B0CDE90023099B02931A4D0A9B25
:103370000393DDE90123009CA24221D0039A9A42E3
:103380001ED029466846FFF75CFC831C01460AD024
:10339000B0F5881F1DD2B0F5803F0AD2DDE90232B8
:1033A0009A4202D1009401200BE09A1C02921880EC
:1033B000DFE7012202A8FFF74FFD0028D9D1F1E78E
:1033C0000020089B009A1A600B9B029A1A6005B0B5
:1033D00030BD0220F5E700BFFFFF10002DE9F041EE
:1033E0009B07069D04460E46174603D50846FFF781
:1033F000A5FE78B3D4E900329A422ED01988A1F5FF
:103400005840B0F5806F1DD2012D28D0D21A022A63
:1034100023D05B88A3F55C42B2F5806F1FD2A3F185
:103420005773A3F5773303EB81214FF002088F42E6
:1034300015D33046FFF774FC60B1236803EB4803F3
:103440002360D7E7A1F55C43B3F5806F07D34FF056
:103450000108ECE70120BDE8F0810020FBE7022035
:10346000F9E700007FB5CDE90223099B04930A9B8D
:10347000059300230093074A04A902A8FFF7AEFFB3
:10348000089B029A1A600B9B049A1A6007B05DF8B9
:1034900004FB00BFFFFF10002DE9F04FD1E900B39E
:1034A00087B08F4D009304460E468B68019301222E
:1034B00059462846F2F774F96B686768DFF8ACA2E2
:1034C000DFF8AC9201336B60864B1846FEF764F967
:1034D00047F82050844D01212846F2F7C9FA6A685E
:1034E0006768824801326A60FEF756F947F8205053
:1034F0007F4D009901222846F2F74EF86A68676806
:1035000001326A605046FEF747F947F82050794D7E
:10351000019901222846F2F781F86A68676801324A
:103520006A604846FEF738F947F82050724F734AF0
:10353000D4F804803A6002257D607148FEF72CF9CA
:1035400048F820706F4F704AD4F804803A607D606C
:103550006E48FEF721F948F820706D4F6D4AD4F897
:1035600004803A607D606C48FEF716F948F82070D8
:103570006A4F01213846F2F759FA7A68D4F8048084
:10358000674801327A60FEF707F948F82070F3685F
:103590000293336903937369624E02990493012283
:1035A0003046F8F777F97268DFF8C881676801324A
:1035B00072604046FEF7F0F847F820605A4E01214D
:1035C0003046F8F7CFFA726867685848013272607F
:1035D000FEF7E2F847F82060554E0399554F012257
:1035E0003046F8F753F872686168059101327260ED
:1035F0003846FEF7D1F8059941F820604E4E0499FF
:1036000001223046F8F784F872686168059101324A
:1036100072604A4A1046FEF7BFF8059941F82060EB
:10362000474E484931604848616875600591FEF72A
:10363000B3F8059941F82060444E4549316045484A
:10364000616875600591FEF7A7F8059941F820605B
:10365000414E424931604248616875600591FEF70C
:103660009BF8404D059941F8206001212846F8F764
:1036700057FA696866683C4801316960FEF78CF862
:10368000184B46F820501846E568FEF785F845F8CF
:1036900020B05046E568FEF77FF8009B45F82030E3
:1036A0004846E568FEF778F8019B45F8203040462B
:1036B000E568FEF771F8029B45F820303846E5686A
:1036C000FEF76AF81D4A039B45F820301046E4686F
:1036D000FEF762F8049B44F8203007B0BDE8F08F95
:1036E000504A0020A0350020C84A00208435002020
:1036F000984A0020A44A0020784A0020AC0A04001E
:10370000A8350020884A0020C40A0400A4350020FF
:10371000684A0020F00A04008C350020304A00205E
:10372000883500205C4A0020D44A0020E43500207F
:10373000B04A002010360020BC4A00200C36002081
:10374000804A0020A412040008360020904A00207D
:10375000BC12040004360020704A0020E812040065
:10376000EC350020404A0020E8350020B03500202C
:10377000AC3500200036002001F0F0BC02F0ACB8FF
:10378000F8B50B6853F80C5C0746681C0E46F0F75A
:10379000D7F90023044601462A46304601F030FCA2
:1037A000002363553C602846F8BDF8B50B6853F814
:1037B0000C5C6FF060426B1C9342074634BF98006C
:1037C0004FF0FF300E46F0F7BBF9002304460146E8
:1037D0002A46304601F0E0FF002344F825303C60E3
:1037E0002846F8BD13B5049CCDE9003413460A46BB
:1037F000C1684FF0000005F0B0FB02B010BD30B55D
:103800008BB00D460AA901E90C0079230693129B9F
:103810000593119B0493109B03930EAA044692E810
:10382000030001AB83E80300099B00932046089B3B
:10383000AA684FF0000105F034FD20460BB030BD02
:1038400030B58BB00D460AA901E90C006D23069333
:10385000129B0593119B0493109B03930EAA04469D
:1038600092E8030001AB83E80300099B0093204624
:10387000089BAA684FF0000105F013FD20460BB02D
:1038800030BD30B58BB00D460AA901E90C00772395
:103890000693129B0593119B0493109B03930EAA0E
:1038A000044692E8030001AB83E80300099B009300
:1038B0002046089BAA684FF0000105F0F2FC204664
:1038C0000BB030BD30B58BB00D460AA901E90C0034
:1038D00064230693129B0593119B0493109B0393FF
:1038E0000EAA044692E8030001AB83E80300099B9B
:1038F00000932046089BAA684FF0000105F0D1FC18
:1039000020460BB030BD30B58BB00D460AA901E999
:103910000C0074230693129B0593119B0493109B38
:1039200003930EAA044692E8030001AB83E8030068
:10393000099B00932046089BAA684FF0000105F000
:10394000B0FC20460BB030BD81684FF0000005F0A0
:10395000A2BCF0B591B00AAC84E80C000023079338
:103960000D930EAB06930DAB0593199B04939DF835
:103970006030039316AA0F46054692E8030001AB98
:1039800083E803000B9B009308AE0A9BBA684FF0D4
:103990000001304606F01DF896E803000D9B84E810
:1039A00003005BB9DDE90E011B9BC3E9000194E84C
:1039B000030085E80300284611B0F0BD1A9A136091
:1039C000F5E710B588B00DF1200C0CE90C000023D0
:1039D00004939DF8303003930B9B02939DF828309D
:1039E0000193079B00938A68069B4FF000010446F1
:1039F00005F024FF204608B010BD0A4601694FF0CB
:103A0000000005F040BC07B50968009251F80C3C75
:103A10000A4601694FF0000005F00DFC03B05DF8A7
:103A200004FB13B5049CCDE9003413460A46C16873
:103A30004FF0000005F09CFA02B010BD30B58BB01D
:103A40000D460AA901E90C0079230693129B059300
:103A5000119B0493109B03930EAA044692E8030063
:103A600001AB83E80300099B00932046089BAA68EA
:103A70004FF0000105F06AFC20460BB030BD30B5B8
:103A80008BB00D460AA901E90C006D230693129B29
:103A90000593119B0493109B03930EAA044692E88E
:103AA000030001AB83E80300099B00932046089BB9
:103AB000AA684FF0000105F049FC20460BB030BD6C
:103AC00030B58BB00D460AA901E90C0077230693A7
:103AD000129B0593119B0493109B03930EAA04461B
:103AE00092E8030001AB83E80300099B00932046A2
:103AF000089BAA684FF0000105F028FC20460BB097
:103B000030BD30B58BB00D460AA901E90C00642325
:103B10000693129B0593119B0493109B03930EAA8B
:103B2000044692E8030001AB83E80300099B00937D
:103B30002046089BAA684FF0000105F007FC2046CC
:103B40000BB030BD30B58BB00D460AA901E90C00B1
:103B500074230693129B0593119B0493109B03936C
:103B60000EAA044692E8030001AB83E80300099B18
:103B700000932046089BAA684FF0000105F0E6FB81
:103B800020460BB030BD81684FF0000005F086BBC9
:103B9000F0B591B00AAC84E80C00002307930D93B4
:103BA0000EAB06930DAB0593199B04939DF8603003
:103BB000039316AA0F46054692E8030001AB83E87B
:103BC00003000B9B009308AE0A9BBA684FF00001FC
:103BD000304606F07AF896E803000D9B84E803006F
:103BE0005BB9DDE90E011B9BC3E9000194E803000A
:103BF00085E80300284611B0F0BD1A9A1360F5E776
:103C000010B588B00DF1200C0CE90C0000230493D2
:103C10000C9B03930B9B02939DF828300193079B09
:103C200000938A68069B4FF00001044605F084FF6C
:103C3000204608B010BD0A4601694FF0000005F0AB
:103C400026BB07B50968009251F80C3C0A46016989
:103C50004FF0000005F003FB03B05DF804FB10B566
:103C60000446006843685A1E012B426002D1036873
:103C70005B689847204610BD10B5074B0360036989
:103C800000220446DA600C30FFF7E9FF2046FEF719
:103C90007FFC204610BD00BF8029040010B50446FB
:103CA000FFF7EAFF2046EFF74DFF204610BD00006A
:103CB00010B5084B0360036900220446DA609A617C
:103CC0001A629A620C30FFF7CAFF2046FEF71AFB11
:103CD000204610BDAC2A040010B50446FFF7E8FFEB
:103CE0002046EFF72FFF204610BD000010B5084B0F
:103CF0000360036900220446DA609A611A629A62DC
:103D00000C30FFF7ACFF2046FEF716FB204610BD37
:103D1000782A040010B50446FFF7E8FF2046EFF7C5
:103D200011FF204610BD000010B5054B044640F8B9
:103D3000103BFFF794FF2046F1F768FA204610BDCC
:103D40004829040010B50446FFF7EEFF2046EFF7C0
:103D5000F9FE204610BD000010B5074B0360036953
:103D600000220446DA600C30FFF779FF2046FEF7A8
:103D700077FC204610BD00BFA429040010B50446FE
:103D8000FFF7EAFF2046EFF7DDFE204610BD0000FA
:103D900010B5084B0360036900220446DA601A621A
:103DA0009A621A630C30FFF75AFF2046FEF76EFB4B
:103DB000204610BD142B040010B50446FFF7E8FFA1
:103DC0002046EFF7BFFE204610BD000010B5084B9F
:103DD0000360036900220446DA601A629A621A6379
:103DE0000C30FFF73CFF2046FEF76AFB204610BD73
:103DF000E02A040010B50446FFF7E8FF2046EFF77D
:103E0000A1FE204610BD000010B5054B044640F849
:103E1000103BFFF724FF2046F7F7DCFA204610BDE1
:103E20006429040010B50446FFF7EEFF2046EFF7C3
:103E300089FE204610BD000010B5054B044640F831
:103E40000C3BFFF70CFF2046F1F7F8F9204610BDB8
:103E50001029040010B50446FFF7EEFF2046EFF7E7
:103E600071FE204610BD000010B5054B044640F819
:103E7000083BFFF7F4FE2046F1F7A0F8204610BDFE
:103E8000182A040010B50446FFF7EEFF2046EFF7AE
:103E900059FE204610BD000010B5054B044640F801
:103EA000083BFFF7DCFE2046F1F792F8204610BDF4
:103EB000482A040010B50446FFF7EEFF2046EFF74E
:103EC00041FE204610BD000010B5054B044640F8E9
:103ED0000C3BFFF7C4FE2046F7F794FA204610BDCE
:103EE0002C29040010B50446FFF7EEFF2046EFF73B
:103EF00029FE204610BD000010B5054B044640F8D1
:103F0000083BFFF7ACFE2046F7F73CF9204610BD12
:103F1000302A040010B50446FFF7EEFF2046EFF705
:103F200011FE204610BD000010B5054B044640F8B8
:103F3000083BFFF794FE2046F7F72EF9204610BD08
:103F4000602A040010B50446FFF7EEFF2046EFF7A5
:103F5000F9FD204610BD000010B5054B044640F8A1
:103F6000083BFFF77CFE2046F1F77EF8204610BDA7
:103F7000C829040010B50446FFF7EEFF2046EFF70E
:103F8000E1FD204610BD000010B5054B044640F889
:103F9000083BFFF764FE2046F7F74AF9204610BDBC
:103FA000F029040010B50446FFF7EEFF2046EFF7B6
:103FB000C9FD204610BD836910B5044603B198477A
:103FC000204610BD37B5084614460D46F1F7F8FBFC
:103FD00084F824002846F1F7F6FB0023A360636110
:103FE000E361012384F8643084F82500294601A8A0
:103FF000F1F7ECFB01A904F10800FFF7C1FBE06059
:1040000001A801F0ABF8294601A8F1F7E6FB01A9E8
:1040100004F11400FFF7B4FBA06101A801F09EF8C1
:10402000294601A8F1F7E0FB01A904F11C00FFF704
:10403000A7FB206201A801F091F803B030BD37B5AD
:10404000084614460D46F7F735FC60622846F7F738
:1040500034FC0023A3606361E361012384F824310D
:10406000A062294601A8F7F72BFC01A904F108007A
:10407000FFF786FBE06001A801F070F8294601A86F
:10408000F7F725FC01A904F11400FFF78EFBA061EE
:1040900001A801F021FC294601A8F7F71FFC01A99E
:1040A00004F11C00FFF781FB206201A801F014FC61
:1040B00003B030BD10B4084611461A46DDE901349C
:1040C00001945DF8044BF1F7E3BC10B408461146C7
:1040D0001A46DDE9013401945DF8044BF7F752BD4F
:1040E00037B5084614460D46F1F7AAFA607428461B
:1040F000F1F7A9FAA0742846F1F7C4FA0023A360E7
:104100006361E3616362012384F84330E06229461E
:1041100001A8F1F79BFA01A904F10800FFF730FBB1
:10412000E06001A801F01AF8294601A8F1F795FA14
:1041300001A904F11400FFF723FBA06101A801F01D
:104140000DF8294601A8F1F78FFA01A904F11C0026
:10415000FFF716FB206201A801F000F8294601A82C
:10416000F1F789FA01A904F12400FFF709FBA06225
:1041700001A800F0F3FF2846F1F787FA20632846EC
:10418000F1F788FA606303B030BD37B508461446CE
:104190000D46F1F713FA60742846F1F712FAA0748D
:1041A0002846F1F72DFA0023A3606361E36163629F
:1041B000012384F84330E062294601A8F1F704FAAC
:1041C00001A904F10800FFF7DBFAE06001A800F0A4
:1041D000C5FF294601A8F1F7FEF901A904F1140071
:1041E000FFF7CEFAA06101A800F0B8FF294601A8A8
:1041F000F1F7F8F901A904F11C00FFF7C1FA2062F8
:1042000001A800F0ABFF294601A8F1F7F2F901A9D6
:1042100004F12400FFF7B4FAA06201A800F09EFFA9
:104220002846F1F7F0F920632846F1F7F1F96063C9
:1042300003B030BD37B5084614460D46F7F77AFA95
:1042400060612846F7F779FAA0612846F7F794FAF3
:104250000023A360E3616362E362012384F86C30AE
:104260006063294601A8F7F76BFA01A904F1080079
:10427000FFF786FAE06001A800F070FF294601A868
:10428000F7F765FA01A904F11C00FFF78EFA206226
:1042900001A801F021FB294601A8F7F75FFA01A95F
:1042A00004F12400FFF781FAA06201A801F014FBD9
:1042B000294601A8F7F759FA01A904F12C00FFF7E4
:1042C00074FA206301A801F007FB2846F7F757FAB4
:1042D000A0632846F7F758FAE06303B030BD37B55E
:1042E000084614460D46F7F7E3F960612846F7F7EC
:1042F000E2F9A0612846F7F7FDF90023A360E36126
:104300006362E362012384F86C306063294601A88C
:10431000F7F7D4F901A904F10800FFF731FAE060DA
:1043200001A800F01BFF294601A8F7F7CEF901A963
:1043300004F11C00FFF739FA206201A801F0CCFA61
:10434000294601A8F7F7C8F901A904F12400FFF7ED
:104350002CFAA06201A801F0BFFA294601A8F7F7DC
:10436000C2F901A904F12C00FFF71FFA206301A88C
:1043700001F0B2FA2846F7F7C0F9A0632846F7F72C
:10438000C1F9E06303B030BD13B50C4601A8114676
:104390001A466B4601F096F9049A01A92046F1F7F6
:1043A00055FB044601A800F0D9FE204602B010BD1E
:1043B00013B50C4601A811461A466B4601F082F966
:1043C000049A01A92046F7F7BBFB044601A800F0B8
:1043D000C5FE204602B010BD08461146F1F745BBA8
:1043E00008461146F7F7BBBB0846F1F790BA0846F6
:1043F000F7F707BB82B0F0B587B004469DF8507060
:104400000D93742F1546139EDDE911200FA90DABF6
:104410001CD00DD8642F2AD0CDE90306029203C91F
:104420008DE8030029460CCB2046F1F7C7FA18E0C7
:10443000772F28D0CDE90306029203C98DE8030047
:1044400029460CCB2046F1F7D5FA0AE0CDE9030660
:10445000029203C98DE8030029460CCB2046F1F7F0
:1044600059FA204607B0BDE8F04002B07047CDE9E8
:104470000306029203C98DE8030029460CCB2046AF
:10448000F1F764FAEDE7CDE90306029203C98DE87E
:10449000030029460CCB2046F1F774FAE1E782B01D
:1044A000F0B587B004469DF850700D93742F1546F3
:1044B000139EDDE911200FA90DAB1CD00DD8642F80
:1044C0002AD0CDE90306029203C98DE803002946EC
:1044D0000CCB2046F7F7ECFA18E0772F28D0CDE97F
:1044E0000306029203C98DE8030029460CCB20463F
:1044F000F7F7FAFA0AE0CDE90306029203C98DE85C
:10450000030029460CCB2046F7F77EFA204607B079
:10451000BDE8F04002B07047CDE90306029203C93E
:104520008DE8030029460CCB2046F7F789FAEDE722
:10453000CDE90306029203C98DE8030029460CCB9E
:104540002046F7F799FAE1E7F8B5BD4A0C466FF057
:104550000103BC490546FCF7D7FA064610B10468CA
:104560002046F8BDB84B9C4226D16820EFF7E6FA0A
:10457000B64B03600746C0E90266C0E90566C0E9BC
:10458000076646600674868480F864601420EFF73E
:10459000D5FA324639460446F1F702F96B68E56010
:1045A00001336B60AA4B236027613A4629464FF0DE
:1045B000000004F058FCD3E7A64B9C420DD110201C
:1045C000EFF7BCFA31460446F1F752FA6B68E56042
:1045D00001336B60A04B2360C2E7A04B9C420AD121
:1045E0000C20EFF7ABFA6B6801336B60C0E9016533
:1045F0009B4B0446EFE79B4B9C420AD10C20EFF704
:104600009DFA6B6801336B60C0E90165964B044607
:10461000E1E7964B9C420AD10C20EFF78FFA6B68CA
:1046200001336B60C0E90165914B0446D3E7914BC0
:104630009C422BD14420EFF781FA8F4B0682C0E9D0
:1046400000360746C0E90266C0E90566C0E90766AC
:10465000C0E90966C0E90B668674466380F843606A
:104660001420EFF76BFA324639460446F0F7D6FFCE
:104670006B68E56001336B60804B236027613A46CD
:1046800029464FF0000004F07EFC69E77C4B9C4219
:104690002BD14420EFF752FA7A4B0682C0E900365C
:1046A0000746C0E90266C0E90566C0E90766C0E9D9
:1046B0000966C0E90B668674466380F8436014207F
:1046C000EFF73CFA324639460446F0F765FF6B686F
:1046D000E56001336B606C4B236027613A462946E5
:1046E0004FF0000004F0A5FC3AE7684B9C420CD167
:1046F0001420EFF723FA31460446F1F797F96B6877
:10470000256101336B60624B65E7624B9C4229D1A6
:104710004FF49470EFF712FA00275F4B03600646E0
:10472000C0E90277C0E90577C0E90777C0E90977F2
:104730004760077480F824711420EFF7FFF93A46B8
:1047400031460446F7F7A6F86B68E56001336B6005
:10475000524B23602661324629464FF0000004F098
:10476000C0FBFDE64E4B9C420CD11020EFF7E6F962
:1047700000210446F7F7F6F96B68E56001336B60DA
:10478000484B28E7484B9C420BD10C20EFF7D6F959
:104790000023C0E901356B6801336B600446434B6D
:1047A00019E7434B9C420BD10C20EFF7C7F90023CC
:1047B000C0E901356B6801336B6004463D4B0AE785
:1047C0003D4B9C420BD10C20EFF7B8F90023C0E918
:1047D00001356B6801336B600446384BFBE6384BA0
:1047E0009C4273D17020EFF7A9F90027354B036085
:1047F0000646C0E90277C0E90577C0E90777C0E956
:104800000977C0E90B77C0E90D7747600774C76384
:1048100080F86C701420EFF791F93A46314604465F
:10482000F6F776FF6B68E56001336B60264B23601B
:104830002661324629464FF0000004F050FC8FE616
:104840009423040024190400A0350020380B040030
:104850008029040084350020102904008C350020B4
:10486000C8290400A8350020182A0400A435002017
:10487000482A0400AC350020280B0400AC2A0400B0
:10488000B0350020180B0400782A04008835002079
:10489000482904000036002030130400A429040035
:1048A000E43500202C290400EC350020F029040018
:1048B00008360020302A040004360020602A040054
:1048C0000C36002020130400142B0400214B9C42C2
:1048D0002DD17020EFF732F900271F4B03600646F9
:1048E000C0E90277C0E90577C0E90777C0E9097731
:1048F000C0E90B77C0E90D7747600774C76380F89C
:104900006C701420EFF71AF93A4631460446F6F770
:10491000BDFE6B68E56001336B60104B2360266160
:10492000324629464FF0000004F02FFC18E60C4BED
:104930009C420CD11420EFF701F900210446F7F74F
:10494000EFF86B68256101336B60064B43E6064860
:10495000F0F724F81036002010130400E02A0400B9
:10496000E835002064290400302304008B6913B566
:10497000044613B90548F0F711F8D1E9001201AB6C
:1049800000F0A0FE204602B010BD00BF5D23040071
:1049900010B58AB00446009300201346C9680990F8
:1049A00003AA05F005F803A92046FFF7DFFF03A8D7
:1049B000FFF701FB20460AB010BD30B58DB00446AC
:1049C00000200B901198006850F80C5CCDE90205AE
:1049D0001098CDE900301346096905AA4FF0000090
:1049E00005F072F805A92046FFF7C0FF05A8FFF7FC
:1049F000E2FA20460DB030BD82B02DE9F04786B016
:104A0000044614999DF84480DDF848909DF84CA028
:104A10000F9315460FAEB1B105AF3846FFF7A6FFAD
:104A2000CDE902A7CDE90089204696E80C00294689
:104A3000F0F789FE384600F091FB204606B0BDE84D
:104A4000F04702B07047CDE9019ACDF8008096E8B2
:104A50000C002946F0F761FEEFE7F0B597B00AAC1D
:104A600084E80C000FAE0023CDE9063615930D93B4
:104A70000DAB05931F9B04939DF8783003931CAAFC
:104A80008C46054692E8030001AB83E803000B9BCC
:104A9000009308AF0A9BDCF808204FF0000138466D
:104AA00004F097FF97E803000D9B84E80300A3B987
:104AB00031460EA8FFF75AFF21980EA900F0BAFA66
:104AC0000EA800F04BFB94E8030085E80300304695
:104AD000FFF771FA284617B0F0BD209A1360F2E78D
:104AE00038B5836904460D4603B1984729462046E8
:104AF00000F094FD2B6853F80C3C6360014BA361FC
:104B0000204638BD7937020070B590B009AD0E4629
:104B100006A981E80C0004461799002328460F9344
:104B2000FFF7DEFF9DF858300393159B02939DF825
:104B300050300193079BB26800939FED070B069BD3
:104B400004954FF00001204604F078FE2846FFF758
:104B500032FA204610B070BD0000000000000000D6
:104B600013B5144601A81A46049BF0F798FF01A953
:104B70002046FFF7B5FF01A800F0F0FA02B010BD23
:104B8000F0B587B004AC0E4615461F46DDE90E129F
:104B900003AB204600F096FD0D9B00933A460C9B1C
:104BA0000194314605A8F0F754FF05A92846FFF700
:104BB00097FF05A800F0D2FA204600F0CFFA07B020
:104BC000F0BD000082B02DE9F0438BB005461A9885
:104BD00013931646DDE918189DF85C2015AB13AC4D
:104BE00098B1CDE90480CDE9022193E803008DE876
:104BF0000300314694E80C002846F0F750FD2846A3
:104C00000BB0BDE8F04302B0704709AFCDE90487AF
:104C1000CDE902211048099093E803008DE80300D4
:104C20000DF1180994E80C0031464846F0F756FD9E
:104C300099E80300D8F8003084E803001BB91B98FA
:104C40003946FFF74DFF94E8030085E80300384636
:104C500000F084FAD3E700BFEC4A00208B6913B55B
:104C6000044613B90548EFF799FED1E9001201ABEC
:104C700001F0BFF8204602B010BD00BF5D23040064
:104C800010B58AB00446009300201346C968099005
:104C900003AA05F009F803A92046FFF7DFFF03A8E0
:104CA000FFF789F920460AB010BD30B58DB0044633
:104CB00000200B901198006850F80C5CCDE90205BB
:104CC0001098CDE900301346096905AA4FF000009D
:104CD00005F076F805A92046FFF7C0FF05A8FFF705
:104CE0006AF920460DB030BD82B02DE9F04786B09C
:104CF000DDE9129A14999DF844800F9304461546F5
:104D00000FAEB1B105AF3846FFF7A8FFCDE902A756
:104D1000CDE90089204696E80C002946F6F78CFD7F
:104D2000384600F0D9FD204606B0BDE8F04702B095
:104D30007047CDE9019ACDF8008096E80C0029462D
:104D4000F6F765FDEFE7F0B597B00AAC84E80C0024
:104D50000FAE0023CDE9063615930D930DAB0593E9
:104D60001F9B04939DF8783003931CAA8C4605463C
:104D700092E8030001AB83E803000B9B009308AFAC
:104D80000A9BDCF808204FF00001384604F09DFF34
:104D900097E803000D9B84E80300A3B931460EA8F1
:104DA000FFF75CFF21980EA900F012FD0EA800F09D
:104DB00093FD94E8030085E803003046FFF7FBF815
:104DC000284617B0F0BD209A1360F2E738B5836922
:104DD00004460D4603B198472946204600F0B4FF2B
:104DE0002B6853F80C3C6360014BA361204638BD2F
:104DF0007D3702000000000070B590B009AD0E468E
:104E000006A981E80C0004461799002328460F9351
:104E1000FFF7DCFF169B0393159B02939DF8503020
:104E20000193079BB26800939FED070B069B0495C7
:104E30004FF00001204604F07FFE2846FFF7BBF844
:104E4000204610B070BD00BF000000000000000050
:104E500013B5144601A81A46049BF6F79AFE01A959
:104E60002046FFF7B3FF01A800F036FD02B010BDE9
:104E7000F0B587B004AC0E4615461F46DDE90E12AC
:104E800003AB204600F0B5FF0D9B00933A460C9B08
:104E90000194314605A8F6F756FE05A92846FFF706
:104EA00095FF05A800F018FD204600F015FD07B09D
:104EB000F0BD000082B02DE9F0438BB005461A9892
:104EC00013931646DDE918189DF85C2015AB13AC5A
:104ED00098B1CDE90480CDE9022193E803008DE883
:104EE0000300314694E80C002846F6F752FC2846A9
:104EF0000BB0BDE8F04302B0704709AFCDE90487BD
:104F0000CDE902211048099093E803008DE80300E1
:104F10000DF1180994E80C0031464846F6F758FCA4
:104F200099E80300D8F8003084E803001BB91B9807
:104F30003946FFF74BFF94E8030085E80300384645
:104F400000F0CAFCD3E700BFFC4A002008B50346C6
:104F500008461B6853F80C3C8342114603D20246B4
:104F60000148EFF721FD08BD402B0400006801F166
:104F7000804150F80C0C0439091A914208B502D24C
:104F80001846EFF70EFD08BD0068884207D850F8B4
:104F90000C3C1844814294BF00200120704701203E
:104FA0007047012A30B403D10B78037030BC7047CE
:104FB000002AFBD030BC0BF0C1BB012A30B403D1B6
:104FC0000B78037030BC7047002AFBD030BC0BF06C
:104FD000C3BB0B46012B10B41146044603D122700B
:104FE0005DF8044B7047002BFAD05DF8044B1A466D
:104FF0000BF0CCBB08B5521AFFF7D3FF08BD000079
:10500000F8B5044617460E46094A19461D46FFF7ED
:105010009DFF216851F80C0C441BBC4228BF3C4644
:1050200024B1224629443046FFF7BBFF2046F8BD95
:10503000772B0400036853F8042C002AB8BF002221
:1050400010B5B8BF43F8042C0A6852F8044C002C81
:10505000BCBF002442F8044C02600B6010BD10B5C8
:10506000036853F80C0C824204D29C5C8C4203D13E
:105070000132F8E74FF0FF32104610BD044B984262
:1050800004D001600144002383600B73704700BFAC
:10509000E04A0020154B984210B5044602D9144846
:1050A000EFF77FFC884203D94B00984238BF1C467B
:1050B00004F11D03B3F5805F04F10D000CD98C429F
:1050C0000AD90A4804F58054C3F30B03E41A844256
:1050D00028BF044604F10D00002801DAEFF758FC60
:1050E000EEF72CFD00224460826010BDFCFFFF3F04
:1050F0008A2B0400F8B50F46044680B10021FFF763
:10510000C9FF00F10C060546214630463A46FFF736
:1051100060FF21462846FFF7B1FF3046F8BD014E3B
:10512000FBE700BFEC4A002010B5044608461146D4
:105130001A46FFF7DFFF2060204610BDEEF702BDE4
:10514000054A904210B506D08268541E002A846039
:1051500001DCFFF7F3FF10BDE04A002013B5044661
:10516000006801A90C38FFF7EBFF204602B010BD24
:10517000036813B50446A3F10C0053F8043C002B5C
:1051800006DD01A9FFF7DCFF034B236002B010BD71
:105190000021FFF773FFF9E7EC4A00202DE9F74FF4
:1051A0000546006850F80C7C02EB01090C46A3EBA5
:1051B000020850F8081CB84488451E46A7EB0907AA
:1051C00003D850F8043C002B1EDD01AA4046FFF72F
:1051D00061FF824600F10C0B24B129682246584633
:1051E000FFF7DFFE47B1296804F10C0030443A466E
:1051F00049445044FFF7D5FE286801A90C38FFF751
:105200009FFFC5F800B000E03FB9286841460C3860
:10521000FFF734FF03B0BDE8F08F9642F5D0344479
:1052200000EB09013A462044FFF7C7FEEDE7000016
:1052300003680A4A934210B504460DD053F8043C63
:10524000002B04DD00231A461946FFF7A7FF236849
:105250004FF0FF3243F8042C10BD00BFEC4A002091
:1052600008B5036853F8043C002B01DBFFF7E0FFAF
:1052700008BD10B50446FFF7F3FF206810BD00001D
:1052800070B504461546094A0E46FFF75FFE2368CF
:1052900053F80C2C921BAA4201464FF00003204603
:1052A00028BF2A46FFF77AFF204670BDA22B0400D4
:1052B000F8B51C4617460B4B05460E4622463946A6
:1052C000FFF754FE23463A4631462846FFF766FF6D
:1052D00034B128689DF8182021463044FFF779FE44
:1052E0002846F8BDB62B040013B5046800920B469F
:1052F00054F80C2C0021FFF7DBFF02B010BD0000BA
:1053000073B51546064A1E460446FFF71FFE009673
:1053100001462B4600222046FFF7CAFF02B070BDAF
:10532000D32B040037B50468009205460C1B0123FB
:1053300000222146FFF7BCFF28684FF0FF3340F8FA
:10534000043C204403B030BDF8B5069F1E463B46E2
:1053500004460D46FFF722FF2FB120683A4631463A
:105360002844FFF71EFE2046F8BD00002DE9F3415A
:1053700007681A4B57F80C8C04460E4641461546F2
:10538000FFF7F4FD31462046FFF7FEFD18B957F848
:10539000043C002B0BDD204600953346424600219D
:1053A000FFF7D2FF0446204602B0BDE8F081F31BB0
:1053B0009D420AD82A4631463846FFF7F2FD20685A
:1053C00029460C38FFF75AFEEDE7002BF7D02A46A6
:1053D00031463846FFF7F1FDF1E700BFE82B040046
:1053E000034B98421EBF8368013383600C307047C3
:1053F000E04A002070B50446104623680A46184467
:105400006168FFF747FE2268054600F10C0622B1ED
:1054100004F10C013046FFF7C4FD28462168FFF770
:105420002DFE304670BD37B50446006850F8082C94
:10543000914203D150F8042C002A11DD50F80C2DB4
:1054400091422CBFC2EB0102C2EB020201A9FFF79D
:10545000D1FF0546206801A90C38FFF771FE2560D1
:1054600003B030BDF8B50B6853F80C7C04460E460B
:10547000E7B1036853F80C5C53F8082C3D4495429F
:1054800003D853F8043C002B03DD29462046FFF7E0
:10549000CAFF2368316853F80C0C3A461844FFF7EA
:1054A00080FD206829460C38FFF7E8FD2046F8BD4E
:1054B00008B5FFF7D7FF08BD2DE9F04104460D46BA
:1054C00090462AB3184B0021FFF750FD276857F884
:1054D0000C6C57F8083C46449E4203D857F8043CED
:1054E000002B08DD29462046FFF74EFD98B13146D6
:1054F0002046FFF798FF236853F80C0C2946184400
:105500004246FFF74EFD206831460C38FFF7B6FDE6
:105510002046BDE8F08131462046FFF784FF216830
:10552000ED1B0D44E7E700BFFD2B0400F8B5044672
:1055300017460D4609B30A46114B0021FFF716FD29
:10554000236853F80C6C53F8082C2E44964203D869
:1055500053F8043C002B03DD31462046FFF763FF80
:10556000236853F80C0C294618443A46FFF731FDDE
:10557000206831460C38FFF781FD2046F8BD00BF9A
:10558000FD2B0400F8B5036853F80C6C0B4B0C466C
:1055900017460A4631460546FFF7E8FCA64205D203
:1055A0003A46A11B2846FFF7C1FFF8BDFDD94FF0D1
:1055B000FF3221462846FFF763FEF6E7122C04006F
:1055C00008B50022FFF7DEFF08BD37B5026852F8C4
:1055D0000C3C0D46591C52F8083C9942044603D82D
:1055E00052F8043C002B04DD20460191FFF71BFF1D
:1055F0000199236853F80C2C9D5420680C38FFF750
:105600003DFD03B030BD08B58368002B02DBFFF71A
:10561000E7FE08BD0022FFF7EDFEFAE713B50446EA
:10562000086801AA69460C38FFF7EDFF20602046A4
:1056300002B010BD88422DE9F04104460D4618D055
:10564000A0B1A1EB000840460021FFF723FD00F1C7
:105650000C070646214638462A46FFF7CBFC414652
:105660003046FFF70BFD3846BDE8F0810248EFF702
:1056700095F9024FF7E700BF272C0400EC4A002001
:1056800037B505460C4671B1084601920DF0B6F8E3
:10569000019A21184FF000032046FFF7CBFF286046
:1056A000284603B030BD4FF0FF31F3E710B5044694
:1056B000084611461A464FF00003FFF7BBFF206073
:1056C000204610BD10B504460846114601441A464E
:1056D0004FF00003FFF7AEFF2060204610BD000032
:1056E00008B5034608461B6853F80C3C8342114634
:1056F00003D202460148EFF757F908BD402B0400DA
:10570000006801F1805150F80C0C0239091A9142DD
:1057100008B502D21846EFF744F908BD0068884280
:1057200008D850F80C3C00EB8300814294BF002065
:105730000120704701207047012A30B403D10B6863
:10574000036030BC7047002AFBD030BC0FF0C1BAF8
:10575000012A30B403D10B68036030BC7047002AC3
:10576000FBD030BC0FF0B8BA0B46012B10B4114679
:10577000044603D122605DF8044B7047002BFAD039
:105780005DF8044B1A460FF0AABA08B5521A9210E7
:10579000FFF7D2FF08BD0000F8B5044617460E46D5
:1057A0000A4A19461D46FFF79BFF216851F80C0C69
:1057B000441BBC4228BF3C462CB1224601EB85016C
:1057C0003046FFF7B9FF2046F8BD00BF772B040035
:1057D000036853F8042C002AB8BF002210B5B8BFE4
:1057E00043F8042C0A6852F8044C002CBCBF002477
:1057F00042F8044C02600B6010BD0000044B98425C
:1058000005D0016000EB810100238360CB6070470D
:10581000F04A00206FF07043984210B5044602D35E
:105820001148EFF7BEF8884203D94B00984238BFC1
:105830001C46201D800000F11003B3F5805F0DD9D8
:105840008C420BD9C3F30B030848C3F5805304EB18
:105850009304844228BF0446201D8000EEF76EF9B1
:1058600000224460826010BD8A2B0400FEFFFF0FFF
:10587000F8B50F46044680B10021FFF7CBFF00F1D9
:105880000C060546214630463A46FFF76DFF214695
:105890002846FFF7B3FF3046F8BD014EFBE700BFD7
:1058A000FC4A002010B50446084611461A46FFF788
:1058B000DFFF2060204610BDEEF744B9054A904254
:1058C00010B506D08268541E002A846001DCFFF700
:1058D000F3FF10BDF04A002013B50446006801A98B
:1058E0000C38FFF7EBFF204602B010BD2DE9F74F53
:1058F0000546006850F80C6C02EB010A0F46A3EB5A
:10590000020950F8081CB14489451C46A6EB0A065A
:1059100003D850F8043C002B1FDD01AA4846FFF7CE
:1059200079FF804600F10C0B27B129683A465846AA
:10593000FFF702FF4EB129683C4408EB8400324671
:1059400001EB8A010C30FFF7F7FE286801A90C383B
:10595000FFF7B4FFC5F800B000E03EB9286849463B
:105960000C38FFF74BFF03B0BDE8F08F9442F5D041
:105970003C4400EB8A01324600EB8400FFF7E8FE6E
:10598000ECE7000003680A4A934210B504460DD0C4
:1059900053F8043C002B04DD00231A461946FFF798
:1059A000A5FF23684FF0FF3243F8042C10BD00BF61
:1059B000FC4A002008B5036853F8043C002B01DBC7
:1059C000FFF7E0FF08BD000070B504461546094A20
:1059D0000E46FFF785FE236853F80C2C921BAA4253
:1059E00001464FF00003204628BF2A46FFF77EFFFE
:1059F000204670BDA22B0400F8B51C4617460B4B81
:105A000005460E4622463946FFF77AFE23463A46B9
:105A100031462846FFF76AFF34B12868069A2146C6
:105A200000EB8600FFF7A0FE2846F8BDB62B040069
:105A300013B5046800920B4654F80C2C0021FFF7B4
:105A4000DBFF02B010BD000073B51546064A1E46C6
:105A50000446FFF745FE009601462B4600222046ED
:105A6000FFF7CAFF02B070BDD32B0400F8B5069F44
:105A70001E463B4604460D46FFF738FF37B1206807
:105A80003A46314600EB8500FFF756FE2046F8BD4A
:105A90002DE9F34107681B4B57F80C8C04460E4662
:105AA00041461546FFF72CFE31462046FFF736FEED
:105AB00018B957F8043C002B0BDD204600953346FF
:105AC00042460021FFF7D2FF0446204602B0BDE85F
:105AD000F081F31BB5EBA30F4FEAA3020AD82A46C5
:105AE00031463846FFF728FE206829460C38FFF774
:105AF00085FEEAE7002AF7D02A4631463846FFF706
:105B000027FEF1E7E82B0400034B98421EBF836891
:105B1000013383600C307047F04A002070B50446B2
:105B2000104623680A4618446168FFF773FE22682E
:105B3000054600F10C0622B104F10C013046FFF7D6
:105B4000FBFD28462168FFF759FE304670BD37B58A
:105B50000446006850F8082C914203D150F8042CF8
:105B6000002A11DD50F80C2D91422CBFC2EB01022E
:105B7000C2EB020201A9FFF7D1FF0546206801A987
:105B80000C38FFF79BFE256003B030BDF8B50B68FD
:105B900053F80C7C04460E46EFB1036853F80C5CD6
:105BA00053F8082C3D44954203D853F8043C002B8D
:105BB00003DD29462046FFF7CAFF2368316853F802
:105BC0000C0C3A4603EB8000FFF7B6FD206829462F
:105BD0000C38FFF713FE2046F8BD08B5FFF7D6FFD7
:105BE00008BD00002DE9F04104460D46904632B351
:105BF000184B0021FFF784FD276857F80C6C57F805
:105C0000083C46449E4203D857F8043C002B08DD6C
:105C100029462046FFF782FDA0B131462046FFF716
:105C200096FF236853F80C0C294603EB800042468C
:105C3000FFF782FD206831460C38FFF7DFFD204674
:105C4000BDE8F08131462046FFF781FF2168ED1B5A
:105C50000D44E6E7FD2B0400F8B5044617460D4653
:105C600011B30A46114B0021FFF74AFD236853F890
:105C70000C6C53F8082C2E44964203D853F8043C7D
:105C8000002B03DD31462046FFF761FF236853F800
:105C90000C0C294603EB80003A46FFF765FD2068AF
:105CA00031460C38FFF7AAFD2046F8BDFD2B040055
:105CB000F8B5036853F80C6C0B4B0C4617460A46B4
:105CC00031460546FFF71CFDA64205D23A46A11B08
:105CD0002846FFF7C1FFF8BDFDD94FF0FF3221463E
:105CE0002846FFF771FEF6E7122C040008B50022E3
:105CF000FFF7DEFF08BD37B5026852F80C3C0D46D1
:105D0000591C52F8083C9942044603D852F8043C06
:105D1000002B04DD20460191FFF719FF019920684F
:105D200050F80C3C40F823500C38FFF767FD03B0E7
:105D300030BD08B58368002B02DBFFF7E5FE08BD28
:105D40000022FFF7EBFEFAE713B50446086801AA44
:105D500069460C38FFF7EDFF2060204602B010BD09
:105D600088422DE9F04104460D4618D0A0B10F1A23
:105D7000BF1000213846FFF74DFD00F10C08064624
:105D8000214640462A46FFF700FD39463046FFF7D8
:105D900035FD4046BDE8F0810248EEF7FFFDDFF833
:105DA0000880F6E7272C0400FC4A002037B505469A
:105DB0000C4679B1084601920EF00EFE019A04EBF2
:105DC00080014FF000032046FFF7CAFF28602846F5
:105DD00003B030BD6FF00301F3E710B50446084689
:105DE00011461A464FF00003FFF7BAFF2060204625
:105DF00010BD10B504460846114600EB81011A4655
:105E00004FF00003FFF7ACFF2060204610BD0846AE
:105E1000704708467047000010B5084B044640F82C
:105E2000083BFBF7AFFA237B1BB1A06908B1EDF784
:105E30008BFE2046FBF713FC204610BDA02C04006F
:105E400010B50446FFF7E8FF2046EDF77BFE20463D
:105E500010BD8A4210B5144603D00298521A0AF0B7
:105E60006DFC204610BD8A4238B51846144602D053
:105E7000521A0AF063FC204638BD000010B5064BEC
:105E8000044640F8083BFBF77DFA044B23602046AC
:105E9000FBF7E5FB204610BDD02C040004110400E4
:105EA00010B50446FFF7EAFF2046EDF74BFE20460B
:105EB00010BD2DE9F041C0B06B46044600251F46D9
:105EC00003F8015B0135B5F5807FF9D1264640AA7C
:105ED00056F81D3B3946D3F81C8020463346C04750
:105EE000012323772A46314638460AF019FC08B1C7
:105EF0000223237740B0BDE8F0810000003918BFCD
:105F00000121074B10B5416003600446FBF7C8FB55
:105F10000023A0602373204600F08AF9204610BDBC
:105F2000D02C040038B5003B18BF01234360104B50
:105F30000360104B00294FF00005044604BF2A46B9
:105F40001946C0E90455027381614FF480722946F5
:105F50001D300AF01BFC25774FF48072294604F2AD
:105F60001D100AF013FC84F81D52204638BD00BFF6
:105F7000A02C0400DD3C040083695B5C9B0744BFEC
:105F80002039C9B20846704770B506460C4615461A
:105F9000AC4207D2336821789B683046984704F8B2
:105FA000010BF5E7284670BD83695B5CDB0744BFE6
:105FB0002031C9B20846704770B506460C461546F2
:105FC000AC4207D2336821781B693046984704F801
:105FD000010BF5E7284670BD172911D8B1B14B1E4A
:105FE000162B13D8DFE803F01C1E202212122617EE
:105FF000121212121212122412121212121228006B
:10600000442906D097291CD0202907D011F0440F2D
:1060100014D00D4800E00D480EF044BE0C48FBE7DC
:106020000C48F9E70C48F7E70C48F5E70C48F3E7AC
:106030000C48F1E70C48EFE70C48EDE711F097004A
:1060400001D00B48E8E770472C2D0400773F04008F
:106050000E2D0400142D04001A2D0400202D040020
:106060002D2D0400262D0400332D0400392D0400AD
:10607000082D040008460DF0C1BB38B50C46154686
:10608000AC4205D220680DF0B9FB44F8040BF7E7E9
:10609000284638BD08460DF0A5BB38B50C46154658
:1060A000AC4205D220680DF09DFB44F8040BF7E7E5
:1060B000284638BD2DE9F04100F5926500F593685A
:1060C000A0EB80000F461646A0F6A45415F8013B3D
:1060D0003B4203D14545F9D1002007E054F8251093
:1060E00030460AF047F90028F4D00120BDE8F081DD
:1060F0002DE9F84F05460C4616461F4600F5986BED
:10610000B44217D205F5946905F5926A4FF000087C
:1061100059F8041B20680AF02DF918B19AF80030DC
:1061200048EA0308D9450AF1010AF1D107F8018BC1
:106130000434E5E73046BDE8F88F2DE9F041054627
:1061400088461E461446B442274608D22B683A6851
:106150009B6841462846043498470028F3D03846C7
:10616000BDE8F0812DE9F041054688461E461446FB
:10617000B442274608D22B683A689B6841462846B5
:10618000043498470028F3D13846BDE8F081243123
:1061900050F82100704710B58A420C4607D9247880
:1061A0002434013150F8244043F8044BF4E71046FE
:1061B00010BD7F2910B503461446084605D81A7B42
:1061C0001AB159184C7B204610BD0EF09BFC431CA5
:1061D00018BFC4B2F7E72DE9F0411D46037B069EC8
:1061E00080460C46174693B1A7421ED954F8040BBB
:1061F0007F2804D84044437B33700136F4E70EF027
:1062000081FC421C14BFC1B229463170F5E7A74298
:1062100023460AD918680EF075FC431C14BFC0B29F
:10622000284606F8010B0434F1E73846BDE8F08152
:106230002DE9F041044600F10D06002528460EF038
:1062400061FC431C28D00135802D06F8010BF5D1E7
:106250000123237304F190060025284609F0A2FBD0
:106260000135B5F5807F46F8040BF6D104F5926749
:1062700004F5946600254FF0010808FA05F1C9B24B
:1062800007F8011B2046FFF7A7FE0135082D46F849
:10629000040BF2D1BDE8F0810023DAE708B509F07C
:1062A00053FB8368587C70478368987C7047836889
:1062B000D86A704783681B6B0020DAB262F307006C
:1062C000C3F3072262F30F20C3F3074262F31740C0
:1062D0001B0E82B063F31F6002B0704783685B6B74
:1062E0000020DAB262F30700C3F3072262F30F2043
:1062F000C3F3074262F317401B0E82B063F31F60C3
:1063000002B070478368587C70478368987C7047F8
:106310008368D86A704783681B6B0020DAB262F327
:106320000700C3F3072262F30F20C3F3074262F3AF
:1063300017401B0E82B063F31F6002B07047836882
:106340005B6B0020DAB262F30700C3F3072262F34B
:106350000F20C3F3074262F317401B0E82B063F3B2
:106360001F6002B07047836893F824007047836809
:1063700093F8250070470020704700207047704751
:106380000020914204D211F8013B03EB7060F8E762
:106390007047000010B5034B03600446FBF75FF93C
:1063A000204610BD0C2E040010B50446FFF7F2FF86
:1063B0002046EDF7C7FB204610BD000010B5034B8B
:1063C00003600446FBF74BF9204610BD242E040061
:1063D00010B50446FFF7F2FF2046EDF7B3FB204669
:1063E00010BD000010B5034B03600446FBF737F9FE
:1063F000204610BD3C2E040010B50446FFF7F2FF06
:106400002046EDF79FFB204610BD000010B5054B60
:10641000044640F8083BFAF7B5FF2046FBF71FF9A2
:10642000204610BDF02D040010B50446FFF7EEFF26
:106430002046EDF787FB204610BD000010B5054B48
:10644000044640F8083BFAF79DFF2046FBF707F9A2
:10645000204610BD482D040010B50446FFF7EEFF9E
:106460002046EDF76FFB204610BD2DE9F0431C469A
:1064700000F1080387B003600023154643600372F0
:1064800002AB2246009306464FF00003684688465A
:10649000294606F01DFA621BDDE900735400204610
:1064A00007EB0309EDF74CFB054623463A46294620
:1064B000404606F04BFE84420DD8441C2846EDF7BA
:1064C00043FB2046EDF73CFB2346054601463A4692
:1064D000404606F03BFE02462946304606F01CF9CF
:1064E00038460CF08BF93844814505D0471C002113
:1064F000304605F098FFD8E72846EDF725FB6846BB
:1065000005F06EFE304607B0BDE8F08338B500F107
:106510000803044603600D4659B108460CF06EF9B5
:106520002A1820464FF00003294606F0D1F92046EC
:1065300038BD4FF0FF32F4E710B58B680446996818
:10654000FFF7E4FF204610BD10B58B68044659697B
:10655000FFF7DCFF204610BD10B58B680446D969F3
:10656000FFF7D4FF204610BD10B58B680446596A6A
:10657000FFF7CCFF204610BD10B58B680446996824
:10658000FFF7C4FF204610BD10B58B68044659695B
:10659000FFF7BCFF204610BD10B58B680446D969D3
:1065A000FFF7B4FF204610BD10B58B680446596A4A
:1065B000FFF7ACFF204610BD10B58B680446996804
:1065C000FFF7A4FF204610BD10B58B68044659693B
:1065D000FFF79CFF204610BD10B58B680446D969B3
:1065E000FFF794FF204610BD2DE9F0438DB01C4607
:1065F00002AB009380464FF00003684606F068F94E
:1066000008AB0693149A4FF00003214606A806F043
:106610005FF9DDE90097DDE906564F442E442A462E
:106620004946404606F087FD044670B948460CF0DE
:10663000E5F8814428460CF0E1F84F4505EB0004ED
:106640000DD1341B18BF4FF0FF3406A805F0C8FD6C
:10665000684605F0C5FD20460DB0BDE8F083A642B2
:1066600003D009F10109651CD9E70124EDE7000019
:1066700010B5003A18BF0122054B426000220446C3
:1066800003608160114606F0CDFD204610BD00BFBD
:10669000BC2D040003689B6818470368DB68184733
:1066A00010B50B6804461B699847204610BD10B50D
:1066B0000B6804465B699847204610BD10B50B680F
:1066C00004469B699847204610BD10B50B680446E8
:1066D000DB699847204610BD03681B6A18470368AA
:1066E0005B6A82B002B0184703689B6A82B002B04E
:1066F0001847000010B5003A18BF0122054B426050
:106700000022044603608160114606F047FD2046E2
:1067100010BD00BF882D040003689B6818470368FC
:10672000DB68184710B50B6804461B69984720467C
:1067300010BD10B50B6804465B699847204610BD34
:1067400010B50B6804469B699847204610BD10B5EC
:106750000B680446DB699847204610BD03681B6A36
:10676000184703685B6A82B002B0184703689B6AE7
:1067700082B002B01847F0B589B006AE86E80C00CA
:10678000139A0B680592129A0492119A03929DF83B
:10679000402002920EAA04460D4692E803008DE8BE
:1067A000030020469F68294696E80C00B84720461B
:1067B00009B0F0BDF0B589B006AE86E80C00139ABA
:1067C0000B680592129A0492119A03929DF8402048
:1067D00002920EAA04460D4692E803008DE80300DB
:1067E0002046DF68294696E80C00B847204609B0E5
:1067F000F0BD70B586B004AC84E80C009DF8302084
:1068000002920B9A01920B689DF8282000929E68D4
:1068100094E80C000546B047284606B070BD70B538
:1068200086B004AC84E80C000D9A03929DF83020E9
:1068300002920B9A01920B689DF828200092DE6864
:1068400094E80C000546B047284606B070BD00002D
:1068500010B5003A054B036018BF012204464260A0
:106860008160002106F01AFE204610BD642D040050
:1068700003689B6818470368DB68184710B50B6806
:1068800004461B699847204610BD10B50B680446A6
:106890005B699847204610BD10B50B6804469B699C
:1068A0009847204610BD03689B681847F0B589B02B
:1068B00006AE86E80C00129A0B680492119A0392B5
:1068C000109A02920EAA04460D4692E803008DE843
:1068D00003002046DF68294696E80C00B8472046AA
:1068E00009B0F0BDF0B589B006AE86E80C00129A8A
:1068F0000B680492119A0392109A02920EAA04460F
:106900000D4692E803008DE8030020461F692946E2
:1069100096E80C00B847204609B0F0BDF0B589B044
:1069200006AE86E80C00129A0B680492119A039244
:10693000109A02920EAA04460D4692E803008DE8D2
:10694000030020465F69294696E80C00B8472046B8
:1069500009B0F0BDF0B589B006AE86E80C00129A19
:106960000B680492119A0392109A02920EAA04469E
:106970000D4692E803008DE8030020469F692946F2
:1069800096E80C00B847204609B0F0BDF0B589B0D4
:1069900006AE86E80C00129A0B680492119A0392D4
:1069A000109A02920EAA04460D4692E803008DE862
:1069B00003002046DF69294696E80C00B8472046C8
:1069C00009B0F0BD003910B5054B036018BF0121B7
:1069D00041600446FAF764FEA060204610BD00BF87
:1069E000F02D040003689B68184773B5079E019655
:1069F0000D68069E0096ED680446A847204602B042
:106A000070BD03681B691847003910B5054B03605A
:106A100018BF012141600446FAF742FEA0602046FB
:106A200010BD00BF482D040010B40468A468A4463B
:106A30005DF8044B604738B50D680446ED68A8471B
:106A4000204638BD2DE9F04F99B006A9DDF88880C1
:106A5000059081E80C0008F16C010846249F039121
:106A60009DF88C90EFF722F80399064608A8EFF7F7
:106A700053FC3D6890F838302A789A4204467A6888
:106A80007AD0036B0993D0F820A0C36903932A44FA
:106A90002B469A421F4606D93878B169095C4907E6
:106AA00003F10103F5D47F1B00F0B6800EAB4FF06D
:106AB000000B79000CA80C93CDF834B08DF838B0E9
:106AC00005F07FFCE36AFE1A5E451ADD5B45B8BF40
:106AD0003E46E368002B59D05A4671000CA805F0D9
:106AE0003DFDAB19A17C0C98CDE90053D4E90223FC
:106AF000EFF7A0FA0C994FF0FF32411A0CA805F0FD
:106B0000B1FCE36A002B0ADD617C0CA805F08BFC6C
:106B1000002E41DBE26AA9190CA805F0FDFDD8F8AA
:106B20000C5005F0B003049315F400750D9B18BFCD
:106B3000A5690AEB0302154414AB0026690012A8EC
:106B4000129313968DF8506005F03BFC049BD8F827
:106B50000870102B03D1BD422CBF002601264FF038
:106B6000000B7D1B09AB13F80B30042B26D8DFE894
:106B700003F0766D1C5F6800436B0993436AD0F89D
:106B800028A00393002A82D0013580E732462946A7
:106B90000CA805F08BFDB4E794F8392071420CA8DD
:106BA00005F0BEFC3A462946B6E7D8F80C309B05FE
:106BB00004D5D4E9051212A805F0AEFD0BF1010BC6
:106BC000BBF1040FCED1BAF1010F06D903990AF136
:106BD000FF32013112A805F09FFD13998F4248D969
:106BE000049B202BA7EB01013CD14A4612A805F0DB
:106BF00097FC0AACDDE90612129B00972046EFF7DE
:106C0000DDFB94E80300069012A88DF81C1005F037
:106C1000E7FA0CA805F0E4FADDE906010023C8F85C
:106C20000830059B83E80300184619B0BDE8F08FD3
:106C3000BAF1000FC2D0039B197812A805F0F3FB3C
:106C4000BCE70CA912A805F063FDB7E72EB14A46D0
:106C5000294612A805F064FCB0E74946EDE7002E8E
:106C6000ACD0F4E70A464B46002112A805F080FCA0
:106C7000BFE70F46BDE72DE9F04F99B006A9DDF853
:106C80008880059081E80C0008F16C010846249F7B
:106C900003919DF88C90EEF709FF0399064608A82A
:106CA000EFF768FB3D6890F838302A789A4204463E
:106CB0007A687AD0036B0993D0F820A0C369039354
:106CC0002A442B469A421F4606D93878B169095C96
:106CD000490703F10103F5D47F1B00F0B6800EAB2A
:106CE0004FF0000B79000CA80C93CDF834B08DF860
:106CF00038B005F066FBE36AFE1A5E451ADD5B45B7
:106D0000B8BF3E46E368002B59D05A4671000CA824
:106D100005F024FCAB19A17C0C98CDE90053D4E913
:106D20000223EFF787F90C994FF0FF32411A0CA8B4
:106D300005F098FBE36A002B0ADD617C0CA805F0E6
:106D400072FB002E41DBE26AA9190CA805F0E4FCF5
:106D5000D8F80C5005F0B003049315F400750D9BA2
:106D600018BFA5690AEB0302154414AB002669009D
:106D700012A8129313968DF8506005F022FB049B25
:106D8000D8F80870102B03D1BD422CBF0026012675
:106D90004FF0000B7D1B09AB13F80B30042B26D8EA
:106DA000DFE803F0766D1C5F6800436B0993436A6C
:106DB000D0F828A00393002A82D0013580E732461C
:106DC00029460CA805F072FCB4E794F8392071420A
:106DD0000CA805F0A5FB3A462946B6E7D8F80C30D2
:106DE0009B0504D5D4E9051212A805F095FC0BF11A
:106DF000010BBBF1040FCED1BAF1010F06D90399F3
:106E00000AF1FF32013112A805F086FC13998F4276
:106E100048D9049B202BA7EB01013CD14A4612A87C
:106E200005F07EFB0AACDDE90612129B00972046B6
:106E3000EFF7C4FA94E80300069012A88DF81C102E
:106E400005F0CEF90CA805F0CBF9DDE90601002329
:106E5000C8F80830059B83E80300184619B0BDE860
:106E6000F08FBAF1000FC2D0039B197812A805F079
:106E7000DAFABCE70CA912A805F04AFCB7E72EB174
:106E80004A46294612A805F04BFBB0E74946EDE714
:106E9000002EACD0F4E70A464B46002112A805F0BC
:106EA00067FBBFE70F46BDE72DE9F04F2DED028BE5
:106EB000B0EE408AF0EE608A91B004AF07F10804AA
:106EC00084E80C0097F860307B607B6E97F868A0D0
:106ED0000546884607F1140003F16C01FAF7CAFB76
:106EE00007F11400EEF7E2FD90B08146FAF7D8FB07
:106EF00004AE4FF0000BB86131468DED028B2E4B86
:106F0000CDF800B0402207F11800EEF783FA3F28D1
:106F1000014616DD083121F00701ADEB010D421CE1
:106F20003A60FAF7BDFB04AEB86131468DED028BD5
:106F3000214B3A68CDF800B007F11800EEF76AFA75
:106F4000014607F12003002207F11800BB613960F8
:106F500005F09AF93968BB69721848463146EEF770
:106F6000B8FA7B68D3B107F11803CDE901A37B6EB2
:106F70000093414694E80C002846FFF763FD07F1B3
:106F8000180005F02DF907F11400FAF7DFFB284689
:106F90003437BD46BDEC028BBDE8F08F07F1180316
:106FA000CDE901A37B6E0093414694E80C0028468E
:106FB000FFF761FEE3E700BF8A080400F0B587B081
:106FC00004AC84E80C000F9E9DF838200D9B9DF8C2
:106FD00030700093CDE90126054694E80C0027B1F6
:106FE000FFF730FD284607B0F0BDFFF744FEF9E794
:106FF0002DE9F74F0546DDE9120602A96C30DDF8F0
:10700000449001E90C00EEF751FDB9F1020F824600
:107010002FD0B9F1040F0CBF4FF47A770127002469
:10702000A0464FF00A0B0CA96846F0F7F7FA10B328
:10703000C84522D06846F0F7CFFA2A22C1B250469E
:10704000EEF766FA3038C2B2092A21D8109B0BFB42
:10705000040404FB07F29A421ADC0F9B3A449A425A
:1070600016DDB7FBFBF76846EFF77AF908F1010880
:10707000D9E70A27D3E7C8450AD10E9B1C6002ABAB
:1070800013E9030085E80300284603B0BDE8F08F4C
:10709000B9F1040F04D1B8F1020F01D1643CECE75F
:1070A000336843F004033360E9E72DE9F04F85B01E
:1070B00000AF07F108047860F86CD7F844906C30A2
:1070C00084E80C00EEF7F2FCBB6C9B00073323F066
:1070D00007038246ADEB030D07F1380120466E46EB
:1070E000F0F79CFA002843D02046F0F775FA4FF0ED
:1070F00000085FFA80FB4546BB6C984510D059F8F4
:1071000028100978594505D146F82580013508F140
:107110000108F1E75046EEF7C8F95845F7D1F3E713
:107120004FF0000A012D4ED9B04658F8043B59F8EB
:1071300023000BF063FB06EB8501834658F8040B34
:10714000396059F820000BF059FB3968834528BF96
:1071500083464145F2D120460AF1010AEFF700F9D2
:10716000DA4505D207F138012046F0F757FA78B929
:107170003B6D3A6D1B6843F00403136094E8030011
:107180007B68143783E803001846BD46BDE8F08FDE
:107190004FF0000B56F82B2059F82220204612F809
:1071A0000A203A60F0F718FA3A68C0B2824217BF74
:1071B00005F1FF350BF1010B56F8252046F82B2081
:1071C0005D45E7D8AEE7D3D12046EFF7C9F836687A
:1071D00059F8269048460BF011FB0AF1010A0546C2
:1071E000AA4514D207F138012046F0F717FA002813
:1071F000BED0204619F80AB0F0F7EEF9C0B28345C8
:10720000B6D12046EFF7ACF80AF1010AE8E7AFD1B2
:107210003B6C1E60B2E72DE9F04F87B000AF8146AE
:10722000786DD7E913AB07F110056C3085E80C00D9
:10723000EEF73CFC6B46A3EBCB0306469D4607F1FD
:1072400040012846E846F0F7E9F9C0B32846F0F7D0
:10725000C3F94FEA4B03FB600023C2B21C46F96836
:10726000994213D05AF823100978914204D148F872
:10727000243001340133F2E73046C7E90123EEF749
:1072800014F97A68BB689042F4D1F0E7BCB12846A3
:10729000EFF766F8A300073323F00703ADEB030D08
:1072A0006E46002558F825305AF823000BF0A6FA50
:1072B00046F825000135AC42F4D1012502E0002555
:1072C0002E462C4607F1400107F11000F0F7A6F911
:1072D00060B307F11000F0F77FF90023C0B2194640
:1072E0009C421BD956F82320AA424FEA830E06EB94
:1072F000830C02D801310133F2E758F823205AF801
:107300002220525D8242F6D0013C58F8242048F8F1
:107310000E2056F82420CCF80020E1E78C4205D05E
:1073200007F11000EFF71CF80135CBE7012C15D160
:107330003368AB4219D1D8F80030BA6C5B4528BF2E
:10734000A3EB0B03136007F1180313E903001C37C9
:1073500089E803004846BD46BDE8F08F022C04D101
:107360003368AB42E7D07368E3E7BB6DBA6D1B6867
:1073700043F00403E6E700002DE9F04F9FB00C4610
:10738000DDF8A8A00B900AF16C050EA9284681E84B
:107390000C00DDF8B090EEF7D5FD83462846EEF7F9
:1073A00085FB05462D980BF029FA00260A901096C9
:1073B0000EAF28A93846F0F731F9DDF840800028F3
:1073C00066D00A9B9E4263D2B8F1000F64D12D9B18
:1073D0004246995D2846EEF79BF8252840F0A882A2
:1073E000731C0993711C2D9B4246595C2846EEF78D
:1073F0008FF84528CDF8448001D04F2808D1B31C20
:10740000099309992D9B0022595C2846EEF780F8D4
:1074100041380EAE382800F28682DFE810F06A00AC
:107420009500D601EE008402840284020E0132012E
:107430008402840284026001840284028402840241
:1074400094019901C801840284028402D101D60109
:1074500000028402840284028402840284024400C2
:1074600070009B00A100C5008402840270008402A9
:107470008402840284023C01850184028402840225
:1074800084028402BE01840284028402CC01D601FB
:10749000B8F1000F00F05E822B9B2B9A1B6843F023
:1074A000040313605AE212AE31465846EEF7DAF999
:1074B00010ABCDE905A30723CDE9036311AB02931C
:1074C00028AB93E803008DE803000CAF0EAE96E8FE
:1074D0000C0021463846FFF7E8FD97E80300109BB3
:1074E00086E8030013B9119BC9F81830099E0136CC
:1074F0005EE712AE31465846EEF7A4F9D8E712AE71
:1075000031465846EEF7DDF910ABCDE905A30C2363
:10751000CDE9036311AB029328AB93E803008DE838
:1075200003000CAF0EAE96E80C0021463846FFF77C
:10753000BCFD97E80300109B86E80300002BD5D123
:10754000119BC9F81030D1E712AE31465846EEF71C
:1075500099F9D9E7DBF808309B690CAF059356E041
:1075600010ABCDE906A34FF0020C1F23CDE9043C7C
:107570000123039311AB029328AB93E803008DE83A
:1075800003000CAF0EAE96E80C0021463846FFF71C
:107590002FFD97E80300109B86E80300002BA5D180
:1075A000119BC9F80C30A1E73046F0F715F8AB692C
:1075B000C0B21B5C1F0716D50E98F3F7D8FC4FF02E
:1075C000FF330F9310ABCDE906A309220123CDE9C8
:1075D00004230CAF039311AB029328AB93E8030091
:1075E0008DE80300CFE710ABCDE906A302201F23EF
:1075F000CDE904300CAF0A23ECE712AEBF4A3346A4
:10760000A2F109012846EDF764FF0CAF059610AB17
:10761000CDE902A3CDF8109028AB93E803008DE8E4
:1076200003000EAE2146384696E80C00FFF7A4FE94
:1076300097E8030086E8030058E710ABCDE906A3FE
:1076400002211723CDE904310CAF0023039311ABC2
:10765000029328AB93E803008DE803000EAE96E892
:107660000C0021463846FFF7C3FC97E80300109B47
:1076700086E80300002B7FF439AF119BC9F808306E
:1076800034E710ABCDE906A302220C23CDE9043286
:107690000CAF0123DAE710ABCDE906A34FF00208E7
:1076A0000C23CDE904380123039311AB029328ABDB
:1076B00093E803008DE803000CAF0EAE96E80C00D3
:1076C00021463846FFF794FC97E80300109B86E8B4
:1076D0000300002B7FF40AAF119B013B31E710AB95
:1076E000CDE906A34FF0020E3B23CDE9043E002373
:1076F000039311AB029328AB93E803008DE80300DA
:107700000CAF0EAE96E80C0021463846FFF770FC31
:1077100097E80300109B86E80300002B7FF4E6AE99
:10772000119BC9F80430E1E63046EFF755FF00221F
:10773000C1B22846EDF7ECFE0A2840F0F48030464E
:10774000EEF70EFED2E66E4A12AE3346911F59E7AF
:1077500010ABCDE906A34FF0020C3D23CDE9043C6C
:107760000023039311AB029328AB93E803008DE849
:1077700003000CAF0EAE96E80C0021463846FFF72A
:1077800037FC97E80300109B86E80300002B7FF48A
:10779000ADAE119BC9F80030A8E63046EFF71CFFEC
:1077A0000022C1B22846EDF7B3FE0928C5E712AEA4
:1077B000544A334624E7DBF808300CAF9B68CDE62B
:1077C000DBF808300CAF1B69C8E610ABCDE906A3A7
:1077D000042642F20F73CDE904360023039311AB64
:1077E000029328AB93E803008DE803000CAF0EAEC4
:1077F00096E80C0021463846FFF7FAFB97E80300AD
:10780000109B86E80300002B7FF470AE119B002BC9
:10781000B4BF6433A3F26C73C9F8143066E6304623
:10782000EFF7DAFEAB69C0B21B5CD8077BD510ABB3
:10783000CDE905A30E230493334B039312AB0293BC
:1078400028AB93E803008DE803000CAF21463846CF
:1078500096E80C00FFF729FC97E8030086E8030090
:1078600028A93046EFF7DAFE00283FF43FAE109A21
:10787000129B13437FF43AAE3046EFF7ADFE2D2155
:1078800007462846EDF714FEFFB2B8423ED110AFCE
:1078900017230222CDE90432CDE906A70023039382
:1078A00012AB029328AB93E803008DE803000CAE03
:1078B0000DF1380898E80C0021463046FFF798FB98
:1078C00096E803003B2388E803000221CDE9043158
:1078D000CDE906A70023039312AB029328AB93E8EC
:1078E00003008DE803002146304698E80C00FFF7BE
:1078F0007FFB96E8030088E80300F7E59908040099
:107900009F080400A8080400400F00203046EFF74D
:1079100063FE2B2106462846EDF7CAFDF6B2B042BB
:107920007FF4E4ADB3E7109B43F004031093DDE56F
:107930002D9B384613F80680EFF74EFEC0B2804507
:1079400003D13846EEF70CFDD1E5109B43F004035C
:107950001093CCE50A9B9E427FF49EAD97E803000E
:107960000B9B83E8030018461FB0BDE8F08F00BFF3
:10797000F0B58FB00AAC84E80C000DAA0792169AF5
:1079800006928C4642F20F720421CDE904210023B5
:1079900003930D930CAB029314AB054693E80300DD
:1079A0008DE8030008AF94E80C0061463846179E46
:1079B000FFF71EFB97E803000D9B84E80300BBB9AB
:1079C0000C9B189A002BB4BF6433A3F26C73536101
:1079D00014A92046EFF70FFE18B1336843F00203F5
:1079E000336094E8030085E8030028460FB0F0BD3B
:1079F000336843F004033360EAE72DE9F0479CB0B5
:107A0000DDE926960AAC054609F16C0084E80C0015
:107A10008846EEF797FA0DF1380A07465146EDF71A
:107A200021FF384615A9EDF70DFF00230D930DAB8F
:107A3000CDE905930723CDE903A30CAB029324AB57
:107A400093E803008DE8030008AF94E80C0041467A
:107A50003846FFF7E0FB97E803000D9B84E803003E
:107A60009BB9289B0C9A9A6124A92046EFF7C3FD85
:107A700018B1336843F00203336094E8030085E8EB
:107A8000030028461CB0BDE8F087336843F00403C8
:107A90003360E9E72DE9F047A6B0DDE930960AAC9E
:107AA000054609F16C0084E80C008846EEF74AFAB6
:107AB0000DF1380A07465146EDF703FF38461AA97B
:107AC000EDF7E0FE00230D930DABCDE905930C23FC
:107AD000CDE903A30CAB02932EAB93E803008DE832
:107AE000030008AF94E80C0041463846FFF793FBCB
:107AF00097E803000D9B84E803009BB9329B0C9A26
:107B00001A612EA92046EFF776FD18B1336843F0CD
:107B10000203336094E8030085E80300284626B09A
:107B2000BDE8F087336843F004033360E9E72DE9EB
:107B3000F0438BB0DDE9149608AC054609F16C0002
:107B400084E80C008846EEF7FDF983681B6905930D
:107B5000169BCDF80890CDE9036312AB93E80300C0
:107B60008DE8030006AF4146384694E80C00FFF765
:107B700003FC97E8030084E8030012A92046EFF70E
:107B80003AFD18B1336843F00203336094E8030010
:107B900085E8030028460BB0BDE8F0832DE9F043EB
:107BA0008BB0DDE9149608AC054609F16C0084E859
:107BB0000C008846EEF7C6F983689B680593169B10
:107BC000CDF80890CDE9036312AB93E803008DE88C
:107BD000030006AF4146384694E80C00FFF7CCFBA3
:107BE00097E8030084E8030012A92046EFF703FD9D
:107BF00018B1336843F00203336094E8030085E86A
:107C0000030028460BB0BDE8F0832DE9F04F8DB09E
:107C1000DDE91897064608AC09F16C0084E80C0011
:107C20009DF86CA09DF870B08846EDF73FFF0023EB
:107C30003B60037F054693B390F842008DF82C001B
:107C4000BBF1000F33D18DF82DA08DF82EB00BAB0A
:107C500005931A9BCDF80890CDE9037316AB93E812
:107C600003008DE8030006AD4146284694E80C0069
:107C7000FFF782FB95E8030084E8030016A920467D
:107C8000EFF7B9FC18B13B6843F002033B6094E89E
:107C9000030086E8030030460DB0BDE8F08FFEF724
:107CA00008F92B6825219B6928469847C6E70023D9
:107CB0008DF82DB08DF82EA08DF82F30C7E700007D
:107CC0002DE9F04F2DED028B99B008A981E80C0049
:107CD000DDE9263803F16C01069008460191EDF7C5
:107CE000E5FE019904900AA8EEF716FB00F13803AF
:107CF0000793036A04461BB1836A003B18BF012344
:107D000002930EAB0C9300230D938DF83830237C37
:107D10001BB120210CA804F054FB002514AB20213A
:107D200012A8129313958DF8505004F04AFB04F1F9
:107D3000390308EE103A636B0B932F462E460395DA
:107D4000A94601950BAB5B5D042B40D8DFE813F02F
:107D500058012B012B00A200DE00BAF1000FF1D177
:107D6000D8F8003043F00403C8F8003008AC24A968
:107D70002046EFF740FC28B1D8F8003043F002036A
:107D8000C8F8003094E80300069B83E8030012A8BB
:107D900004F026FA0CA804F023FA069819B0BDECFA
:107DA000028BBDE8F08F269BDB6898051ED4B9F1E5
:107DB000010F1BD8D5B1012D0CD1029BB3B99DF891
:107DC0002C30032B12D09DF82E30012B0ED04FF00B
:107DD000010A2CE0022DFAD19DF82F30042B05D09A
:107DE000029A002AF3D0032B40F00D81A36905937A
:107DF0004FF0000B24A908A8EFF710FC059B824662
:107E000000283ED09B4512D008A8EFF7E5FB636938
:107E100013F80B30C0B2834236D0BBF1000F40F0F4
:107E2000F580269BDB6883F40073C3F3402A013599
:107E3000042D92D1B9F1010F40F22D81BAF1000F5A
:107E40008ED0019B002B00F0E480656A4FF0010B9F
:107E500024A908A8EFF7E2FB002800F0DC80D94550
:107E600000F0DC8008A8EFF7B7FB15F80B30C0B2C4
:107E700083427FF475AF08A8EEF772FA0BF1010B9D
:107E8000E6E79B45C9D1A2E708A8EEF769FA0BF12E
:107E9000010BAFE7236ABBB9A36A53B324A908A8AF
:107EA000EFF7BCFB824620B308A8EFF795FB626AA8
:107EB0001278C0B282421CD108A8D4F82890EEF7FC
:107EC0004FFACDF804A0B2E724A908A8EFF7A6FB63
:107ED00082460028E0D008A8EFF77EFBE26912781E
:107EE000C0B28242D8D108A8D4F82090EEF738FA70
:107EF0009DE7236A1BB9029B83F0010A97E7A36AF7
:107F0000002BF8D1012301939A4690E724A908A8F1
:107F1000EFF784FB8246002842D008A8EFF75CFB0D
:107F20000DF12B025FFA80FB0A2118EE100A8DF882
:107F30002BB0EDF7A7FA80B1079BC01A594B1B680D
:107F4000195C12A804F06FFA06F1010B039E08A851
:107F5000EEF706FA03965E46D8E7627C5A4506D1EC
:107F60002FB9E26A002A11DD57468346EFE7227CEB
:107F700062B1A37C5B4508D177B97EB1F1B20CA8A0
:107F800004F051FABB46039EE1E79246139A002A99
:107F900008BF4FF0000A4AE7BA46F7E7B246F5E7EE
:107FA0004FF0010AF2E724A908A8EFF737FB824651
:107FB000C8B94FF0000A032D3FF439AF24A908A82F
:107FC000EFF72CFB00283FF432AF08A8EFF704FBD3
:107FD000049BC0B29A69125C12077FF528AF08A80B
:107FE000EEF7BEF9EAE708A8EFF7F6FA049BC0B28D
:107FF0009A69125C1107DCD508A8EEF7B1F9DAE747
:108000004FF0010AD7E7DDF808A010E74FF0000AAB
:108010000DE7E5691AE7D9457FF4A2AE139B012B62
:1080200011D90022302112A804F010FC024650B1F0
:10803000431C08BF13984FF0000108BF00F1FF3246
:1080400012A804F00FFA019B3BB112990B78302B68
:1080500003D02D2212A804F09DFA0D9B8BB1F7B12D
:108060009DF80C100CA804F0DEF9D4E902010CAA6A
:1080700005F08FF828B9D8F8003043F00403C8F8A9
:1080800000301FB1E36AB3427FF46AAE289812A9A8
:1080900004F06EFB6AE6BAF1000FBFD160E6F1B200
:1080A000E0E700BF3C0F00202DE9F04F2DED028BE3
:1080B00099B008A981E80C00DDE9263803F16C01CC
:1080C000069008460191EDF7F1FC019904900AA889
:1080D000EEF750F900F138030793036A04461BB129
:1080E000836A003B18BF012302930EAB0C9300235D
:1080F0000D938DF83830237C1BB120210CA804F09F
:1081000060F9002514AB202112A8129313958DF865
:10811000505004F056F904F1390308EE103A636B3D
:108120000B932F462E460395A94601950BAB5B5D3D
:10813000042B40D8DFE813F058012B012B00A200DC
:10814000DE00BAF1000FF1D1D8F8003043F004039B
:10815000C8F8003008AC24A92046EFF74CFA28B143
:10816000D8F8003043F00203C8F8003094E8030068
:10817000069B83E8030012A804F032F80CA804F070
:108180002FF8069819B0BDEC028BBDE8F08F269B46
:10819000DB6898051ED4B9F1010F1BD8D5B1012DAC
:1081A0000CD1029BB3B99DF82C30032B12D09DF853
:1081B0002E30012B0ED04FF0010A2CE0022DFAD107
:1081C0009DF82F30042B05D0029A002AF3D0032B00
:1081D00040F00D81A36905934FF0000B24A908A876
:1081E000EFF71CFA059B824600283ED09B4512D033
:1081F00008A8EFF7F1F9636913F80B30C0B28342B6
:1082000036D0BBF1000F40F0F580269BDB6883F48D
:108210000073C3F3402A0135042D92D1B9F1010F47
:1082200040F22D81BAF1000F8ED0019B002B00F09F
:10823000E480656A4FF0010B24A908A8EFF7EEF976
:10824000002800F0DC80D94500F0DC8008A8EFF7BA
:10825000C3F915F80B30C0B283427FF475AF08A89C
:10826000EEF77EF80BF1010BE6E79B45C9D1A2E7DB
:1082700008A8EEF775F80BF1010BAFE7236ABBB95D
:10828000A36A53B324A908A8EFF7C8F9824620B31C
:1082900008A8EFF7A1F9626A1278C0B282421CD135
:1082A00008A8D4F82890EEF75BF8CDF804A0B2E760
:1082B00024A908A8EFF7B2F982460028E0D008A860
:1082C000EFF78AF9E2691278C0B28242D8D108A8E1
:1082D000D4F82090EEF744F89DE7236A1BB9029B7F
:1082E00083F0010A97E7A36A002BF8D101230193D9
:1082F0009A4690E724A908A8EFF790F9824600284B
:1083000042D008A8EFF768F90DF12B025FFA80FB65
:108310000A2118EE100A8DF82BB0EDF7B3F880B1F2
:10832000079BC01A594B1B68195C12A804F07BF814
:1083300006F1010B039E08A8EEF712F803965E46BD
:10834000D8E7627C5A4506D12FB9E26A002A11DDCE
:1083500057468346EFE7227C62B1A37C5B4508D198
:1083600077B97EB1F1B20CA804F05DF8BB46039E6C
:10837000E1E79246139A002A08BF4FF0000A4AE745
:10838000BA46F7E7B246F5E74FF0010AF2E724A94B
:1083900008A8EFF743F98246C8B94FF0000A032D49
:1083A0003FF439AF24A908A8EFF738F900283FF4C3
:1083B00032AF08A8EFF710F9049BC0B29A69125CBB
:1083C00012077FF528AF08A8EDF7CAFFEAE708A86B
:1083D000EFF702F9049BC0B29A69125C1107DCD571
:1083E00008A8EDF7BDFFDAE74FF0010AD7E7DDF89F
:1083F00008A010E74FF0000A0DE7E5691AE7D94534
:108400007FF4A2AE139B012B11D90022302112A8B8
:1084100004F01CFA024650B1431C08BF13984FF0F9
:10842000000108BF00F1FF3212A804F01BF8019B05
:108430003BB112990B78302B03D02D2212A804F0F7
:10844000A9F80D9B8BB1F7B19DF80C100CA803F0A7
:10845000EAFFD4E902010CAA04F09BFE28B9D8F87F
:10846000003043F00403C8F800301FB1E36AB342A0
:108470007FF46AAE289812A904F07AF96AE6BAF194
:10848000000FBFD160E6F1B2E0E700BF3C0F002073
:108490002DE9F04192B008AC84E80C00DDE91B380E
:1084A0000EAA8C469DF868100C920CAF0022029325
:1084B000CDE9038706460D928DF8382006AD18AB3E
:1084C00011B393E803008DE80300614694E80C00C3
:1084D0002846FFF7F5FB95E803000C9D84E80300B0
:1084E000F9F7DEF81D990B900BAB42462846F8F7DA
:1084F000E1FE94E8030086E80300384603F070FECE
:10850000304612B0BDE8F08193E803008DE8030027
:10851000614694E80C002846FFF7C6FDDBE72DE92D
:10852000F04F91B008ACDDF874B09DF870A006462D
:108530000BF16C0084E80C008846EDF7B7FA1E9B3F
:10854000CDE902B30AAF04971AAB814693E8030062
:108550008DE803000CAA0A9206AD00220B928DF85A
:108560003020414694E80C002846BAF1000F1DD097
:10857000FFF7A6FB95E803000B9D84E8030055B1C7
:108580001F98294603F0E5FF0A991F9B4A191B68AB
:108590004846ECF79EFF94E8030086E8030038465F
:1085A00003F01EFE304611B0BDE8F08FFFF77CFDF2
:1085B000E0E70000184B1A68D1075CBF01221A607F
:1085C000164B1A68D2075CBF01221A60144B1A6856
:1085D000D0075CBF01221A60124B1A68D1075CBF3A
:1085E00001221A60104B1A68D2075CBF01221A6080
:1085F0000E4B1A68D0075CBF01221A600C4B1A6838
:10860000D1075CBF01221A600A4B1A68D2075CBF0F
:1086100001221A60704700BF244B0020204B00202D
:108620001C4B0020184B0020144B0020104B002046
:108630000C4B0020084B002003F0D2BD04F04CBAD4
:10864000F8B54D680746681C0E46EBF779FA00232B
:10865000044601462A46304604F06EF8002363556E
:108660003C602846F8BDF8B54D686FF060426B1C61
:108670009342074634BF98004FF0FF300E46EBF7A9
:108680005FFA0023044601462A46304604F0D0FC37
:10869000002344F825303C602846F8BD13B5049CFF
:1086A000CDE9003413460A46C1684FF00000FBF7DD
:1086B00001FD02B010BD30B58BB00D460AA901E92D
:1086C0000C0079230693129B0593119B0493109B36
:1086D00003930EAA044692E8030001AB83E803006B
:1086E000099B00932046089BAA684FF00001FBF706
:1086F00081FE20460BB030BD30B58BB00D460AA9C7
:1087000001E90C006D230693129B0593119B0493C2
:10871000109B03930EAA044692E8030001AB83E882
:108720000300099B00932046089BAA684FF00001B4
:10873000FBF760FE20460BB030BD30B58BB00D4668
:108740000AA901E90C0077230693129B0593119B5C
:108750000493109B03930EAA044692E8030001AB16
:1087600083E80300099B00932046089BAA684FF00A
:108770000001FBF73FFE20460BB030BD30B58BB09B
:108780000D460AA901E90C0064230693129B059388
:10879000119B0493109B03930EAA044692E80300D6
:1087A00001AB83E80300099B00932046089BAA685D
:1087B0004FF00001FBF71EFE20460BB030BD30B578
:1087C0008BB00D460AA901E90C0074230693129B95
:1087D0000593119B0493109B03930EAA044692E801
:1087E000030001AB83E80300099B00932046089B2C
:1087F000AA684FF00001FBF7FDFD20460BB030BD2D
:1088000081684FF00000FBF7EFBDF0B591B00AAC06
:1088100084E80C00002307930D930EAB06930DAB79
:108820000593199B04939DF86030039316AA0F4695
:10883000054692E8030001AB83E803000B9B00931D
:1088400008AE0A9BBA684FF000013046FCF7BAF94F
:1088500096E803000D9B84E803005BB9DDE90E0197
:108860001B9BC3E9000194E8030085E80300284648
:1088700011B0F0BD1A9A1360F5E710B588B00DF18C
:10888000200C0CE90C00002304939DF83030039376
:108890000B9B02939DF828300193079B00938A68F5
:1088A000069B4FF000010446FCF7A6F8204608B0EE
:1088B00010BD0A4601694FF00000FBF78DBD07B5FA
:1088C0000092D1E9002301694FF00000FBF75CFD45
:1088D00003B05DF804FB13B5049CCDE900341346E6
:1088E0000A46C1684FF00000FBF7EFFB02B010BD75
:1088F00030B58BB00D460AA901E90C007923069327
:10890000129B0593119B0493109B03930EAA04469C
:1089100092E8030001AB83E80300099B0093204623
:10892000089BAA684FF00001FBF7B9FD20460BB089
:1089300030BD30B58BB00D460AA901E90C006D239E
:108940000693129B0593119B0493109B03930EAA0D
:10895000044692E8030001AB83E80300099B0093FF
:108960002046089BAA684FF00001FBF798FD2046BF
:108970000BB030BD30B58BB00D460AA901E90C0033
:1089800077230693129B0593119B0493109B0393EB
:108990000EAA044692E8030001AB83E80300099B9A
:1089A00000932046089BAA684FF00001FBF777FD73
:1089B00020460BB030BD30B58BB00D460AA901E999
:1089C0000C0064230693129B0593119B0493109B48
:1089D00003930EAA044692E8030001AB83E8030068
:1089E000099B00932046089BAA684FF00001FBF703
:1089F00056FD20460BB030BD30B58BB00D460AA9F0
:108A000001E90C0074230693129B0593119B0493B8
:108A1000109B03930EAA044692E8030001AB83E87F
:108A20000300099B00932046089BAA684FF00001B1
:108A3000FBF735FD20460BB030BD81684FF00000DC
:108A4000FBF7D5BCF0B591B00AAC84E80C0000236C
:108A500007930D930EAB06930DAB0593199B0493EF
:108A60009DF86030039316AA0F46054692E803006E
:108A700001AB83E803000B9B009308AE0A9BBA6826
:108A80004FF000013046FCF715FA96E803000D9B05
:108A900084E803005BB9DDE90E011B9BC3E900011B
:108AA00094E8030085E80300284611B0F0BD1A9A47
:108AB0001360F5E710B588B00DF1200C0CE90C003F
:108AC000002304930C9B03930B9B02939DF8283087
:108AD0000193079B00938A68069B4FF000010446B0
:108AE000FCF702F9204608B010BD0A4601694FF0B4
:108AF0000000FBF775BC07B50092D1E900230169BE
:108B00004FF00000FBF754FC03B05DF804FB10B518
:108B100000F10803044603600A444FF0000303F029
:108B2000D7FE204610BD000010B5074B0360036957
:108B300000220446DA600C30FBF791F8204604F07E
:108B4000FBFC204610BD00BF5036040010B50446A3
:108B5000FFF7EAFF2046EAF7F5FF204610BD0000C8
:108B600010B5084B0360036900220446DA609A617D
:108B70001A629A620C30FBF772F8204604F096FBFA
:108B8000204610BD8437040010B50446FFF7E8FF07
:108B90002046EAF7D7FF204610BD000010B5084B6D
:108BA0000360036900220446DA609A611A629A62DD
:108BB0000C30FBF754F8204604F092FB204610BD21
:108BC0005037040010B50446FFF7E8FF2046EAF7E7
:108BD000B9FF204610BD000010B5054B044640F813
:108BE000103BFBF73CF82046FDF710FC204610BD7B
:108BF0001836040010B50446FFF7EEFF2046EAF7EA
:108C0000A1FF204610BD000010B5074B03600369AB
:108C100000220446DA600C30FBF721F8204604F00D
:108C2000F3FC204610BD00BF7436040010B50446A6
:108C3000FFF7EAFF2046EAF785FF204610BD000057
:108C400010B5084B0360036900220446DA601A621B
:108C50009A621A630C30FBF702F8204604F0EAFB34
:108C6000204610BDEC37040010B50446FFF7E8FFBE
:108C70002046EAF767FF204610BD000010B5084BFC
:108C80000360036900220446DA601A629A621A637A
:108C90000C30FAF7E4FF204604F0E6FB204610BD56
:108CA000B837040010B50446FFF7E8FF2046EAF79E
:108CB00049FF204610BD000010B5054B044640F8A2
:108CC000103BFAF7CCFF204601F052F9204610BDC8
:108CD0003436040010B50446FFF7EEFF2046EAF7ED
:108CE00031FF204610BD000010B5054B044640F88A
:108CF0000C3BFAF7B4FF2046FDF7A0FB204610BD61
:108D0000E035040010B50446FFF7EEFF2046EAF711
:108D100019FF204610BD000010B5054B044640F871
:108D2000083BFAF79CFF2046FDF734FB204610BDB8
:108D3000F036040010B50446FFF7EEFF2046EAF7D0
:108D400001FF204610BD000010B5054B044640F859
:108D5000083BFAF784FF2046FDF730FB204610BDA4
:108D60002037040010B50446FFF7EEFF2046EAF76F
:108D7000E9FE204610BD000010B5054B044640F842
:108D80000C3BFAF76CFF204601F00AF9204610BDB3
:108D9000FC35040010B50446FFF7EEFF2046EAF765
:108DA000D1FE204610BD000010B5054B044640F82A
:108DB000083BFAF754FF204601F09EF8204610BD0C
:108DC0000837040010B50446FFF7EEFF2046EAF727
:108DD000B9FE204610BD000010B5054B044640F812
:108DE000083BFAF73CFF204601F09AF8204610BDF8
:108DF0003837040010B50446FFF7EEFF2046EAF7C7
:108E0000A1FE204610BD000010B5054B044640F8F9
:108E1000083BFAF724FF2046FDF7E4FA204610BD90
:108E20009836040010B50446FFF7EEFF2046EAF737
:108E300089FE204610BD000010B5054B044640F8E1
:108E4000083BFAF70CFF204601F07EF8204610BDE3
:108E5000C436040010B50446FFF7EEFF2046EAF7DB
:108E600071FE204610BD30B5084687B014460D4649
:108E7000FDF7FEFC84F824002846FDF7FCFC0023E7
:108E8000A3606361E361012384F8643084F8250002
:108E900029466846FDF7F2FC694604F10800FFF731
:108EA000CFFBE060684603F09BF929466846FDF772
:108EB000ECFC694604F11400FFF7C2FBA0616846B0
:108EC00003F08EF929466846FDF7E6FC694604F191
:108ED0001C00FFF7B5FB2062684603F081F907B07C
:108EE00030BD30B5084687B014460D4601F098FAFB
:108EF0006062284601F097FA0023A3606361E36192
:108F0000012384F82431A0622946684601F08EFAD4
:108F1000694604F10800FFF793FBE060684603F040
:108F20005FF92946684601F088FA694604F11400A1
:108F3000FFF799FBA061684603F0CEFD294668461D
:108F400001F082FA694604F11C00FFF78CFB2062F5
:108F5000684603F0C1FD07B030BD10B408461146A5
:108F60001A46DDE9013401945DF8044BFDF75CBD60
:108F700010B4084611461A46DDE9013401945DF843
:108F8000044B01F029BB30B5084687B014460D46A6
:108F9000FDF7C2FB60742846FDF7C1FBA0742846AC
:108FA000FDF7DCFB0023A3606361E36163620123DF
:108FB00084F84330E06229466846FDF7B3FB694612
:108FC00004F10800FFF73CFBE060684603F008F995
:108FD00029466846FDF7ADFB694604F11400FFF72A
:108FE0002FFBA061684603F0FBF829466846FDF7B1
:108FF000A7FB694604F11C00FFF722FB20626846CC
:1090000003F0EEF829466846FDF7A1FB694604F136
:109010002400FFF715FBA062684603F0E1F828463C
:10902000FDF79FFB20632846FDF7A0FB606307B0B8
:1090300030BD30B5084687B014460D46FDF72AFB13
:1090400060742846FDF729FBA0742846FDF744FB11
:109050000023A3606361E3616362012384F843300A
:10906000E06229466846FDF71BFB694604F10800EB
:10907000FFF7E6FAE060684603F0B2F82946684672
:10908000FDF715FB694604F11400FFF7D9FAA0615A
:10909000684603F0A5F829466846FDF70FFB6946C8
:1090A00004F11C00FFF7CCFA2062684603F098F840
:1090B00029466846FDF709FB694604F12400FFF7DD
:1090C000BFFAA062684603F08BF82846FDF707FB5D
:1090D00020632846FDF708FB606307B030BD30B55C
:1090E000084687B014460D4601F0F0F86061284646
:1090F00001F0EFF8A061284601F00AF90023A3600F
:10910000E3616362E362012384F86C3060632946A3
:10911000684601F0E1F8694604F10800FFF790FAAB
:10912000E060684603F05CF82946684601F0DBF829
:10913000694604F11C00FFF796FA2062684603F0C6
:10914000CBFC2946684601F0D5F8694604F12400B5
:10915000FFF789FAA062684603F0BEFC294668461C
:1091600001F0CFF8694604F12C00FFF77CFA206388
:10917000684603F0B1FC284601F0CDF8A06328460C
:1091800001F0CEF8E06307B030BD30B5084687B0D7
:1091900014460D4601F058F86061284601F057F872
:1091A000A061284601F072F80023A360E3616362C6
:1091B000E362012384F86C3060632946684601F05D
:1091C00049F8694604F10800FFF73AFAE06068469A
:1091D00003F006F82946684601F043F8694604F1B1
:1091E0001C00FFF740FA2062684603F075FC294630
:1091F000684601F03DF8694604F12400FFF733FAB0
:10920000A062684603F068FC2946684601F037F81A
:10921000694604F12C00FFF726FA2063684603F044
:109220005BFC284601F035F8A063284601F036F8CB
:10923000E06307B030BD10B586B00C4668461146F5
:109240001A46FFF764FC089A69462046FDF7CAFBF8
:109250000446684602F0C4FF204606B010BD10B5B3
:1092600086B00C46684611461A46FFF750FC089A2D
:109270006946204601F08EF90446684602F0B0FFC8
:10928000204606B010BD08461146FDF7BABB084699
:10929000114601F08EB90846FDF705BB084601F0FE
:1092A000DAB882B0F0B587B004469DF850700D93DF
:1092B000742F1546139EDDE911200FA90DAB1CD0AC
:1092C0000DD8642F2AD0CDE90306029203C98DE898
:1092D000030029460CCB2046FDF73CFB18E0772F16
:1092E00028D0CDE90306029203C98DE80300294680
:1092F0000CCB2046FDF74AFB0AE0CDE903060292BB
:1093000003C98DE8030029460CCB2046FDF7CEFAB1
:10931000204607B0BDE8F04002B07047CDE9030633
:10932000029203C98DE8030029460CCB2046FDF7C5
:10933000D9FAEDE7CDE90306029203C98DE80300EF
:1093400029460CCB2046FDF7E9FAE1E782B0F0B5FB
:1093500087B004469DF850700D93742F1546139EE8
:10936000DDE911200FA90DAB1CD00DD8642F2AD038
:10937000CDE90306029203C98DE8030029460CCB10
:10938000204601F0BFF818E0772F28D0CDE903067A
:10939000029203C98DE8030029460CCB204601F058
:1093A000CDF80AE0CDE90306029203C98DE8030077
:1093B00029460CCB204601F051F8204607B0BDE805
:1093C000F04002B07047CDE90306029203C98DE870
:1093D000030029460CCB204601F05CF8EDE7CDE90F
:1093E0000306029203C98DE8030029460CCB2046F0
:1093F00001F06CF8E1E70000F8B5BD4A0C466FF0EB
:109400000103BC490546F7F77FFB064610B1046827
:109410002046F8BDB84B9C4226D16820EAF78EFB67
:10942000B64B03600746C0E90266C0E90566C0E9BD
:10943000076646600674868480F864601420EAF744
:109440007DFB324639460446FDF702FA6B68E5605B
:1094500001336B60AA4B236027613A4629464FF0DF
:109460000000FAF7AFFDD3E7A64B9C420DD11020C8
:10947000EAF764FB31460446FDF7C6FA6B68E5601F
:1094800001336B60A04B2360C2E7A04B9C420AD122
:109490000C20EAF753FB6B6801336B60C0E9016590
:1094A0009B4B0446EFE79B4B9C420AD10C20EAF70A
:1094B00045FB6B6801336B60C0E90165964B044660
:1094C000E1E7964B9C420AD10C20EAF737FB6B6828
:1094D00001336B60C0E90165914B0446D3E7914BC2
:1094E0009C422BD14420EAF729FB8F4B0682C0E92E
:1094F00000360746C0E90266C0E90566C0E90766AE
:10950000C0E90966C0E90B668674466380F843606B
:109510001420EAF713FB324639460446FDF7EAF811
:109520006B68E56001336B60804B236027613A46CE
:1095300029464FF00000FAF7D3FD69E77C4B9C42C7
:109540002BD14420EAF7FAFA7A4B0682C0E90036BA
:109550000746C0E90266C0E90566C0E90766C0E9DA
:109560000966C0E90B668674466380F84360142080
:10957000EAF7E4FA324639460446FDF779F86B68B3
:10958000E56001336B606C4B236027613A462946E6
:109590004FF00000FAF7F9FD3AE7684B9C420CD116
:1095A0001420EAF7CBFA31460446FDF70BFA6B6854
:1095B000256101336B60624B65E7624B9C4229D1A8
:1095C0004FF49470EAF7BAFA00275F4B036006463F
:1095D000C0E90277C0E90577C0E90777C0E90977F4
:1095E0004760077480F824711420EAF7A7FA3A4616
:1095F0003146044600F004FF6B68E56001336B60A0
:10960000524B23602661324629464FF00000FAF79C
:1096100016FDFDE64E4B9C420CD11020EAF78EFA67
:109620000021044600F0C8FF6B68E56001336B6001
:10963000484B28E7484B9C420BD10C20EAF77EFAB6
:109640000023C0E901356B6801336B600446434B6E
:1096500019E7434B9C420BD10C20EAF76FFA002329
:10966000C0E901356B6801336B6004463D4B0AE786
:109670003D4B9C420BD10C20EAF760FA0023C0E975
:1096800001356B6801336B600446384BFBE6384BA1
:109690009C4273D17020EAF751FA0027354B0360E2
:1096A0000646C0E90277C0E90577C0E90777C0E957
:1096B0000977C0E90B77C0E90D7747600774C76386
:1096C00080F86C701420EAF739FA3A4631460446BD
:1096D00000F0EAFD6B68E56001336B60264B2360A8
:1096E0002661324629464FF00000FAF7A3FD8FE6C7
:1096F0009423040024190400344B0020380B040088
:1097000050360400284B0020E0350400304B002088
:10971000983604003C4B0020F0360400384B002003
:1097200020370400404B0020280B0400843704003D
:10973000444B0020180B0400503704002C4B002031
:1097400018360400744B00203013040074360400F3
:10975000684B0020FC350400704B0020C436040028
:109760007C4B002008370400784B00203837040079
:10977000804B002020130400EC370400214B9C4256
:109780002DD17020EAF7DAF900271F4B0360064657
:10979000C0E90277C0E90577C0E90777C0E9097732
:1097A000C0E90B77C0E90D7747600774C76380F89D
:1097B0006C701420EAF7C2F93A463146044600F0CC
:1097C00031FD6B68E56001336B60104B23602661EF
:1097D000324629464FF00000FAF781FD18E60C4B9F
:1097E0009C420CD11420EAF7A9F90021044600F0AC
:1097F000C1FE6B68256101336B60064B43E606488A
:10980000EBF7CCF8844B002010130400B8370400A9
:109810006C4B002034360400302304008B6910B5F3
:10982000044613B90448EBF7B9F8D1E90012FFF781
:109830006EF9204610BD00BF5D23040082B02DE903
:10984000F0478AB0044618999DF85480DDF8589086
:109850009DF85CA01393154613AEB1B104AF384622
:10986000FFF7DCFFCDE902A7CDE90089204696E8A5
:109870000C002946FCF7D3FF384602F0B1FC204625
:109880000AB0BDE8F04702B07047CDE9019ACDF8C3
:10989000008096E80C002946FCF7ABFFEFE710B517
:1098A0008AB00446009300201346C968099003AAB1
:1098B000FBF756F903A92046FFF7B0FF03A8FAF714
:1098C0007AFB20460AB010BDF0B59BB00AAC84E824
:1098D0000C0013AE0023CDE9063619930C930CABA4
:1098E0000593239B04939DF88830039320AA8C460C
:1098F000054692E8030001AB83E803000B9B00934D
:1099000008AF0A9BDCF808204FF000013846FBF74F
:1099100059F997E803000C9B84E80300A3B931468A
:109920000DA8FFF77BFF25980DA902F022FD0DA8D9
:1099300002F056FC94E8030085E803003046FAF78D
:109940003AFB28461BB0F0BD249A1360F2E730B50D
:109950008DB00446119800250B9545680395006865
:1099600002901098CDE900301346096905AA4FF01E
:109970000000FBF705F905A92046FFF74FFF05A8F2
:10998000FAF719FB20460DB030BD0000836913B50E
:10999000044613B1019198470199204602F088FFCF
:1099A000024BA361204602B010BD00BF3986020001
:1099B00010B586B0144668461A46089BFDF73BF87A
:1099C00069462046FFF7E2FF684602F009FC06B050
:1099D00010BD82B02DE9F0438FB016461E9A179342
:1099E00005469DF86C10DDE91C0819AB17AC9AB15F
:1099F000CDE90482CDE9021093E803008DE803006D
:109A0000314694E80C002846FCF7B5FE28460FB016
:109A1000BDE8F04302B0704708AFCDE90487CDE957
:109A2000021093E803008DE803000DF1280C0DF1FE
:109A30001809CDE908C28DF82820314694E80C00B9
:109A40004846FCF7B7FE99E80300D8F8003084E8F0
:109A500003001BB91F983946FFF798FF94E80300ED
:109A600085E80300384602F0BBFBCFE700000000AA
:109A700070B590B009AD0E4606A981E80C00044609
:109A80001799002328460F93FFF780FF9DF8583061
:109A90000393159B02939DF850300193079BB26886
:109AA00000939FED070B069B04954FF000012046A5
:109AB000FAF7A2FF2846FAF77EFA204610B070BDEA
:109AC0000000000000000000F0B58FB002AC0E46B0
:109AD00015462046DDE916121F46FFF718F8159BBC
:109AE00000933A46149B0194314608A8FCF77DFF89
:109AF00008A92846FFF74AFF08A802F071FB204694
:109B000002F06EFB0FB0F0BD38B58B69044613B997
:109B10000848EAF743FFD1E9005200F10803036067
:109B200005EB82024FF00003294603F0D1FA2046EC
:109B300038BD00BF5D23040082B02DE9F0478AB034
:109B4000DDE9169A18999DF854801393044615463A
:109B500013AEB1B104AF3846FFF7D6FFCDE902A787
:109B6000CDE90089204696E80C00294600F030FC3B
:109B7000384602F0B1FF20460AB0BDE8F04702B017
:109B80007047CDE9019ACDF8008096E80C0029468F
:109B900000F009FCEFE710B58AB0044600930020FE
:109BA0001346C968099003AAFBF752F903A9204696
:109BB000FFF7AAFF03A8FAF7FEF920460AB010BD86
:109BC000F0B59BB00AAC84E80C0013AE0023CDE9DD
:109BD000063619930C930CAB0593239B04939DF8C5
:109BE0008830039320AA8C46054692E8030001AB17
:109BF00083E803000B9B009308AF0A9BDCF8082066
:109C00004FF000013846FBF755F997E803000C9B2D
:109C100084E80300A3B931460DA8FFF775FF259826
:109C20000DA903F026F80DA802F056FF94E80300F2
:109C300085E803003046FAF7BEF928461BB0F0BDB0
:109C4000249A1360F2E730B58DB0044611980025D0
:109C50000B9545680395006802901098CDE9003097
:109C60001346096905AA4FF00000FBF701F905A9A1
:109C70002046FFF749FF05A8FAF79DF920460DB0E9
:109C800030BD0000836913B5044613B101919847B4
:109C90000199204603F00CFA024BA361204602B062
:109CA00010BD00BF3D86020010B586B01446684660
:109CB0001A46089B00F097FC69462046FFF7E2FF32
:109CC000684602F009FF06B010BD82B02DE9F043EE
:109CD0008FB016461E9A179305469DF86C10DDE965
:109CE0001C0819AB17AC9AB1CDE90482CDE902107A
:109CF00093E803008DE80300314694E80C00284601
:109D000000F013FB28460FB0BDE8F04302B07047E7
:109D100008AFCDE90487CDE9021093E803008DE890
:109D200003000DF1280C0DF11809CDE908C20A92C3
:109D3000314694E80C00484600F016FB99E8030011
:109D4000D8F8003084E803001BB91F983946FFF7A4
:109D500099FF94E8030085E80300384602F0BCFE52
:109D6000D0E700000000000070B590B009AD0E46CD
:109D700006A981E80C0004461799002328460F9392
:109D8000FFF780FF169B0393159B02939DF85030BD
:109D90000193079BB26800939FED070B069B049508
:109DA0004FF000012046FAF79FFF2846FAF703F923
:109DB000204610B070BD00BF000000000000000091
:109DC000F0B58FB00E4615461699179A02AC1F468D
:109DD00004AB029301EB820220464FF0000303F034
:109DE00077F9159B00933A46149B0194314608A8D5
:109DF00000F0D3FB08A92846FFF744FF08A802F0AB
:109E00006BFE204602F068FE0FB0F0BD8368586913
:109E100070478368986970478368586B7047836898
:109E20009B6B0020DAB262F30700C3F3072262F3F0
:109E30000F20C3F3074262F317401B0E82B063F397
:109E40001F6002B070478368DB6B0020DAB262F3F8
:109E50000700C3F3072262F30F20C3F3074262F344
:109E600017401B0E82B063F31F6002B07047836817
:109E7000586970478368986970478368586B704762
:109E800083689B6B0020DAB262F30700C3F30722FA
:109E900062F30F20C3F3074262F317401B0E82B038
:109EA00063F31F6002B070478368DB6B0020DAB297
:109EB00062F30700C3F3072262F30F20C3F30742E4
:109EC00062F317401B0E82B063F31F6002B070474D
:109ED0008368586A70478368986A704700207047A3
:109EE0000020704770470020914204D251F8043B93
:109EF00003EB7060F8E7704710B5034B036004464E
:109F0000F7F7ADFB204610BDE438040010B5044659
:109F1000FFF7F2FF2046E9F715FE204610BD0000CE
:109F200010B5034B03600446F7F799FB204610BDBC
:109F3000FC38040010B50446FFF7F2FF2046E9F7AD
:109F400001FE204610BD000010B5034B036004461F
:109F5000F7F785FB204610BD1439040010B5044600
:109F6000FFF7F2FF2046E9F7EDFD204610BD0000A7
:109F700010B5054B044640F8083BF7F703FA2046B6
:109F8000F7F76DFB204610BDC838040010B5044635
:109F9000FFF7EEFF2046E9F7D5FD204610BD000093
:109FA00010B5054B044640F8083BF7F7EBF920469F
:109FB000F7F755FB204610BD2038040010B50446C5
:109FC000FFF7EEFF2046E9F7BDFD204610BD38B58E
:109FD00000F10803044603600D4659B1084608F035
:109FE0000DFC2A1820464FF00003294602F070FCB1
:109FF000204638BD4FF0FF32F4E710B58B680446B9
:10A000009968FFF7E4FF204610BD10B58B68044641
:10A010009968FFF7DCFF204610BD10B58B68044639
:10A020009968FFF7D4FF204610BD2DE9F0471C4684
:10A0300000F1080386B0036000231646C0E901332F
:10A0400002AB2246009305464FF00003684688465F
:10A05000314603F03DF8DDE90073A21B07EB8309ED
:10A060006FF06043B3EB620F4FEA62068CBFB00043
:10A070004FF0FF30E9F764FD6FF0604A0446334665
:10A080003A462146404603F071F8864211D8461CF4
:10A090002046E9F759FD564534BFB0004FF0FF3078
:10A0A000E9F74EFD3346044601463A46404603F082
:10A0B0005DF802462146284602F0AAFF38460AF01B
:10A0C0008BFC07EB8000814505D0071D0021284649
:10A0D00002F028FED3E72046E9F736FD684602F095
:10A0E000FBFC284606B0BDE8F08738B500F1080350
:10A0F000044603600D4661B108460AF06DFC05EBAD
:10A10000800220464FF00003294602F0E1FF20467E
:10A1100038BD6FF00302F4E710B58B680446D969C7
:10A12000FFF7E3FF204610BD10B58B680446596A5F
:10A13000FFF7DBFF204610BD10B58B680446D96AD7
:10A14000FFF7D3FF204610BD10B58B680446D969D0
:10A15000FFF7CBFF204610BD10B58B680446596A47
:10A16000FFF7C3FF204610BD10B58B680446D96ABF
:10A17000FFF7BBFF204610BD10B58B680446596938
:10A18000FFF7B3FF204610BD10B58B680446D969B0
:10A19000FFF7ABFF204610BD2DE9F0438DB01C4604
:10A1A00002AB009380464FF00003684602F090FF38
:10A1B00008AB0693149A4FF00003214606A802F05C
:10A1C00087FFDDE90097DDE9065609EB870705EB18
:10A1D00086062A464946404602F0BDFF044678B945
:10A1E00048460AF0F9FB09EB800928460AF0F4FB1F
:10A1F0004F4505EB80040DD1341B18BF4FF0FF34E1
:10A2000006A802F069FC684602F066FC20460DB024
:10A21000BDE8F083A64203D009F10409251DD8E763
:10A220000124EDE710B5003A18BF0122054B42604A
:10A230000022044603608160114603F0B3F8204613
:10A2400010BD00BF9438040003689B68184703687A
:10A25000DB68184710B50B6804461B699847204611
:10A2600010BD10B50B6804465B699847204610BDC9
:10A2700010B50B6804469B699847204610BD10B581
:10A280000B680446DB699847204610BD03681B6ACB
:10A29000184703685B6A82B002B0184703689B6A7C
:10A2A00082B002B01847000010B5003A18BF012272
:10A2B000054B42600022044603608160114603F0B2
:10A2C00029F8204610BD00BF6038040003689B6871
:10A2D00018470368DB68184710B50B6804461B690C
:10A2E0009847204610BD10B50B6804465B69984737
:10A2F000204610BD10B50B6804469B699847204660
:10A3000010BD10B50B680446DB699847204610BDA8
:10A3100003681B6A184703685B6A82B002B018477B
:10A3200003689B6A82B002B01847F0B589B006AEE8
:10A3300086E80C00139A0B680592129A0492119AFF
:10A3400003929DF8402002920EAA04460D4692E820
:10A3500003008DE8030020469F68294696E80C001C
:10A36000B847204609B0F0BDF0B589B006AE86E822
:10A370000C00139A0B680592129A0492119A039298
:10A380009DF8402002920EAA04460D4692E8030072
:10A390008DE803002046DF68294696E80C00B847A0
:10A3A000204609B0F0BD70B586B004AC84E80C005E
:10A3B0000C9A02920B9A01920B689DF82820009249
:10A3C0009E6894E80C000546B047284606B070BD6C
:10A3D00070B586B004AC84E80C000D9A03920C9A18
:10A3E00002920B9A01920B689DF828200092DE6879
:10A3F00094E80C000546B047284606B070BD000042
:10A4000010B5003A054B036018BF012204464260B4
:10A410008160002103F0AAF8204610BD3C380400FA
:10A4200003689B6818470368DB68184710B50B681A
:10A4300004461B699847204610BD10B50B680446BA
:10A440005B699847204610BD10B50B6804469B69B0
:10A450009847204610BD03689B681847F0B589B03F
:10A4600006AE86E80C00129A0B680492119A0392C9
:10A47000109A02920EAA04460D4692E803008DE857
:10A4800003002046DF68294696E80C00B8472046BE
:10A4900009B0F0BDF0B589B006AE86E80C00129A9E
:10A4A0000B680492119A0392109A02920EAA044623
:10A4B0000D4692E803008DE8030020461F692946F7
:10A4C00096E80C00B847204609B0F0BDF0B589B059
:10A4D00006AE86E80C00129A0B680492119A039259
:10A4E000109A02920EAA04460D4692E803008DE8E7
:10A4F000030020465F69294696E80C00B8472046CD
:10A5000009B0F0BDF0B589B006AE86E80C00129A2D
:10A510000B680492119A0392109A02920EAA0446B2
:10A520000D4692E803008DE8030020469F69294606
:10A5300096E80C00B847204609B0F0BDF0B589B0E8
:10A5400006AE86E80C00129A0B680492119A0392E8
:10A55000109A02920EAA04460D4692E803008DE876
:10A5600003002046DF69294696E80C00B8472046DC
:10A5700009B0F0BD003910B5054B036018BF0121CB
:10A5800041600446F7F78CF8A060204610BD00BF7C
:10A59000C838040003689B68184773B5079E019686
:10A5A0000D68069E0096ED680446A847204602B056
:10A5B00070BD03681B691847003910B5054B03606F
:10A5C00018BF012141600446F7F76AF8A0602046F1
:10A5D00010BD00BF2038040010B40468A468A4466D
:10A5E0005DF8044B604738B50D680446ED68A84730
:10A5F000204638BD2DE9F04F99B0DDE9228906A942
:10A6000081E80C0008F16C0105900846249F039135
:10A61000F1F7C6FA0399064608A8F1F7D5FE3D689A
:10A62000036C2A689A4204467B6877D0826B099251
:10A63000D0F828A0426A039232683046576905EB89
:10A6400083032A460421B847401B861000F0B580DA
:10A650000EAB4FF0000B71000CA80C93CDE90DBBB5
:10A6600002F02EFB636BF71A5F451CDD5B45B8BF3C
:10A670003746E368002B5BD05A4679000CA802F0FD
:10A68000EAFB05EB8703CDE900530C98A169D4E9F7
:10A690000223F1F7B1FB0C99411A4FF0FF328910F8
:10A6A0000CA802F05FFB636B002B0BDD61690CA84B
:10A6B00002F038FB002F41DB626B05EB87010CA831
:10A6C00002F0A6FCD8F80C5005F0B003049315F482
:10A6D00000750D9B18BF256A0AEB0302154414ABE5
:10A6E0000026690012A81293CDE9136602F0E8FA79
:10A6F000049BD8F80870102B03D1BD422CBF002654
:10A7000001264FF0000B7D1B09AB13F80B30042B17
:10A7100025D8DFE803F0756C1B5E6700C26B0992F9
:10A72000C26AD0F830A00392002B85D0043583E7AD
:10A730003A4629460CA802F033FCB4E7626C794231
:10A740000CA802F06DFB32462946B8E7D8F80C3069
:10A750009B0504D5D4E9071212A802F059FC0BF1AD
:10A76000010BBBF1040FCFD1BAF1010F06D9039948
:10A770000AF1FF32043112A802F04AFC13998F4209
:10A7800048D9049B202BA7EB01013CD14A4612A8D3
:10A7900002F046FB0AACDDE90612129B0097204648
:10A7A000F1F764FE94E80300069012A88DF81C10DF
:10A7B00002F092F90CA802F08FF9DDE906010023FE
:10A7C000C8F80830059B83E80300184619B0BDE8B7
:10A7D000F08FBAF1000FC2D0039B196812A802F0E3
:10A7E000A1FABCE70CA912A802F00DFCB7E72EB144
:10A7F0004A46294612A802F013FBB0E74946EDE7A6
:10A80000002EACD0F4E70A464B46002112A802F015
:10A810002DFBBFE70F46BDE72DE9F04F99B0DDE90D
:10A82000228906A981E80C0008F16C010590084610
:10A83000249F0391F1F7B4F90399064608A8F1F7AC
:10A84000F1FD3D68036C2A689A4204467B6877D024
:10A85000826B0992D0F828A0426A0392326830468F
:10A86000576905EB83032A460421B847401B86102D
:10A8700000F0B5800EAB4FF0000B71000CA80C93EC
:10A88000CDE90DBB02F01CFA636BF71A5F451CDDC6
:10A890005B45B8BF3746E368002B5BD05A4679006A
:10A8A0000CA802F0D8FA05EB8703CDE900530C9809
:10A8B000A169D4E90223F1F79FFA0C99411A4FF0EC
:10A8C000FF3289100CA802F04DFA636B002B0BDDF0
:10A8D00061690CA802F026FA002F41DB626B05EBE0
:10A8E00087010CA802F094FBD8F80C5005F0B003D7
:10A8F000049315F400750D9B18BF256A0AEB03023B
:10A90000154414AB0026690012A81293CDE9136612
:10A9100002F0D6F9049BD8F80870102B03D1BD4281
:10A920002CBF002601264FF0000B7D1B09AB13F84E
:10A930000B30042B25D8DFE803F0756C1B5E670035
:10A94000C26B0992C26AD0F830A00392002B85D066
:10A95000043583E73A4629460CA802F021FBB4E708
:10A96000626C79420CA802F05BFA32462946B8E7DD
:10A97000D8F80C309B0504D5D4E9071212A802F0D0
:10A9800047FB0BF1010BBBF1040FCFD1BAF1010F63
:10A9900006D903990AF1FF32043112A802F038FBFC
:10A9A00013998F4248D9049B202BA7EB01013CD17E
:10A9B0004A4612A802F034FA0AACDDE90612129BEC
:10A9C00000972046F1F752FD94E80300069012A884
:10A9D0008DF81C1002F080F80CA802F07DF8DDE97B
:10A9E00006010023C8F80830059B83E803001846D9
:10A9F00019B0BDE8F08FBAF1000FC2D0039B1968FF
:10AA000012A802F08FF9BCE70CA912A802F0FBFA19
:10AA1000B7E72EB14A46294612A802F001FAB0E77C
:10AA20004946EDE7002EACD0F4E70A464B4600213C
:10AA300012A802F01BFABFE70F46BDE72DE9F04F61
:10AA40002DED028BB0EE408AF0EE608A91B004AF3B
:10AA500007F1080484E80C007B6E97F860B00546A7
:10AA6000884607F1140003F16C01F6F703FE07F1C5
:10AA70001400F1F795F890B08146F6F711FE04AE98
:10AA80004FF0000AB86131468DED028B294BCDF8AD
:10AA900000A0402207F11800EAF7BCFC3F2801465D
:10AAA00016DD083121F00701ADEB010D421C7A6083
:10AAB000F6F7F6FD04AEB86131468DED028B1D4B05
:10AAC0007A68CDF800A007F11800EAF7A3FC014668
:10AAD00007F12003002207F11800BB61796002F042
:10AAE00050F87968BB69721848463146F1F795FA13
:10AAF00007F118030293BB6E01937B6E00934146EE
:10AB000094E80C002846BBF1000F10D0FFF772FD4F
:10AB100007F1180001F0E0FF07F11400F6F716FE48
:10AB200028463437BD46BDEC028BBDE8F08FFFF7F9
:10AB300073FEEDE78A080400F0B587B004AC84E842
:10AB40000C00DDE90D320F9E9DF830700093CDE9C9
:10AB50000126054694E80C0027B1FFF74BFD284677
:10AB600007B0F0BDFFF758FEF9E72DE9F74F0546AE
:10AB7000DDE9120602A96C30DDF8449001E90C0011
:10AB8000F1F70EF8B9F1020F82462FD0B9F1040F98
:10AB90000CBF4FF47A7701270024A0464FF00A0B30
:10ABA0000CA96846F2F7DAFD10B3C84522D0684612
:10ABB000F2F7B2FD2A2201465046F1F781FF303804
:10ABC000C2B2092A21D8109B0BFB040404FB07F234
:10ABD0009A421ADC0F9B3A449A4216DDB7FBFBF708
:10ABE0006846F1F715FC08F10108D9E70A27D3E711
:10ABF000C8450AD10E9B1C6002AB13E9030085E82F
:10AC00000300284603B0BDE8F08FB9F1040F04D16A
:10AC1000B8F1020F01D1643CECE7336843F0040360
:10AC20003360E9E72DE9F04F87B000AF07F110047A
:10AC3000F860786DD7F84C906C3084E80C00F0F731
:10AC4000AFFF3B6D9B00073323F007038246ADEB5C
:10AC5000030D07F1400120466E46F2F77FFD002804
:10AC60007ED02046F2F758FD4FF000088346454657
:10AC70003B6D984510D059F828100968594505D101
:10AC800046F82580013508F10108F1E75046F2F752
:10AC900040FD5845F7D1F3E74FF0000A012D41D9A7
:10ACA000B04658F8043B59F8230009F095FE06EB2E
:10ACB0008501834658F8040BB96059F8200009F063
:10ACC0008BFEB968834528BF83464145F2D12046B3
:10ACD0000AF1010AF1F79CFBDA4541D207F1400184
:10ACE0002046F2F73BFD00283AD04FEA8A024FF0A7
:10ACF000000B56F82B1059F8211089582046C7E947
:10AD00000121F2F709FDB9687A68814217BF05F1A0
:10AD1000FF350BF1010B56F8251046F82B105D4559
:10AD2000E7D8BBE71CD12046F1F772FB366859F82B
:10AD30002690484609F050FE0AF1010A0546AA4548
:10AD40001ED207F140012046F2F708FD40B159F844
:10AD50002A30BB602046F2F7DFFCBB68834213D089
:10AD6000BB6DBA6D1B6843F00403136094E80300E5
:10AD7000FB681C3783E803001846BD46BDE8F08F2A
:10AD8000EED1BB6C1E60F1E72046F1F741FB0AF102
:10AD9000010AD4E72DE9F04F85B000AF8046F86C8A
:10ADA000D7F844A007F108096C3089E80C00F0F7E7
:10ADB000F7FEBB6C6A46A2EBC30383469D4607F1D0
:10ADC000380148466D46F2F7C9FCB0B34846F2F781
:10ADD000A3FCBA6C0026034652003446B24213D09C
:10ADE0005AF826100968994204D145F824600134C4
:10ADF0000136F3E75846C7E90032F2F78AFC3B68B0
:10AE00007A689842F4D1F0E7BCB14846F1F700FB0C
:10AE1000A300073323F00703ADEB030DE94600263B
:10AE200055F826305AF8230009F0D6FD49F82600D7
:10AE30000136B442F4D1012602E00026B146344680
:10AE400007F1380107F10800F2F788FC70B307F149
:10AE50000800F2F761FC002383464FEA860E19468C
:10AE60009C421BD959F82320B2424FEA830C09EBCC
:10AE7000830002D801310133F2E755F823205AF854
:10AE8000222052F80E205A45F5D0013C55F82420D6
:10AE900045F80C2059F824200260E1E78C4205D0E7
:10AEA00007F10800F1F7B4FA0136C9E7012C15D112
:10AEB000D9F80030B3421AD1BA6C2B68934228BF3C
:10AEC0009B1A3A6C136007F1100313E9030014375F
:10AED00088E803004046BD46BDE8F08F022C06D14D
:10AEE000D9F80030B342E7D0D9F80430E2E73B6D3F
:10AEF0003A6D1B6843F00403E4E700002DE9F04FCE
:10AF00009FB00C46DDF8A8A00B900AF16C050EA9C5
:10AF1000284681E80C00DDF8B080F0F7F5FE8346A6
:10AF20002846F0F73DFE05462D9809F055FD002610
:10AF30000A90109628A90EA8F2F710FCDDF84090B0
:10AF4000002865D00A9B9E4262D2B9F1000F63D1FE
:10AF50002D9B4A4653F82610284603EB8607F1F747
:10AF6000AFFD252840F0A382731C796809934A46F7
:10AF70002846F1F7A5FD4528CDF8449001D04F288B
:10AF800006D1B31CB968099300222846F1F798FD51
:10AF900041380EAE382800F28582DFE810F06A00F2
:10AFA0009500D601EE00830283028302F4001801AB
:10AFB00083028302830247018302830283028302A6
:10AFC0007B019A01C801830283028302D101D60169
:10AFD000000283028302830283028302830244000D
:10AFE00070009B00A100C4008302830270008302F2
:10AFF00083028302830223016C01830283028302A2
:10B0000083028302BE01830283028302CC01D60144
:10B01000B9F1000F00F05C822B9B2B9A1B6843F068
:10B020000403136058E212AE31465846F0F794FC20
:10B0300010ABCDE905A30723CDE9036311AB029360
:10B0400028AB93E803008DE803000CAF0EAE96E842
:10B050000C0021463846FFF7E5FD97E80300109BFA
:10B0600086E8030013B9119BC8F81830099E013611
:10B0700060E712AE31465846F0F75EFCD8E712AEF4
:10B0800031465846F0F797FC10ABCDE905A30C23E9
:10B09000CDE9036311AB029328AB93E803008DE87D
:10B0A00003000CAF0EAE96E80C0021463846FFF7C1
:10B0B000B9FD97E80300109B86E80300002BD5D16B
:10B0C000119BC8F81030D1E712AE31465846F0F760
:10B0D00053FCD9E7DBF808309B690CAF0593E2E03D
:10B0E00010ABCDE906A302201F23CDE904300123D4
:10B0F000039311AB029328AB93E803008DE80300A0
:10B100000CAF0EAE96E80C0021463846FFF72DFD39
:10B1100097E80300109B86E80300002BA6D1119B43
:10B12000C8F80C30A2E73046F2F7F6FA08210246DA
:10B130002846E9F78BFEB0B10E98EFF746FF4FF0C7
:10B14000FF330F9310ABCDE906A309220123CDE90C
:10B1500004230CAF039311AB029328AB93E80300D5
:10B160008DE80300CEE710ABCDE906A302211F2333
:10B17000CDE904310CAF0A23ECE712AEC54A3346E1
:10B18000A2F109018AE010ABCDE906A30222172340
:10B19000CDE904320CAF0023039311AB029328AB2B
:10B1A00093E803008DE803000EAE96E80C002146FC
:10B1B0003846FFF7DAFC97E80300109B86E80300A7
:10B1C000002B7FF453AF119BC8F808304EE710AB4B
:10B1D000CDE906A34FF002090C23CDE904390CAFE9
:10B1E0000123D9E710ABCDE906A34FF0020E0C23E3
:10B1F000CDE9043E0123039311AB029328AB93E8FE
:10B2000003008DE803000CAF0EAE96E80C0021465B
:10B210003846FFF7AAFC97E80300109B86E8030076
:10B22000002B7FF423AF119B013B4AE710ABCDE924
:10B2300006A34FF0020C3B23CDE9043C002303930B
:10B2400011AB029328AB93E803008DE803000CAF29
:10B250000EAE96E80C0021463846FFF786FC97E8CC
:10B260000300109B86E80300002B7FF4FFAE119BC8
:10B27000C8F80430FAE63046F2F74EFA00220146EA
:10B280002846F1F71DFC0A2840F00C813046F1F702
:10B29000BFF8EBE6804A12AE3346911F2846F0F71E
:10B2A000BCFE0CAF059610ABCDE902A3CDF8108023
:10B2B00028AB93E803008DE803000EAE2146384624
:10B2C00096E80C00FFF71AFE97E8030086E80300F3
:10B2D000CCE610ABCDE906A302263D23CDE904362A
:10B2E0000023039311AB029328AB93E803008DE88E
:10B2F00003000CAF0EAE96E80C0021463846FFF76F
:10B3000034FC97E80300109B86E80300002B7FF4D1
:10B31000ADAE119BC8F80030A8E63046F2F7FCF954
:10B32000002201462846F1F7CBFB0928ACE712AE14
:10B330005A4A334624E7DBF808300CAF9B68CDE669
:10B34000DBF808300CAF1B69C8E610ABCDE906A3EB
:10B35000042042F20F73CDE904300023039311ABB4
:10B36000029328AB93E803008DE803000CAF0EAE08
:10B3700096E80C0021463846FFF7F7FB97E80300F4
:10B38000109B86E80300002B7FF470AE119B002B0E
:10B39000B4BF6433A3F26C73C8F8143066E6304669
:10B3A000F2F7BAF9012102462846E9F74FFD0028D5
:10B3B00078D010ABCDE905A30E230493384B03934B
:10B3C00012AB029328AB93E803008DE803000CAFA7
:10B3D0002146384696E80C00FFF724FC97E8030066
:10B3E00086E8030028A93046F2F7B8F900283FF4B0
:10B3F0003DAE109A129B13437FF438AE3046F2F7FD
:10B400008BF92D2107462846F1F75DFBB84234D170
:10B4100010AF17230222CDE90432CDE906A700239D
:10B42000039312AB029328AB93E803008DE803006B
:10B430000DF130090EAE96E80C0021464846FFF7A4
:10B4400094FB99E803003B2386E803000221CDE941
:10B450000431CDE906A70023039312AB029328AB76
:10B4600093E803008DE803002146484696E80C0067
:10B47000FFF77BFB99E8030028E73046F2F74CF929
:10B480002B2106462846F1F71EFBB0427FF4EEADB5
:10B49000BEE700BF990804009F080400A808040044
:10B4A000780F0020109B43F004031093DEE52D9BE2
:10B4B0000EA853F82670F2F72FF9874203D10EA891
:10B4C000F0F7A6FFD3E5109B43F004031093CEE5FD
:10B4D0000A9B9E427FF4A0AD0EAB93E803000B9B4A
:10B4E00083E8030018461FB0BDE8F08FF0B58FB0B9
:10B4F0000AAC84E80C000DAA0792169A06928C46B4
:10B5000042F20F720421CDE90421002303930D932D
:10B510000CAB029314AB054693E803008DE80300DF
:10B5200008AF94E80C0061463846179EFFF71DFBF4
:10B5300097E803000D9B84E80300BBB90C9B189AA5
:10B54000002BB4BF6433A3F26C73536114A920467B
:10B55000F2F7F1F818B1336843F00203336094E86E
:10B56000030085E8030028460FB0F0BD336843F0C0
:10B5700004033360EAE72DE9F0479CB0DDE9269645
:10B580000AAC054609F16C0084E80C008846F0F727
:10B59000BBFB0DF1380A07465146F0F7DDF9384696
:10B5A00015A9F0F7C9F900230D930DABCDE905936B
:10B5B0000723CDE903A30CAB029324AB93E803006C
:10B5C0008DE8030008AF94E80C0041463846FFF7C9
:10B5D000E1FB97E803000D9B84E803009BB9289BDF
:10B5E0000C9A9A6124A92046F2F7A5F818B133689D
:10B5F00043F00203336094E8030085E80300284623
:10B600001CB0BDE8F087336843F004033360E9E71A
:10B610002DE9F047A6B0DDE930960AAC054609F100
:10B620006C0084E80C008846F0F76EFB0DF1380AD8
:10B6300007465146F0F7BFF938461AA9F0F79CF9CA
:10B6400000230D930DABCDE905930C23CDE903A3A6
:10B650000CAB02932EAB93E803008DE8030008AF18
:10B6600094E80C0041463846FFF794FB97E8030046
:10B670000D9B84E803009BB9329B0C9A1A612EA99A
:10B680002046F2F758F818B1336843F002033360EC
:10B6900094E8030085E80300284626B0BDE8F0875B
:10B6A000336843F004033360E9E72DE9F0438BB0DE
:10B6B000DDE9149608AC054609F16C0084E80C003D
:10B6C0008846F0F721FB83681B690593169BCDF82C
:10B6D0000890CDE9036312AB93E803008DE8030003
:10B6E00006AF4146384694E80C00FFF707FC97E8A0
:10B6F000030084E8030012A92046F2F71CF818B1F1
:10B70000336843F00203336094E8030085E80300E4
:10B7100028460BB0BDE8F0832DE9F0438BB0DDE99E
:10B72000149608AC054609F16C0084E80C008846C4
:10B73000F0F7EAFA83689B680593169BCDF80890AA
:10B74000CDE9036312AB93E803008DE8030006AF75
:10B750004146384694E80C00FFF7D0FB97E8030019
:10B7600084E8030012A92046F1F7E5FF18B1336819
:10B7700043F00203336094E8030085E803002846A1
:10B780000BB0BDE8F0832DE9F04F8FB0DDE91A96DC
:10B79000054608AC09F16C004FF0000A84E80C0083
:10B7A00088469DF874B09DF87870F0F7F9F9C6F8FE
:10B7B00000A02521F1F787F90A904FBBCDE90BB71F
:10B7C0000AAB05931C9BCDF80890CDE9036318AB39
:10B7D00093E803008DE8030006AF4146384694E83D
:10B7E0000C00FFF78BFB97E8030084E8030018A91F
:10B7F0002046F1F7A0FF18B1336843F0020333602D
:10B8000094E8030085E8030028460FB0BDE8F08FF8
:10B81000CDE90B7BCDF834A0D2E700002DE9F04F45
:10B820002DED028B99B006A981E80C00DDE92638E0
:10B8300003F16C01049008460091F0F7B1F900990A
:10B8400008EE100A09A8F0F7BFFD00F140030593C8
:10B85000836A04461BB1036B003B18BF01230193AD
:10B860000EAB0C9300230D938DF83830237C1BB165
:10B8700020210CA800F0A5FD002514AB202112A862
:10B88000129313958DF8505000F09BFD04F1440382
:10B8900008EE903AE36B0A932F462E460295A9468E
:10B8A00000950AAB5B5D042B40D8DFE813F059012B
:10B8B00028012B00A000DA00BBF1000FF1D1D8F86D
:10B8C000003043F00403C8F8003006AC24A9204639
:10B8D000F1F731FF28B1D8F8003043F00203C8F87F
:10B8E000003094E80300049B83E8030012A800F0F2
:10B8F00077FC0CA800F074FC049819B0BDEC028B26
:10B90000BDE8F08F269BDB689A051ED4B9F1010FC4
:10B910001BD8D5B1012D0CD1019BB3B99DF82830AE
:10B92000032B12D09DF82A30012B0ED04FF0010BC3
:10B930002BE0022DFAD19DF82B30042B05D0019A73
:10B94000002AF3D0032B40F00E81236A03934FF0BB
:10B95000000A24A906A8F1F701FF039B83460028EB
:10B960003CD09A4511D006A8F1F7D6FEE36953F80A
:10B970002A30834235D0BAF1000F40F0F780269B81
:10B98000DB6883F40073C3F3402B0135042D93D19E
:10B99000B9F1010F40F22F81BBF1000F8FD0009B56
:10B9A000002B00F0E680E56A4FF0010B24A906A801
:10B9B000F1F7D4FE002800F0DE80D94500F0DE80EB
:10B9C00006A8F1F7A9FE55F82B3083427FF477AF34
:10B9D00006A8F0F71DFD0BF1010BE7E79A45CAD168
:10B9E000A4E706A8F0F714FD0AF1010AB1E7A36A7B
:10B9F000B3B9236B43B324A906A8F1F7AFFE83467E
:10BA000010B306A8F1F788FEE26A126882421BD1E1
:10BA100006A8D4F83090F0F7FBFCCDF800B0B4E7FE
:10BA200024A906A8F1F79AFE83460028E1D006A8CB
:10BA3000F1F772FE626A12688242DAD106A8D4F87F
:10BA40002890F0F7E5FCA0E7A36A1BB9019B83F0FF
:10BA5000010B9AE7236B002BF8D1012300939B463F
:10BA600093E724A906A8F1F779FE8346002843D07E
:10BA700006A8F1F751FE0BAA0B900A2118EE900AC6
:10BA8000EFF7BDFDA0B1059BA0EB030B5D4B4FEAAB
:10BA9000AB0B1B6812A813F80B1000F0C4FC06F1E6
:10BAA000010B029E06A8F0F7B3FC02965E46D8E7AB
:10BAB0000B9962698A4206D12FB9626B002A11DDA7
:10BAC0005F468346EEE7227C62B1A369994208D1C2
:10BAD00077B97EB1F1B20CA800F0A5FCBB46029E7E
:10BAE000E0E79346139A002A08BF4FF0000B4CE79B
:10BAF000BB46F7E7B346F5E74FF0010BF2E724A9A1
:10BB000006A8F1F72BFED8B94FF0000B032D3FF438
:10BB10003CAF24A906A8F1F721FE00283FF435AF79
:10BB200006A8F1F7F9FD0821024618EE100AE9F718
:10BB30008DF900283FF429AF06A8F0F769FCE8E783
:10BB400006A8F1F7E9FD0821024618EE100AE9F708
:10BB50007DF983460028D7D006A8F0F759FCD5E731
:10BB60004FF0010BD2E7DDF804B00EE74FF0000B09
:10BB70000BE7656A18E7D9457FF4A1AE139B012B4B
:10BB800011D90022302112A800F060FE024650B107
:10BB9000431C08BF13984FF0000108BF00F1FF32AB
:10BBA00012A800F05FFC009B3BB112990B78302B80
:10BBB00003D02D2212A800F0EDFC0D9B8BB1F7B144
:10BBC0009DF808100CA800F02EFCD4E902010CAA84
:10BBD00001F0DFFA28B9D8F8003043F00403C8F8C0
:10BBE00000301FB1636BB3427FF469AE289812A98D
:10BBF00000F0BEFD69E6BBF1000FBFD15FE6F1B218
:10BC0000E0E700BF3C0F00202DE9F04F2DED028B47
:10BC100099B006A981E80C00DDE9263803F16C0132
:10BC2000049008460091EFF7BBFF009908EE100A58
:10BC300009A8F0F7F7FB00F140030593836A044677
:10BC40001BB1036B003B18BF012301930EAB0C9398
:10BC500000230D938DF83830237C1BB120210CA8D4
:10BC600000F0AFFB002514AB202112A8129313950E
:10BC70008DF8505000F0A5FB04F1440308EE903A13
:10BC8000E36B0A932F462E460295A94600950AAB10
:10BC90005B5D042B40D8DFE813F0590128012B002D
:10BCA000A000DA00BBF1000FF1D1D8F8003043F06A
:10BCB0000403C8F8003006AC24A92046F1F73BFD88
:10BCC00028B1D8F8003043F00203C8F8003094E8F7
:10BCD0000300049B83E8030012A800F081FA0CA87B
:10BCE00000F07EFA049819B0BDEC028BBDE8F08F2D
:10BCF000269BDB689A051ED4B9F1010F1BD8D5B17C
:10BD0000012D0CD1019BB3B99DF82830032B12D023
:10BD10009DF82A30012B0ED04FF0010B2BE0022DA5
:10BD2000FAD19DF82B30042B05D0019A002AF3D0CC
:10BD3000032B40F00E81236A03934FF0000A24A9DD
:10BD400006A8F1F70BFD039B834600283CD09A45DB
:10BD500011D006A8F1F7E0FCE36953F82A308342DA
:10BD600035D0BAF1000F40F0F780269BDB6883F4F2
:10BD70000073C3F3402B0135042D93D1B9F1010FAA
:10BD800040F22F81BBF1000F8FD0009B002B00F001
:10BD9000E680E56A4FF0010B24A906A8F1F7DEFC66
:10BDA000002800F0DE80D94500F0DE8006A8F1F71B
:10BDB000B3FC55F82B3083427FF477AF06A8F0F739
:10BDC00027FB0BF1010BE7E79A45CAD1A4E706A8C8
:10BDD000F0F71EFB0AF1010AB1E7A36AB3B9236BBE
:10BDE00043B324A906A8F1F7B9FC834610B306A80B
:10BDF000F1F792FCE26A126882421BD106A8D4F8DD
:10BE00003090F0F705FBCDF800B0B4E724A906A800
:10BE1000F1F7A4FC83460028E1D006A8F1F77CFCEA
:10BE2000626A12688242DAD106A8D4F82890F0F744
:10BE3000EFFAA0E7A36A1BB9019B83F0010B9AE715
:10BE4000236B002BF8D1012300939B4693E724A991
:10BE500006A8F1F783FC8346002843D006A8F1F733
:10BE60005BFC0BAA0B900A2118EE900AEFF7C7FBB8
:10BE7000A0B1059BA0EB030B5D4B4FEAAB0B1B681E
:10BE800012A813F80B1000F0CEFA06F1010B029E77
:10BE900006A8F0F7BDFA02965E46D8E70B996269EC
:10BEA0008A4206D12FB9626B002A11DD5F468346B4
:10BEB000EEE7227C62B1A369994208D177B97EB1DD
:10BEC000F1B20CA800F0AFFABB46029EE0E7934641
:10BED000139A002A08BF4FF0000B4CE7BB46F7E768
:10BEE000B346F5E74FF0010BF2E724A906A8F1F7F6
:10BEF00035FCD8B94FF0000B032D3FF43CAF24A91B
:10BF000006A8F1F72BFC00283FF435AF06A8F1F79F
:10BF100003FC0821024618EE100AE8F797FF0028F4
:10BF20003FF429AF06A8F0F773FAE8E706A8F1F79F
:10BF3000F3FB0821024618EE100AE8F787FF834654
:10BF40000028D7D006A8F0F763FAD5E74FF0010B29
:10BF5000D2E7DDF804B00EE74FF0000B0BE7656A9F
:10BF600018E7D9457FF4A1AE139B012B11D900220C
:10BF7000302112A800F06AFC024650B1431C08BFF1
:10BF800013984FF0000108BF00F1FF3212A800F033
:10BF900069FA009B3BB112990B78302B03D02D220C
:10BFA00012A800F0F7FA0D9B8BB1F7B19DF80810BD
:10BFB0000CA800F038FAD4E902010CAA01F0E9F863
:10BFC00028B9D8F8003043F00403C8F800301FB196
:10BFD000636BB3427FF469AE289812A900F0C8FBE6
:10BFE00069E6BBF1000FBFD15FE6F1B2E0E700BF49
:10BFF0003C0F00202DE9F04192B008AC84E80C0021
:10C00000DDE91B380EAA8C469DF868100C920CAF27
:10C0100000220293CDE9038706460D928DF8382061
:10C0200006AD18AB11B393E803008DE80300614639
:10C0300094E80C002846FFF7F1FB95E803000C9DFF
:10C0400084E80300F5F72CFB1D990B900BAB4246DF
:10C050002846F5F72FF994E8030086E803003846F0
:10C0600000F0BEF8304612B0BDE8F08193E803005E
:10C070008DE80300614694E80C002846FFF7C4FDF4
:10C08000DBE72DE9F04F91B008ACDDF874B09DF816
:10C0900070A006460BF16C0084E80C008846EFF7B0
:10C0A0007FFD1E9BCDE902B30AAF04971AAB814610
:10C0B00093E803008DE803000CAA0A9206AD002263
:10C0C0000B928DF83020414694E80C002846BAF1D6
:10C0D000000F1DD0FFF7A2FB95E803000B9D84E83D
:10C0E000030055B11F98294600F0B0FE0A991F9B26
:10C0F0004A191B684846EFF790FF94E8030086E86A
:10C100000300384600F06CF8304611B0BDE8F08FFF
:10C11000FFF77AFDE0E70000184B1A68D1075CBF13
:10C1200001221A60164B1A68D2075CBF01221A60FE
:10C13000144B1A68D0075CBF01221A60124B1A68B0
:10C14000D1075CBF01221A60104B1A68D2075CBF8E
:10C1500001221A600E4B1A68D0075CBF01221A60D8
:10C160000C4B1A68D1075CBF01221A600A4B1A688F
:10C17000D2075CBF01221A60704700BF644B0020E9
:10C18000604B00205C4B0020584B0020544B00209B
:10C19000504B00204C4B0020484B002008B50B684A
:10C1A000B3F1804F02D30D48E8F7FBFB93420BD964
:10C1B000B3EB420F4FEA420006D2B0F1804F2ABFE4
:10C1C0006FF0404308600B600868013001D5E8F764
:10C1D000DFFBBDE80840E7F7B1BC00BF433B04000C
:10C1E00050F8083B834202D01846E7F7ABBC7047D3
:10C1F00008B5034608465B689842114603D90246D3
:10C200000148E8F7D1FB08BD402B0400406801F16C
:10C2100080410139091A914208B502D21846E8F75F
:10C22000C0FB08BD03688B4206D8406818448142B1
:10C2300094BF00200120704701207047012A10B5EB
:10C2400002D10A78027010BDE9F724F9FBE7012A50
:10C2500030B403D10B78037030BC7047002AFBD098
:10C2600030BC04F079BA0B46012B10B411460446D9
:10C2700003D122705DF8044B7047002BFAD05DF8B3
:10C28000044B1A4604F082BA37B50F2904460191CF
:10C29000154606D9002201A9FFF780FF019B206007
:10C2A000A360019919B120682A46FFF7DCFF019BC2
:10C2B000226863600021D15403B030BD08B5521A22
:10C2C000FFF7BCFF08BD08B5521AFFF7B7FF08BD5E
:10C2D0002DE9F3470A9E1F46436801EB0208B21A94
:10C2E0001A44A3EB08090346019253F8082B9A421B
:10C2F00018BF82680D4608BF0F2201A90446FFF748
:10C300004DFF82461DB121682A46FFF797FF37B1DE
:10C310002EB1324639460AEB0500FFF78FFFB9F11F
:10C32000000F07D0216835444A4641440AEB050016
:10C33000FFF784FF2046FFF753FF019BC4F800A0DE
:10C34000A36002B0BDE8F08738B50446154608463C
:10C3500011446268521A05D025B123681944184463
:10C36000FFF775FF62682368551B002265605A5508
:10C3700038BDF8B50D4651F8083B6A689942044645
:10C3800000680DD10AB1FFF759FF6B68226863603E
:10C390000021D1542A6800236B6013702046F8BD39
:10C3A000C4E9003204F10807B842AB6818BFA668B8
:10C3B000A36008BF002010B12860AE60EAE72960E2
:10C3C000E8E737B50546436899422CBF01910193D0
:10C3D00055F8081B8D4218BF82680446019808BFB3
:10C3E0000F22904212D001D80F2811D901A920465E
:10C3F000FFF7D4FE6268216801320546FFF71EFF91
:10C400002046FFF7EDFE019B2560A36003B030BD21
:10C410008D42FBD05A1C2846FFF710FF2068E7F733
:10C4200091FB2560F2E70346F7B553F8082B466801
:10C430009A4218BF836806F1010508BF0F239D4289
:10C4400004460F4606D90123009300231A463146BD
:10C45000FFF73EFF23689F552368656000225A5509
:10C4600003B0F0BD70B516460C4A04460D46FFF702
:10C47000BFFE731C05D12368656000225A55204613
:10C4800070BD002EFBD06268521BB24228BF3246FC
:10C4900029462046FFF758FFF1E700BFA22B040012
:10C4A0002DE9F34116461D4604461C4B2A460F460D
:10C4B0003146FFF7ABFE2346626853F8080B9842FB
:10C4C00018BFA368A5EB0608904408BF0F23434597
:10C4D0001BD3F319D21A06D0AE4204D038448119C6
:10C4E0002844FFF7B4FE35B120689DF82020294686
:10C4F0003844FFF7B8FE2368C4F8048000222046C1
:10C5000003F8082002B0BDE8F08100950023324610
:10C5100039462046FFF7DCFEE5E700BFB62B0400F6
:10C5200007B500920B4600224168FFF7B9FF03B040
:10C530005DF804FB10B544688C42034603D2091B26
:10C54000FFF7EEFF10BD81BF0368416000225A541F
:10C55000F8E708B50022FFF7EDFF08BD07B5009228
:10C560000B4642680021FFF79BFF03B05DF804FB18
:10C5700073B51546064A1E460446FFF739FE009677
:10C5800001462B4600222046FFF78AFF02B070BD0D
:10C59000D32B040037B50468009205460C1B012319
:10C5A00000222146FFF77CFF2868204403B030BDFD
:10C5B0002DE9F74F0C9D144680462A4689461F46B2
:10C5C0002146394BFFF722FE4246D8F8043052F894
:10C5D000086B964218BFD8F80820A5EB040B03EBB4
:10C5E0000B0A08BF0F22524551D34E443946A1448D
:10C5F0004046A3EB0909FFF715FE80B1B9F1000F22
:10C6000006D0AC4204D04A4631197019FFF71FFE1C
:10C6100015B32A4639463046FFF710FE1CE035B107
:10C62000AC423CD32A4639463046FFF710FEB9F1FA
:10C63000000F11D0AC420FD04A4631197019FFF7E4
:10C6400006FEAC4208D234447B199C420FD32A46E2
:10C6500039463046FFF7FBFDD8F80030C8F804A093
:10C660000022404603F80A2003B0BDE8F08FBC4228
:10C6700003D82A4607EB0B01CDE7E41B22463946D7
:10C680003046FFF7E4FD2A1B71193019C4E7009505
:10C690003B46224649464046FFF71AFEDCE7B9F121
:10C6A000000FD0D0C8E700BF5B3B040007B5009285
:10C6B0000B4642680021FFF77BFF03B05DF804FBE7
:10C6C00073B504462346406853F8086B9E4218BF72
:10C6D000A36800EB020508BF0F239D420AD812B1E0
:10C6E0003044FFF7ABFD23686560002220465A55B1
:10C6F00002B070BD00920B46002201462046FFF7B3
:10C70000E7FDF0E708B5D1E90012FFF7D9FF08BD52
:10C7100008B5FFF7F7FF08BD70B5064B04460D4698
:10C7200016460021FFF772FD324629462046FFF7E4
:10C73000C7FF70BDFD2B04002DE9F8430746914665
:10C7400088460A4A19461E46FFF752FD7D68AC1B13
:10C750004C4528BF4C462CB13968224631444046EE
:10C76000FFF76CFD2046BDE8F88300BF772B04007F
:10C770002DE9F043884285B005460C4636D0074681
:10C780000E4657F8082B56F8083B97424AD19E426E
:10C790003BD1D0F80490D1F80480B9F1000F16D045
:10C7A0001022B8F1000F24D031466846E8F772FE37
:10C7B000102239463046E8F76DFE102269463846A9
:10C7C000E8F768FE6B6862686A6063600EE0B8F163
:10C7D000000FF7D0102231463846E8F75BFE636859
:10C7E0006B602368C4F8049083F8009005B0BDE83E
:10C7F000F08339463046E8F74DFE6B6863602B687E
:10C80000C5F8048083F80080F0E7D1F80880102292
:10C8100039463046E8F73EFE23682B602660C5F8AF
:10C820000880CFE79E42D0F808800AD11022314616
:10C830003846E8F72FFE2B6823602F60C4F8088085
:10C84000C0E703608B680A608360F7E710B5436850
:10C850009A4205D20468A45C8C4203D10132F7E706
:10C860004FF0FF32104610BD73B5044616460D4614
:10C8700019B912B10D48E8F791F8731B0F2B01930A
:10C8800007D9002201A92046FFF788FC019B206000
:10C89000A360324629462068FFF710FD019B2268FD
:10C8A00063600021D15402B070BD00BF743B04002E
:10C8B00038B500F108030360D1E9005204464FF097
:10C8C00000032A442946FFF7CFFF204638BD000069
:10C8D00073B5044616460D4619B912B10D48E8F76E
:10C8E0005DF8731B0F2B019307D9002201A9204685
:10C8F000FFF754FC019B2060A36032462946206864
:10C90000FFF7E1FC019B226863600021D15402B073
:10C9100070BD00BF743B0400004870479E3B04009C
:10C92000004870471E9A0300742A22DC572A0BDC49
:10C930004D2A28DC3B2A0DDC242A16DC0F2A10DCC9
:10C94000531E0D2B1FD80CE0A2F158030121994072
:10C950000E4B15E0A2F13C0101238B400C490B4228
:10C9600011D00C4B026043607047A2F12D03012BE4
:10C97000E8E7A2F17603182B05D801219940064B70
:10C980000B40002BEDD1054B0260ECE79D00BF1F73
:10C990008F080200B40F0020BF07F101B00F002084
:10C9A000C0E90021704713B5036814465B690A4665
:10C9B0000146684698476368019A9A4206D10098F2
:10C9C0002368C31A5842584102B010BD0020FBE74B
:10C9D0004B68834204D10868831A58425841704713
:10C9E000002070477047704710B50446E7F7AAF873
:10C9F000204610BD10B50446E7F7A4F8204610BD48
:10CA000010B50B6886B01B69044668469847DDE997
:10CA10000012204600F011FE6846FFF7E1FB2046B9
:10CA200006B010BD38B50446104605F081F904F192
:10CA300008032360054650B105F0E0FE2A182046A1
:10CA40004FF000032946FFF743FF204638BD4FF063
:10CA5000FF32F4E708B5064A06490748E7F76EFDD6
:10CA6000BDE80840024A05490548E7F767BD00BF31
:10CA700000000020E7C90200B40F0020E5C9020051
:10CA8000B00F002003684160002243F82120704766
:10CA900008B50B68B3F1805F02D30E48E7F781FF5A
:10CAA00093420BD9B3EB420F4FEA420006D2B0F1EA
:10CAB000805F2ABF6FF0704308600B600868013028
:10CAC000B0F1005F01D3E7F763FFBDE808408000E5
:10CAD000E7F734B8433B040050F8083B834202D0E8
:10CAE0001846E7F72FB8704708B5034608465B6855
:10CAF0009842114603D902460148E7F755FF08BDA1
:10CB0000402B0400406801F180510139091A91421B
:10CB100008B502D21846E7F744FF08BD03688B4208
:10CB200007D8406803EB8000814294BF00200120B9
:10CB3000704701207047012A10B502D10A680260CF
:10CB400010BDEEF764FDFBE7012A30B403D10B689A
:10CB5000036030BC7047002AFBD030BC08F0BCB882
:10CB60000B46012B10B41146044603D122605DF838
:10CB7000044B7047002BFAD05DF8044B1A4608F0BE
:10CB8000AEB837B5032904460191154606D90022EF
:10CB900001A9FFF77DFF019B2060A360019919B1F6
:10CBA00020682A46FFF7DCFF01992046FFF76AFF5D
:10CBB00003B030BD08B5521A9210FFF7BCFF08BD94
:10CBC00008B5521A9210FFF7B6FF08BD2DE9F347DA
:10CBD0000A9E1F46436801EB0208B21A1A44A3EBEF
:10CBE00008090346019253F8082B9A4218BF82683D
:10CBF0000D4608BF032201A90446FFF749FF8246FC
:10CC00001DB121682A46FFF796FF37B12EB1324693
:10CC100039460AEB8500FFF78EFFB9F1000F08D007
:10CC2000216835444A4601EB88010AEB8500FFF78D
:10CC300082FF2046FFF750FF019BC4F800A0A360CD
:10CC400002B0BDE8F08738B50446154608461144E1
:10CC50006268521A07D035B1236803EB810103EBF8
:10CC60008000FFF771FF61682046491BFFF70AFF4C
:10CC700038BDF8B50C4651F8083B62689942054644
:10CC800000680CD10AB1FFF756FF61682846FFF72C
:10CC9000F9FE22680023636028461360F8BD05F1A1
:10CCA0000807B842C5E9003208BF0020A36818BFD2
:10CCB000AE68AB6010B12060A660EAE72160E8E7EB
:10CCC00037B50546436899422CBF0191019355F849
:10CCD000081B8D4218BF82680446019808BF0322D2
:10CCE000904212D001D8032811D901A92046FFF79C
:10CCF000CFFE6268216801320546FFF71CFF20461F
:10CD0000FFF7EAFE019B2560A36003B030BD8D42B2
:10CD1000FBD05A1C2846FFF70EFF2068E6F712FFEB
:10CD20002560F2E70346F7B553F8082B45689A42A9
:10CD300018BF836805F1010708BF03239F4204461B
:10CD40000E4606D90123009300231A462946FFF711
:10CD50003DFF2368394643F825602046FFF792FEE1
:10CD600003B0F0BD70B516460C4A04460D46FFF7F9
:10CD7000BBFE731C05D129462046FFF783FE2046E3
:10CD800070BD002EFBD06268521BB24228BF3246F3
:10CD900029462046FFF757FFF1E700BFA22B04000A
:10CDA0002DE9F34116461D4604461C4B2A460F4604
:10CDB0003146FFF7A7FE2346626853F8080B9842F6
:10CDC00018BFA368A5EB0608904408BF032343459A
:10CDD0001CD3F319D21A09D0AE4207D000EB87005A
:10CDE00000EB860100EB8500FFF7AEFE35B1206851
:10CDF000089A294600EB8700FFF7B2FE204641461D
:10CE0000FFF740FE204602B0BDE8F0810095002308
:10CE1000324639462046FFF7D9FEE7E7B62B040035
:10CE200007B500920B4600224168FFF7B9FF03B037
:10CE30005DF804FB10B544688C4203D2091BFFF770
:10CE4000EFFF10BDFDD9FFF71DFEFAE708B5002280
:10CE5000FFF7F0FF08BD07B500920B4642680021BE
:10CE6000FFF79EFF03B05DF804FB000073B51546A5
:10CE7000064A1E460446FFF737FE009601462B463B
:10CE800000222046FFF78CFF02B070BDD32B0400B8
:10CE90002DE9F74F0C9D144680462A4689461F46C9
:10CEA00021463E4BFFF72EFE4246D8F8043052F89A
:10CEB000086B964218BFD8F80820A5EB040B03EBCB
:10CEC0000B0A08BF032252455BD306EB890639469D
:10CED000A1444046A3EB0909FFF720FE90B1B9F148
:10CEE000000F08D0AC4206D04A4606EB840106EBA0
:10CEF0008500FFF729FE45B32A4639463046FFF73D
:10CF00001AFE22E035B1AC4243D32A4639463046B8
:10CF1000FFF71AFEB9F1000F17D0AC4215D04A4600
:10CF200006EB840106EB8500FFF70EFEAC420CD247
:10CF300006EB840407EB85039C424FEA85090CD37A
:10CF40002A4639463046FFF7FFFD40465146FFF777
:10CF500099FD404603B0BDE8F08FBC4203D82A4695
:10CF600007EB8B01CAE7E41B4FEAA40B5A4639468C
:10CF70003046FFF7E9FDA5EB0B0206EB090130197E
:10CF8000BDE700953B46224649464046FFF71EFE58
:10CF9000DBE7B9F1000FCBD0C1E700BF5B3B04007A
:10CFA00007B500920B4642680021FFF771FF03B0FE
:10CFB0005DF804FB73B504462346406853F8086BDC
:10CFC0009E4218BFA36800EB020508BF03239D42E1
:10CFD0000BD81AB106EB8000FFF7ADFD20462946BD
:10CFE000FFF750FD204602B070BD00920B460022B4
:10CFF00001462046FFF7EAFDF0E708B5D1E9001247
:10D00000FFF7D8FF08BD08B5FFF7F7FF08BD000020
:10D0100070B5064B04460D4616460021FFF772FD1B
:10D02000324629462046FFF7C5FF70BDFD2B0400A0
:10D030002DE9F8430746914688460A4A19461E4696
:10D04000FFF752FD7D68AC1B4C4528BF4C4634B100
:10D050003968224601EB86014046FFF76CFD204609
:10D06000BDE8F883772B040073B5044616460D46D9
:10D0700019B912B10D48E7F791FC731B9B10032BF4
:10D08000019307D9002201A92046FFF701FD019B6A
:10D090002060A360206832462946FFF78BFD019986
:10D0A0002046FFF7EFFC02B070BD00BF743B0400E8
:10D0B00038B500F108030360D1E9005204464FF08F
:10D0C000000305EB82022946FFF7CEFF204638BD5C
:10D0D00073B5044616460D4619B912B10D48E7F767
:10D0E0005DFC731B9B10032B019307D9002201A940
:10D0F0002046FFF7CDFC019B2060A36020683246EC
:10D100002946FFF75DFD01992046FFF7BBFC02B001
:10D1100070BD00BF743B04000368DB0706D443788E
:10D1200003B1FFDE012343701846704700207047AB
:10D1300001230360704708B50846114604F008FC57
:10D14000031E18BF012343EAA07008BD084611461C
:10D150001A4606F01FBB08B50846114606F0D4FE75
:10D16000031E18BF012343EAA07008BD08461146FC
:10D170001A4607F0C5BC10B503990446FFF798FBA3
:10D18000204610BD10B503990446FFF791FF2046D5
:10D1900010BDD2E90023F4F747BC000038B584681D
:10D1A0000546ACB94420E6F7C9FC1A4B0482C0E935
:10D1B0000034C0E90244C0E90544C0E90744C0E9BD
:10D1C0000944C0E90B448474446380F84340A86078
:10D1D000AB6811492E225A74AB682C229A74AA6843
:10D1E0000023C2E90513C2E90713C2E909139160DC
:10D1F0000A49D36008681063D362AA685063084A7A
:10D200001068AA68C15C1A4401330B2B82F83810ED
:10D21000F7D138BD280B040031C10300941A040073
:10D220003C0F002038B584680546ACB94420E6F7C9
:10D2300085FC1A4B0482C0E90034C0E90244C0E90D
:10D240000544C0E90744C0E90944C0E90B448474BB
:10D25000446380F84340A860AB6811492E225A7499
:10D26000AB682C229A74AA680023C2E90513C2E9AC
:10D270000713C2E9091391600A49D3600868106373
:10D28000D362AA685063084A1068AA68C15C1A444D
:10D2900001330B2B82F83810F7D138BD180B04007E
:10D2A00031C10300941A04003C0F0020064B10B556
:10D2B00004460360806810B103685B6898472046A5
:10D2C000F4F7CDF9204610BD882D040010B50446B2
:10D2D000FFF7ECFF2046E6F735FC204610BD0000C6
:10D2E000064B10B504460360806810B103685B68A4
:10D2F00098472046F4F7B3F9204610BDBC2D040032
:10D3000010B50446FFF7ECFF2046E6F71BFC20466D
:10D3100010BD000038B584680546B4B97020E6F742
:10D320000DFCC0E90244C0E90544C0E90744C0E976
:10D330000944C0E90B44C0E90D44154B4460036047
:10D340000474C46380F86C40A860AB682E212C2262
:10D35000C3E905120F49104A9A600022C3E9071277
:10D36000C3E90912C3E90B12DA605A630B4A106869
:10D370009863AB68D8630A4BAA681B684032591E91
:10D380000A3311F8010F42F8040B9942F9D138BD64
:10D3900020130400F04A040031C10300941A040071
:10D3A0003C0F002038B584680546B4B97020E6F714
:10D3B000C5FBC0E90244C0E90544C0E90744C0E92F
:10D3C0000944C0E90B44C0E90D44154B44600360B7
:10D3D0000474C46380F86C40A860AB682E212C22D2
:10D3E000C3E905120F49104A9A600022C3E90712E7
:10D3F000C3E90912C3E90B12DA605A630B4A1068D9
:10D400009863AB68D8630A4BAA681B684032591E00
:10D410000A3311F8010F42F8040B9942F9D138BDD3
:10D4200010130400F04A040031C10300941A0400F0
:10D430003C0F0020064B10B504460360806810B115
:10D4400003685B6898472046F4F709F9204610BD49
:10D450006038040010B50446FFF7ECFF2046E6F7FD
:10D4600071FB204610BD0000064B10B5044603605A
:10D47000806810B103685B6898472046F4F7EFF8BE
:10D48000204610BD9438040010B50446FFF7ECFFA9
:10D490002046E6F757FB204610BD000038B58468EB
:10D4A000054684B96820E6F749FBC0E90244C0E9B3
:10D4B0000544C0E907441A4B446003600474848443
:10D4C00080F86440A860AA68164B93602E21002360
:10D4D00082F82410D3601374AA682C2182F82510D6
:10D4E000114A1068AA68C15C1A440133242B82F8DF
:10D4F0002610F7D10D4B18680023AA68C15C1A44A6
:10D5000001331A2B82F84A10F7D1AB68084A5A61E6
:10D5100004229A61074ADA6105221A6238BD00BF07
:10D52000380B040031C10300380F0020340F0020F5
:10D53000201B0400251B0400064B10B504460360A5
:10D54000806810B103685B6898472046F4F787F855
:10D55000204610BD642D040010B50446FFF7ECFF13
:10D560002046E6F7EFFA204610BD000038B5846883
:10D57000054694B94FF49470E6F7E0FAC0E9024426
:10D58000C0E90544C0E90744C0E90944184B4460B8
:10D590000360047480F82441A860AB68154A9A605F
:10D5A00000222E21DA601A742C22C3E90912124AD1
:10D5B000126803F12C00511E233211F8014F40F87C
:10D5C000044B9142F9D10D4A126803F1BC00511E7F
:10D5D000193211F8014F40F8044B9142F9D1084A31
:10D5E0005A6104229A61074ADA6105221A6238BD3B
:10D5F0003013040031C10300380F0020340F002025
:10D600002C1B0400401B0400064B10B504460360AD
:10D61000806810B103685B6898472046F4F71FF8EC
:10D62000204610BD3C38040010B50446FFF7ECFF5F
:10D630002046E6F787FA204610BD13B501AB044635
:10D64000F8F740F8204602B010BD000000000000CE
:10D650002DE9F04F2DED028B8DB057EC106B55EC92
:10D66000114B00F0ADF9AE4BB0EE408AF0EE608A9F
:10D6700093F90090B9F1FF3F37D022462B46204660
:10D68000294601F0D9FD834678BB32463B463046F9
:10D69000394601F0D1FD8046002840F093804FF0DC
:10D6A000000A4FF0000B3046394652465B4601F007
:10D6B00091FD18B352465B462046294601F08AFD8B
:10D6C0000090002857D0974BCDF828800122CDE953
:10D6D0000467CDE90645CDE908AB02920393B9F1A1
:10D6E000000F00F089809FED8A8BB0EE480AF0EEC3
:10D6F000680A0DB0BDEC028BBDE8F08FB0EE480AB1
:10D70000F0EE680A01F004F88046002800F08280FC
:10D710004FF000084FF0000951EC180B42464B4601
:10D7200001F058FD0028E0D047EC106B00F0F0FF4E
:10D730000028DAD045EC104B00F0EAFF0028D4D0E6
:10D74000774B784A93F90030039204210022022B90
:10D75000CDE90467CDE90645CDE9088902910A9231
:10D7600004D002A800F0E0FF00284AD102F068F9D6
:10D770002223036045E045EC104B00F0C9FF002870
:10D78000B3D052465B462046294601F02DFD0028C5
:10D79000ABD0634B0099634A93F900300A910121A1
:10D7A000CDE90467CDE90645CDE90212002B6FD122
:10D7B000CDE908AB02A800F0B7FF00286ED00A9BA5
:10D7C0002BB320E0002200232046294601F002FD71
:10D7D00000288AD09FED4E8B524BCDF828B0012205
:10D7E000B9F1020FCDE90467CDE906458DED088B4F
:10D7F000029203933FF479AF02A800F095FF00284E
:10D8000051D00A9B1BB102F01BF90A9B03609DEDEE
:10D81000088B6AE747EC106B00F07AFF00283FF4B2
:10D8200077AF45EC104B00F073FF00283FF470AF6A
:10D8300053EC182B18EE100A194601F0FDFC384B7A
:10D84000002840F0968093F900800A900323029309
:10D85000344B0393CDE90467CDE90645B8F1000FD9
:10D8600026D1DFF8D0904FF0604852465B463046F4
:10D870003946CDE9088901F0B7FC48BB02A800F0A1
:10D8800053FF00289BD102F0DBF82223036096E7C8
:10D8900025490020022BCDE908018BD102F0D0F8F8
:10D8A000212303608BE702F0CBF821230360A8E774
:10D8B0009FED197B52465B46304639468DED087B1D
:10D8C00001F092FC002837D1B8F1020FDBD0D5E788
:10D8D000164B00222046294601F014FA02460B4658
:10D8E00043EC102BCDE9002300F02AFFDDE90023F3
:10D8F00051EC100B01F06EFC002836D10C4B08499E
:10D900004FF06042CDE9082391F90080DCE700BFC9
:10D91000000000000000F03F000000000000F07F69
:10D92000B80F0020843C04000000F0FF0000E03F3E
:10D93000FFFFEFC7FFFFEF471C4B002220462946A1
:10D9400001F0E0F902460B4643EC102BCDE9002331
:10D9500000F0F6FEDDE9002351EC100B01F03AFC7B
:10D9600018B9134B0022CDE90823124B93F900801C
:10D97000AAE793F90090104BCDF828800122CDE959
:10D980000467CDE90645CDE90223B9F1000F3FF464
:10D990000FAF52465B465046594601F0DDFAB9F1E9
:10D9A000020FCDE908013FF479AF03E70000E03F43
:10D9B0000000F0FFB80F0020843C040000000000CD
:10D9C0002DE9F04F57EC116B2DED0A8B27F0004A33
:10D9D0005AEA060289B03DD055EC104B764925F045
:10D9E0000048884510EE102AA9462CDC11EE103AAA
:10D9F000BB463AD08A4526DC6F498A4521D0B9F129
:10DA0000000F3DDB00210391002B55D16A4B9A4555
:10DA100000F0A880694B9A4500F0B680BBF1804FBA
:10DA200000F00185664B9B4546D1B9F1000F43DB01
:10DA300045EC104B09B0BDEC0A8BBDE8F04F00F08F
:10DA400099BD002BDBD008F1404808F5801858EA52
:10DA500002030DD19FED547B8DED007B9DED000BFE
:10DA600009B0BDEC0A8BBDE8F08F0CB9C245C3DD2F
:10DA7000544809B0BDEC0A8BBDE8F04F00F058BE29
:10DA800051498A4500F38780A1F154718A450FDD21
:10DA90004FEA2A51A1F2FF31142940F3CE84C1F19B
:10DAA000340123FA01F000FA01F1994200F02085D7
:10DAB00000210391002BADD045EC104B069200F0F5
:10DAC0001DFE069A8DED000B5ABBB8F1000F04D075
:10DAD0003A4B29F040429A4223D1BBF1000F07DABA
:10DAE000DDE900233549002001F036FACDE90001D7
:10DAF000B9F1000FB2DA039B08F1404808F580182D
:10DB000058EA030340F0BE84DDE9002310461946BD
:10DB100000F040FF02460B4601F01EFACDE900017D
:10DB20009CE7039A4FEAD973013B0693134335D020
:10DB3000264B9A454EDD03F104739A45244B40F37E
:10DB4000ED83984540F36B83BBF1000F40F36B838B
:10DB500017A3D3E900231046194601F0D3F8CDE905
:10DB600000017BE708F1404303F5801313433FF4C2
:10DB700071AF174B984540F38883BBF1000FC0F29B
:10DB80005283CDE9006769E7BBF1000FC0F2418421
:10DB9000CDE9004562E70221039135E722462B4695
:10DBA000B4E700BFAFF30080000000000000F03FCA
:10DBB0009C7500883CE4377E0000F07F0000F03F59
:10DBC0000000E03F883C0400FFFF3F430000E041CD
:10DBD000FFFFEF3FE44B09EA0303002B40F01684FC
:10DBE000DDE90001E14B002201F08CF8CDE90001F4
:10DBF000DDF804806FF034004FEA2853DC49C8F3A5
:10DC00001302A3F2FF3342F07F5818188A4207909C
:10DC100048F4401840F3E983D64B9A4240F33E84DF
:10DC20009FEDBB7BB0EE47BAF0EE67BAB0EE47CAE5
:10DC3000F0EE67CA9FEDB87B013054EC173B0790BC
:10DC4000A8F580184FF00009DDE900AB44EC183B63
:10DC50001A4650462346414600F09CFE53EC182BD2
:10DC600004460D465046414600F096FE02460B46DD
:10DC70000020C14901F070F945EC1A4B41EC190B39
:10DC800051EC1A0B53EC192B01F03CF8C3464FEA48
:10DC9000680848F0005808F5002303EB09050A4618
:10DCA00000230146CDE900120093DDE9008900243C
:10DCB000CDE904122B4622464046494601F022F89F
:10DCC00002460B4651EC1A0B00F064FE41EC170BB8
:10DCD00053EC182B2046294655EC174B00F05AFE02
:10DCE00002460B465046594600F054FE42464B460B
:10DCF00001F008F802460B462046294600F04AFE8D
:10DD000053EC192B00F0FEFFDDE904AB04460D4691
:10DD100052465B465046594600F0F4FF80A3D3E9D3
:10DD2000002345EC1A4B04460D4600F0EBFF7EA3A2
:10DD3000D3E9002300F030FE22462B4600F0E2FF3C
:10DD40007BA3D3E9002300F027FE22462B4600F0F8
:10DD5000D9FF79A3D3E9002300F01EFE22462B460B
:10DD600000F0D0FF76A3D3E9002300F015FE224691
:10DD70002B4600F0C7FF74A3D3E9002300F00CFE8C
:10DD800022462B4604460D461046194600F0BAFFBF
:10DD900002460B462046294600F0B4FF42460446A0
:10DDA0000D464B4650465946CDE904AB00F0F4FD14
:10DDB00053EC1A2B00F0A6FF22462B4600F0ECFD98
:10DDC000424604460D464B464046494600F09AFFFF
:10DDD00045EC194B694B002282468B4600F0DCFD76
:10DDE00053EC192B00F0D8FD009C0D4622462B4623
:10DDF0004046494600F086FF604B80468946002237
:10DE00002046294600F0C6FD52465B4600F0C2FDA2
:10DE100002460B4651EC190B00F0BCFDDDE9042372
:10DE200000F070FF49EC188B2246804689462B464D
:10DE300051EC1A0B00F066FF02460B46404649467D
:10DE400000F0AAFD82468B4652465B4651EC180B09
:10DE500000F0A2FD009C3EA3D3E9002320460D461E
:10DE600000F050FF53EC182B804689462046294687
:10DE700000F090FD02460B465046594600F08AFDE0
:10DE800035A3D3E9002300F03DFF49EC198B34A3FF
:10DE9000D3E90023804689462046294600F032FF18
:10DEA00002460B464046494600F076FD53EC1C2BDB
:10DEB00000F072FD824607988B4600F0B9FE52468C
:10DEC000804689465B4651EC190B00F065FD53EC2A
:10DED0001B2B00F061FD42464B4600F05DFD009CAF
:10DEE00042464B4620460D4600F054FD53EC1B2B9A
:10DEF00000F050FD53EC192B00F04CFD02460B4690
:10DF00005046594600F046FD82468B4638E000BF39
:10DF10000000000000000000000000000000F03FD2
:10DF2000EF4E454A287ECA3F65DBC9934A86CD3FFE
:10DF300001411DA96074D13F4D268F515555D53FE4
:10DF4000FFAB6FDBB66DDB3F033333333333E33F7C
:10DF5000000000E009C7EE3FFD033ADC09C7EE3FD1
:10DF6000F5015B14E02F3EBE0000F07F000040434F
:10DF70008E98030079B60B000000F03F00000840C7
:10DF8000039B069A013B134340F078819FEDC47BCD
:10DF9000B0EE479AF0EE679A0023CDE90067009350
:10DFA000DDE900893046424639464B4600F0F2FC36
:10DFB00022462B4600F0A6FE32463B4606460F465A
:10DFC0005046594600F09EFE02460B463046394602
:10DFD00000F0E2FC424682468B464B4620462946EC
:10DFE00000F090FE06460F463B46504659463246E4
:10DFF00000F0D2FCC44B994204460D46884640F3DB
:10E00000178101F13F4303F5E003034340F02A8207
:10E01000A5A3D3E900235046594600F0BDFC324683
:10E0200041EC180B3B462046294600F0B3FC024663
:10E030000B4651EC180B01F0F5F8002840F0128265
:10E04000C8F30A534FF48012A3F2FE3342FA03F3EB
:10E050004344AE49C3F30A52A2F2FF3241FA02FC32
:10E06000C3F3130523EA0C01C2F1140445F480152F
:10E07000B8F1000F0B4645FA04F103914FF0000090
:10E08000B8BF49420246B8BF03913046394600F056
:10E0900081FC06460F463B4650465946324600F044
:10E0A0007BFC039B1B0500930D46002480A3D3E952
:10E0B00000232046294600F025FE32468046894648
:10E0C0003B462046294600F065FC02460B4650467A
:10E0D000594600F05FFC78A3D3E9002300F012FE5C
:10E0E00077A3D3E9002306460F462046294600F0D1
:10E0F00009FE02460B463046394600F04DFC064606
:10E100000F4632463B464046494600F045FC4246F3
:10E110004B4604460D4600F03DFC02460B46304699
:10E12000394600F037FC224682468B462B46204675
:10E13000294600F0E7FD64A3D3E9002306460F4615
:10E1400000F0E0FD62A3D3E9002300F023FC324697
:10E150003B4600F0D7FD60A3D3E9002300F01CFC90
:10E1600032463B4600F0CEFD5DA3D3E9002300F02C
:10E1700011FC32463B4600F0C5FD5BA3D3E900230A
:10E1800000F00AFC32463B4600F0BCFD02460B465E
:10E190002046294600F0FEFB06460F4632463B4627
:10E1A0002046294600F0AEFD0022804689464FF009
:10E1B00080433046394600F0EDFB02460B464046B0
:10E1C000494600F0C9FE524606460F465B462046C9
:10E1D000294600F097FD52465B4600F0DDFB024603
:10E1E0000B463046394600F0D5FB22462B4600F060
:10E1F000D1FB02460B460020454900F0CBFB0B4605
:10E2000000991944B1F5801F0246C0F26981104699
:10E2100053EC192B00F076FDCDE900011EE4BBF1B3
:10E22000000FFFF695AC9FED327B8DED007B15E482
:10E23000DFF8E4C021F00043634540F30B81354B28
:10E240000B4403430AD132463B4600F0A3FB52463F
:10E250005B4600F0DDFF00283FF4F2AE26A3D3E9D1
:10E26000002351EC190B00F04DFD23A3D3E900234B
:10E2700000F048FDCDE90001FFF7F0BB9FED207BEA
:10E28000B0EE479AF0EE679A86E6BBF1000FCADA65
:10E2900007F1004300960193FFF7E0BBAFF3008066
:10E2A000000000000000F0BFFE822B654715973C80
:10E2B00000000000432EE63FEF39FAFE422EE63F13
:10E2C000396CA80C615C20BED0A4BE726937663E72
:10E2D000F16BD2C541BDBB3E2CDE25AF6A56113F66
:10E2E00093BDBE166CC1663F3E5555555555C53F4D
:10E2F000000000000000000059F3F8C21F6EA501E5
:10E30000000000000000F03FFFFF8F40FFFF0F0004
:10E310000000F03F00346F3FFFCB90409845FFF680
:10E320007EAF914B98453FF70FAC8F4B0022DDE954
:10E33000000100F02FFB78A3D3E9002304460D462B
:10E3400000F0E0FC76A3D3E9002382468B4620460A
:10E35000294600F0D7FC854B80468946002220469E
:10E36000294600F0CFFC02460B466FA1D1E900011F
:10E3700000F010FB22462B4600F0C4FC02460B4680
:10E3800000207B4900F006FB22462B4604460D4642
:10E390001046194600F0B6FC02460B4620462946B8
:10E3A00000F0B0FC62A3D3E9002300F0ABFC02460E
:10E3B0000B464046494600F0EDFA804689465046F5
:10E3C000594642464B4600F0E7FA002452465B4667
:10E3D00020460D4600F0DEFA02460B46404649460E
:10E3E00000F0D8FA82468B46CAE59FED537BB0EE2B
:10E3F00047BAF0EE67BAB0EE47CAF0EE67CA9FEDD3
:10E40000507B4FF0000954EC173B1DE40020FFF750
:10E41000F3BB554922462B46002000F09DFDCDE977
:10E420000001FFF71BBB22462B462046294600F081
:10E4300069FCCDE90001FFF711BB002B42D1C1F10E
:10E4400014014AFA01F000FA01F151455AD0039340
:10E45000FFF7E0BA464A93425BDCDDE90012009127
:10E46000039122E638A3D3E9002351EC190B00F005
:10E4700049FC35A3D3E9002300F044FCCDE90001B9
:10E48000FFF7ECBA039B012B7FF4E8AADDE900213A
:10E4900001F10043CDE90023FFF7E0BA9FED2C7BAB
:10E4A000B0EE47BAF0EE67BA9FED2B7BB0EE47CAED
:10E4B000F0EE67CA9FED2A7B4FF4802954EC173B9E
:10E4C000FFF7C2BB45EC104B039200F017F9039A1B
:10E4D0008DED000B002A7FF461AB0392FFF7F5BAD4
:10E4E000039843EC102B00F0BFF951EC100B8FE6B2
:10E4F00000F00100C0F102010391002B3FF48AAA51
:10E50000FFF7DABA00F00100C0F102030393FFF74E
:10E5100081BA1B1596E500BF000000604715F73F64
:10E5200044DF5DF80BAE543E555555555555D53F16
:10E53000FE822B654715F73F000000000000000039
:10E54000000000000000F03F9C7500883CE4377E2E
:10E550000000004003B8E23F06D0CF43EBFD4C3E45
:10E56000000000000000F83F0000F03F0000D03F36
:10E570000000E03F2DE9F0415F4A57EC106BBA43D1
:10E5800000F09880002F10EE104A3B464EDD391502
:10E590005BD0C3F31303CA0743F48013A1F2FF3E19
:10E5A00003D45B0003EBD4736400E20F4FF0000C64
:10E5B00002EB43034FEA6E0E6400664616254FF4E5
:10E5C0000012B118994202DC5B1A8E1894445B0069
:10E5D000013D03EBD4734FEA52024FEA4404F0D1F9
:10E5E0002F4620204FF0004209E03ED0E10F0138D5
:10E5F0004FEA520201EB43034FEA44043ED0B342D8
:10E6000002EB0501F1DD002901EB020509DBB04653
:10E610009B1BA14288BF03F1FF33641A174446468F
:10E62000E4E7002DF3DB06F10108F1E727F00042F3
:10E63000324336D0002F4DD13946E20A15396405F0
:10E640001346002AF9D0D70251D400205B00DE0225
:10E65000054600F10100F9D51A4623468440C0F171
:10E660002000C3401343491B93E7A142BED80029B1
:10E6700001EB0205D5DB98460023CEE7234312D1F8
:10E6800078084FEA6C0101F17F511CF0010F01F590
:10E69000001118BF40F0004001EB0E53024643EC5E
:10E6A000102BBDE8F0817B1C16BF781C0CF1010C0F
:10E6B0004008E6E710EE102A10EE100A3B463946F5
:10E6C00000F020FB32463B4600F066F941EC100BAF
:10E6D000BDE8F08110EE102A3046394600F05AF9B4
:10E6E00002460B4600F038FC41EC100BD9E72346FC
:10E6F00020204FF0FF35B4E70000F07F51EC100B05
:10E7000010EE102A21F0004343EC102B704700BF9D
:10E7100082B08DED000B019840F0004000F58010B4
:10E72000C00F02B0704700BF00207047000000001B
:10E730009FED010B704700BF000000000000F87F54
:10E74000F0B553EC102BC3F30A56A6F2FF30132892
:10E7500010EE105A83B019464FEAD37431DC00280A
:10E760004CDB3E4E064103EA060717432ED003EA70
:10E7700056031D434FEA56060CD04FF4802313284E
:10E7800021EA060643FA00F141EA06010CBF4FF008
:10E7900000450025324800EBC4042A46D4E9004570
:10E7A0000B462046294600F0F7F8CDE90001DDE9E7
:10E7B000000122462B4600F0EDF841EC100B03B0AF
:10E7C000F0BD332806DDB0F5806F40D043EC102B50
:10E7D00003B0F0BDA6F213464FF0FF30F040024206
:10E7E000F4D015EA50024FEA5003D3D04FF08042E4
:10E7F00025EA030542FA06F63543CBE723F000404D
:10E800001043E3D0C3F313001043454205431448BB
:10E8100000EBC400D0E90067590C2D0B490405F446
:10E82000002545EA01033046394600F0B5F8CDE948
:10E8300000013B46DDE90001324600F0ABF821F073
:10E84000004343EAC47141EC100B03B0F0BD10EE7D
:10E85000100A00F0A1F841EC100BB9E7FFFF0F0020
:10E86000903C04000000000038B553EC102BC3F3BB
:10E870000A511C46054681BB10EE101A23F00044D5
:10E88000214329D0194600223D4B3E4C10EE100A80
:10E8900000F038FAA54202460B4616DB0C46C1F3DF
:10E8A0000A513639294440F2FE70814221DC0029A8
:10E8B00047DC11F1350F34DA4CF250318D4218DC5F
:10E8C000002B27A1D1E9000144DB25A3D3E90023D4
:10E8D00000F018FA41EC100B38BD40F2FF70814295
:10E8E000E0D110EE100A194600F056F841EC100B7A
:10E8F00038BD002B1CA1D1E9000107DB1AA3D3E925
:10E90000002300F0FFF941EC100B38BD18A1D1E94C
:10E91000000115A3D3E9002300F0F4F941EC100B3A
:10E92000F3E724F0FF4424F4E004363144EA0153D1
:10E93000104619460022144B00F0E4F941EC100B8C
:10E9400038BD24F0FF4424F4E00444EA015343ECCE
:10E95000102B38BD08A1D1E90001B6E7AFF3008064
:10E9600059F3F8C21F6EA5019C7500883CE4377E00
:10E970009C7500883CE437FE59F3F8C21F6EA581F0
:10E9800000005043B03CFFFF0000903C81F000418C
:10E9900002E000BF83F0004330B54FEA41044FEA84
:10E9A000430594EA050F08BF90EA020F1FBF54EA1F
:10E9B000000C55EA020C7FEA645C7FEA655C00F0BB
:10E9C000E2804FEA5454D4EB5555B8BF6D420CDD8C
:10E9D0002C4480EA020281EA030382EA000083EA0F
:10E9E000010180EA020281EA0303362D88BF30BDAF
:10E9F00011F0004F4FEA01314FF4801C4CEA113105
:10EA000002D0404261EB410113F0004F4FEA033363
:10EA10004CEA133302D0524263EB430394EA050FEE
:10EA200000F0A780A4F10104D5F1200E0DDB02FA5D
:10EA30000EFC22FA05F2801841F1000103FA0EF2F1
:10EA4000801843FA05F359410EE0A5F120050EF1B7
:10EA5000200E012A03FA0EFC28BF4CF0020C43FAE8
:10EA600005F3C01851EBE37101F0004507D54FF0F5
:10EA7000000EDCF1000C7EEB00006EEB0101B1F545
:10EA8000801F1BD3B1F5001F0CD349085FEA30008B
:10EA90004FEA3C0C04F101044FEA445212F5800F96
:10EAA00080F09A80BCF1004F08BF5FEA500C50F133
:10EAB000000041EB045141EA050130BD5FEA4C0C16
:10EAC000404141EB0101013C28BFB1F5801FE9D273
:10EAD00091F0000F04BF01460020B1FA81F308BF96
:10EAE0002033A3F10B03B3F120020CDA0C3208DD62
:10EAF00002F1140CC2F10C0201FA0CF021FA02F13D
:10EB00000CE002F11402D8BFC2F1200C01FA02F1AC
:10EB100020FA0CFCDCBF41EA0C019040E41AA2BFD1
:10EB200001EB0451294330BD6FEA04041F3C1CDA99
:10EB30000C340EDC04F11404C4F1200220FA04F0B9
:10EB400001FA02F340EA030021FA04F345EA030163
:10EB500030BDC4F10C04C4F1200220FA02F001FA25
:10EB600004F340EA0300294630BD21FA04F02946A7
:10EB700030BD94F0000F83F4801306BF81F4801140
:10EB80000134013D4EE77FEA645C18BF7FEA655CB3
:10EB900029D094EA050F08BF90EA020F05D054EA85
:10EBA000000C04BF1946104630BD91EA030F1EBF8A
:10EBB0000021002030BD5FEA545C05D1400049418E
:10EBC00028BF41F0004130BD14F580043CBF01F581
:10EBD000801130BD01F0004545F0FE4141F4700167
:10EBE0004FF0000030BD7FEA645C1ABF1946104642
:10EBF0007FEA655C1CBF0B46024650EA013406BF43
:10EC000052EA033591EA030F41F4002130BD00BF01
:10EC100090F0000F04BF0021704730B54FF48064BE
:10EC200004F132044FF000054FF0000150E700BF3F
:10EC300090F0000F04BF0021704730B54FF480649E
:10EC400004F1320410F0004548BF40424FF000018B
:10EC50003EE700BF42004FEAE2014FEA31014FEACE
:10EC600002701FBF12F07F4393F07F4F81F060511D
:10EC7000704732F07F4208BF704793F07F4F04BF68
:10EC800041F40021704730B54FF4607401F0004545
:10EC900021F000411CE700BF50EA010208BF7047A5
:10ECA00030B54FF000050AE050EA010208BF704796
:10ECB00030B511F0004502D5404261EB41014FF4FF
:10ECC000806404F132045FEA915C3FF4D8AE4FF007
:10ECD00003025FEADC0C18BF03325FEADC0C18BFEA
:10ECE000033202EBDC02C2F1200300FA03FC20FA3B
:10ECF00002F001FA03FE40EA0E0021FA02F1144488
:10ED0000BDE600BF70B54FF0FF0C4CF4E06C1CEAA0
:10ED100011541DBF1CEA135594EA0C0F95EA0C0F11
:10ED200000F0DEF82C4481EA030621EA4C5123EA84
:10ED30004C5350EA013518BF52EA033541F48011B3
:10ED400043F4801338D0A0FB02CE4FF00005E1FB66
:10ED500002E506F00042E0FB03E54FF00006E1FBB0
:10ED600003569CF0000F18BF4EF0010EA4F1FF04F3
:10ED7000B6F5007F64F5407404D25FEA4E0E6D4133
:10ED800046EB060642EAC62141EA55514FEAC52044
:10ED900040EA5E504FEACE2EB4F1FD0C88BFBCF5C0
:10EDA000E06F1ED8BEF1004F08BF5FEA500E50F171
:10EDB000000041EB045170BD06F0004646EA010137
:10EDC00040EA020081EA0301B4EB5C04C2BFD4EB69
:10EDD0000C0541EA045170BD41F480114FF0000E62
:10EDE000013C00F3AB8014F1360FDEBF002001F0D0
:10EDF000004170BDC4F10004203C35DA0C341BDC4A
:10EE000004F11404C4F1200500FA05F320FA04F01B
:10EE100001FA05F240EA020001F0004221F000414F
:10EE200010EBD37021FA04F642EB06015EEA430EC2
:10EE300008BF20EAD37070BDC4F10C04C4F12005F2
:10EE400000FA04F320FA05F001FA04F240EA0200A5
:10EE500001F0004110EBD37041F100015EEA430E76
:10EE600008BF20EAD37070BDC4F1200500FA05F296
:10EE70004EEA020E20FA04F301FA05F243EA020315
:10EE800021FA04F001F0004121FA04F220EA020024
:10EE900000EBD3705EEA430E08BF20EAD37070BD6A
:10EEA00094F0000F0FD101F00046400041EB01014A
:10EEB00011F4801F08BF013CF7D041EA060195F02C
:10EEC000000F18BF704703F00046520043EB0303E6
:10EED00013F4801F08BF013DF7D043EA06037047D3
:10EEE00094EA0C0F0CEA135518BF95EA0C0F0CD0DE
:10EEF00050EA410618BF52EA4306D1D181EA030124
:10EF000001F000414FF0000070BD50EA410606BF1D
:10EF10001046194652EA430619D094EA0C0F02D162
:10EF200050EA013613D195EA0C0F05D152EA0336A7
:10EF30001CBF104619460AD181EA030101F00041C5
:10EF400041F0FE4141F470014FF0000070BD41F00E
:10EF5000FE4141F4780170BD70B54FF0FF0C4CF4E8
:10EF6000E06C1CEA11541DBF1CEA135594EA0C0F07
:10EF700095EA0C0F00F0A7F8A4EB050481EA030E54
:10EF800052EA03354FEA013100F088804FEA03333B
:10EF90004FF0805545EA131343EA12634FEA022209
:10EFA00045EA111545EA10654FEA00260EF00041CA
:10EFB0009D4208BF964244F1FD0404F5407402D21C
:10EFC0005B084FEA3202B61A65EB03055B084FEAAD
:10EFD00032024FF480104FF4002CB6EB020E75EBAA
:10EFE000030E22BFB61A754640EA0C005B084FEAD2
:10EFF0003202B6EB020E75EB030E22BFB61A75464F
:10F0000040EA5C005B084FEA3202B6EB020E75EB99
:10F01000030E22BFB61A754640EA9C005B084FEA11
:10F020003202B6EB020E75EB030E22BFB61A75461E
:10F0300040EADC0055EA060E18D04FEA051545EA0D
:10F0400016754FEA06164FEAC30343EA52734FEAB6
:10F05000C2025FEA1C1CC0D111F4801F0BD141EA2F
:10F0600000014FF000004FF0004CB6E711F4801F94
:10F0700004BF01430020B4F1FD0C88BFBCF5E06F74
:10F080003FF6AFAEB5EB030C04BFB6EB020C5FEA84
:10F09000500C50F1000041EB045170BD0EF0004ED9
:10F0A0004EEA113114EB5C04C2BFD4EB0C0541EA0B
:10F0B000045170BD41F480114FF0000E013C90E608
:10F0C00045EA060E8DE60CEA135594EA0C0F08BFCC
:10F0D00095EA0C0F3FF43BAF94EA0C0F0AD150EACB
:10F0E00001347FF434AF95EA0C0F7FF425AF10465E
:10F0F00019462CE795EA0C0F06D152EA03353FF486
:10F10000FDAE1046194622E750EA410618BF52EA02
:10F1100043067FF4C5AE50EA41047FF40DAF52EAD6
:10F1200043057FF4EBAE12E74FF0FF3C06E000BF73
:10F130004FF0010C02E000BF4FF0010C4DF804CD80
:10F140004FEA410C7FEA6C5C4FEA430C18BF7FEA40
:10F150006C5C1BD001B050EA410C0CBF52EA430C6E
:10F1600091EA030F02BF90EA020F0020704710F1EE
:10F17000000F91EA030F58BF994208BF90422CBF7D
:10F18000D8176FEAE37040F0010070474FEA410C76
:10F190007FEA6C5C02D150EA013C07D14FEA430C94
:10F1A0007FEA6C5CD6D152EA033CD3D05DF8040B05
:10F1B000704700BF8446104662468C461946634637
:10F1C00000E000BF01B5FFF7B7FF002848BF10F10E
:10F1D000000F01BD4DF808EDFFF7F4FF0CBF012053
:10F1E00000205DF808FB00BF4DF808EDFFF7EAFFCF
:10F1F00034BF012000205DF808FB00BF4DF808ED8A
:10F20000FFF7E0FF94BF012000205DF808FB00BF7E
:10F210004DF808EDFFF7CEFF94BF012000205DF808
:10F2200008FB00BF4DF808EDFFF7C4FF34BF012015
:10F2300000205DF808FB00BF4FEA410C7FEA6C5CE0
:10F2400002D150EA013C0AD14FEA430C7FEA6C5CE0
:10F2500002D152EA033C02D14FF0000070474FF058
:10F26000010070474FEA410212F5001215D211D584
:10F270006FF47873B3EB625212D94FEAC12343F0B3
:10F28000004343EA505311F0004F23FA02F018BF35
:10F29000404270474FF00000704750EA013005D1FE
:10F2A00011F0004008BF6FF0004070474FF00000C1
:10F2B000704700BF4A0011D212F5001211D20DD5CD
:10F2C0006FF47873B3EB62520ED44FEAC12343F06C
:10F2D000004343EA505323FA02F070474FF0000016
:10F2E000704750EA013002D14FF0FF3070474FF0C5
:10F2F000000070474FEA4102B2F1E04324BFB3F58A
:10F30000001CDCF1FE5C0DD901F0004C4FEAC0029C
:10F310004CEA5070B2F1004F40EB830008BF20F080
:10F320000100704711F0804F21D113F13872BCBF3A
:10F3300001F00040704741F480114FEA5252C2F18F
:10F340001802C2F1200C10FA0CF320FA02F018BFD8
:10F3500040F001004FEAC1234FEAD32303FA0CFC2B
:10F3600040EA0C0023FA02F34FEA4303CCE77FEABA
:10F37000625307D150EA01331EBF4FF0FE4040F404
:10F380004000704701F0004040F0FE4040F40000B3
:10F39000704700BF80F0004002E000BF81F00041F4
:10F3A00042001FBF5FEA410392EA030F7FEA226C2B
:10F3B0007FEA236C6AD04FEA1262D2EB1363C1BFBB
:10F3C000D218414048404140B8BF5B42192B88BF2A
:10F3D000704710F0004F40F4000020F07F4018BF4D
:10F3E000404211F0004F41F4000121F07F4118BF6D
:10F3F000494292EA030F3FD0A2F1010241FA03FC15
:10F4000010EB0C00C3F1200301FA03F100F00043FC
:10F4100002D5494260EB4000B0F5000F13D3B0F1C4
:10F42000807F06D340084FEA310102F10102FE2A33
:10F4300051D2B1F1004F40EBC25008BF20F00100A3
:10F4400040EA03007047490040EB0000013A28BF42
:10F45000B0F5000FEDD2B0FA80FCACF1080CB2EBC5
:10F460000C0200FA0CF0AABF00EBC2505242184343
:10F47000BCBFD0401843704792F0000F81F40001E8
:10F4800006BF80F400000132013BB5E74FEA4103BB
:10F490007FEA226C18BF7FEA236C21D092EA030F27
:10F4A00004D092F0000F08BF0846704790EA010FA1
:10F4B0001CBF0020704712F07F4F04D1400028BFCE
:10F4C00040F00040704712F100723CBF00F50000B0
:10F4D000704700F0004343F0FE4040F400007047E6
:10F4E0007FEA226216BF08467FEA23630146420292
:10F4F00006BF5FEA412390EA010F40F480007047A5
:10F500004FF0000304E000BF10F0004348BF40424A
:10F510005FEA000C08BF704743F0964301464FF086
:10F5200000001CE050EA010208BF70474FF00003E2
:10F530000AE000BF50EA010208BF704711F0004323
:10F5400002D5404261EB41015FEA010C02BF8446F3
:10F550000146002043F0B64308BFA3F18053A3F552
:10F560000003BCFA8CF2083AA3EBC25310DB01FA99
:10F5700002FC634400FA02FCC2F12002BCF1004F1D
:10F5800020FA02F243EB020008BF20F001007047AE
:10F5900002F1200201FA02FCC2F1200250EA4C0002
:10F5A00021FA02F243EB020008BF20EADC70704748
:10F5B0007BB972B90029BEBF00204FF0004106E0C0
:10F5C00008BF00281CBF6FF000414FF0FF3000F073
:10F5D000B9B9ADF1080C6DE904CE002909DB002BA7
:10F5E0001ADB00F04DF8DDF804E0DDE9022304B099
:10F5F0007047404261EB4101002B1BDB00F040F8FB
:10F60000DDF804E0DDE9022304B0404261EB410192
:10F61000524263EB43037047524263EB430300F0F3
:10F620002FF8DDF804E0DDE9022304B0404261EB8D
:10F6300041017047524263EB430300F021F8DDF8CB
:10F6400004E0DDE9022304B0524263EB4303704758
:10F6500053B94AB9002908BF00281CBF4FF0FF3139
:10F660004FF0FF3000F06EB9ADF1080C6DE904CE3B
:10F6700000F006F8DDF804E0DDE9022304B070478D
:10F680002DE9F047089D04468C46002B40F083800E
:10F690008A42174647D9B2FA82F242B1C2F120003B
:10F6A00024FA00F09140974040EA010C94404FEA60
:10F6B0001748230CBCFBF8F61FFA87FE08FB16C19F
:10F6C00043EA014306FB0EF1994209D9FB1806F102
:10F6D000FF3080F01981994240F21681023E3B448E
:10F6E0005B1AA4B2B3FBF8F008FB103344EA0344FE
:10F6F00000FB0EFEA64509D93C1900F1FF3380F04E
:10F700000581A64540F2028102383C4440EA0640A9
:10F71000A4EB0E0400261DB1D4400023C5E900432C
:10F720003146BDE8F08702B9FFDEB2FA82F2002A64
:10F7300050D1CB1B4FEA174E1FFA87F80126B3FBB7
:10F74000FEFC210C0EFB1C3341EA034108FB0CF3C9
:10F750008B4207D979180CF1FF3002D28B4200F2AC
:10F76000E9808446C91AA3B2B1FBFEF00EFB10116A
:10F7700043EA014408FB00F8A04507D93C1900F111
:10F78000FF3302D2A04500F2D9801846A4EB08044A
:10F7900040EA0C40BFE78B4209D9002D00F0B18050
:10F7A0000026C5E9000130463146BDE8F087B3FACE
:10F7B00083F6002E4AD18B4202D3824200F2B880F7
:10F7C000841A61EB030101208C46002DA8D0C5E905
:10F7D000004CA5E7C2F1200320FA03F6974001FA96
:10F7E00002F04FEA174ED9403043030CB1FBFEF64E
:10F7F0001FFA87F80EFB161143EA014306FB08F1D6
:10F80000994204FA02F409D9FB1806F1FF3C80F092
:10F810008D80994240F28A80023E3B445B1A81B25D
:10F82000B3FBFEF00EFB103341EA034100FB08F38B
:10F830008B4207D9791800F1FF3C73D28B4271D902
:10F8400002383944CB1A40EA064678E7C6F1200C64
:10F8500003FA06F422FA0CF31C4320FA0CF701FA1F
:10F8600006F34FEA144E21FA0CF11F433B0CB1FB97
:10F87000FEF91FFA84F80EFB191143EA014109FB56
:10F8800008FA8A4502FA06F200FA06F308D9611866
:10F8900009F1FF3048D28A4546D9A9F1020921442D
:10F8A000A1EB0A01BFB2B1FBFEF00EFB101147EA5B
:10F8B000014700FB08F8B84507D9E71900F1FF3107
:10F8C0002ED2B8452CD90238274440EA0940A7EB8C
:10F8D0000807A0FB02894F45C64649461AD317D0F0
:10F8E0005DB1B3EB0E0267EB010707FA0CFCF240C7
:10F8F0004CEA0202F740C5E9002700263146BDE880
:10F90000F0872E4628460BE70646E9E61846FDE650
:10F910004345E5D2B8EB020E69EB04010138DFE79D
:10F920000846D2E760468DE78146B9E7664675E747
:10F9300030464AE7ACF1020C394413E702383C4444
:10F9400024E700BF704700BF08B5062001F02CFF78
:10F95000012008F013FF00001FB514461A46094B9A
:10F960001B680546D8684CB1074B0091CDE90134BE
:10F9700006492B4600F014FAFFF7E6FF044B1C463D
:10F98000F3E700BFBC0F0020A03C0400AD3C040026
:10F9900031C10300002103F089BD0A22002103F0D8
:10F9A00067BE0000F0B5431C87B003D14FF0FF30B5
:10F9B00007B0F0BD194D8DF80B0004AE08220021F0
:10F9C000304600F0E3FE2F68BC6DC4B9502000F053
:10F9D00009FE2B68B8659B6DC3E90044C3E9024486
:10F9E000C3E90444C3E90A44C3E90C44C3E90E442F
:10F9F000C3E91044C3E912449C611C775C62084B64
:10FA00000096D3F8E440286801230DF10B0203A906
:10FA1000A0470128CAD80398CAE700BFBC0F00203E
:10FA20002010002010B5054C13462CB10A460146A3
:10FA30000220AFF3008010BD2046FCE7000000006C
:10FA4000014B1868704700BFBC0F00208A892DE960
:10FA5000F041054610070C4658D44B68002B05DCD6
:10FA60000B6C002B02DC0020BDE8F081E66A002E62
:10FA7000F9D0002312F480522F682B6032D0606DD1
:10FA8000A3895A0705D56368C01A636B0BB1236C51
:10FA9000C01A00230246E66A216A2846B047431C82
:10FAA000A38906D129681D292CD82A4ACA40D6071D
:10FAB00028D500226260D9042269226004D5421C44
:10FAC00001D12B6803B96065616B2F600029CAD032
:10FAD00004F14403994202D0284600F05FFE002062
:10FAE0006063C1E7216A01232846B047411CC7D1A2
:10FAF0002B68002BC4D01D2B01D0162B01D12F60F9
:10FB0000B1E7A38943F04003A381ADE70F69002F5C
:10FB1000A9D093070E6808BF4B690F6018BF002378
:10FB2000A6EB07088B60B8F1000F9CDD216AA66A7E
:10FB300043463A462846B047002806DCA38943F0EE
:10FB40004003A3814FF0FF308EE70744A8EB000885
:10FB5000E9E700BF0100402038B50B6905460C46B7
:10FB600013B90025284638BD18B183690BB900F0D8
:10FB700099F8144B9C421BD16C68B4F90C30002BE3
:10FB8000EFD0626ED00704D4990502D4A06D00F0C6
:10FB9000B9FC28462146FFF759FF636EDA07054690
:10FBA000E0D4A3899B05DDD4A06D00F0ADFCD9E7BE
:10FBB000054B9C4201D1AC68DFE7044B9C4208BF77
:10FBC000EC68DAE7003E0400203E0400E03D04005B
:10FBD000014620B9044B0549186800F0CCBA044B23
:10FBE0001868FFF7B9BF00BF403E040059FB020090
:10FBF000BC0F0020002310B50446C0E90033C0E963
:10FC00000433836081814366C2818361194608227F
:10FC10005C3000F0BBFD054B6362054BA362054BF6
:10FC2000E362054B2462236310BD00BF7918030013
:10FC30009F180300D7180300FB180300014900F0C8
:10FC40009ABA00BF59FB020070B54A1E6825554399
:10FC50000E4605F1740100F037FE044640B1002164
:10FC6000C0E900160C30A06005F1680200F08EFDBE
:10FC7000204670BD014800F045BC00BF274E002063
:10FC8000014800F041BC00BF274E0020014800F0B1
:10FC900039BC00BF244E0020014800F035BC00BF35
:10FCA000244E002010B50446FFF7F0FFA3691BB1F6
:10FCB000BDE81040FFF7F0BFC4E912332365134BD2
:10FCC000134A1B68A262A34204BF0123A36120461A
:10FCD00000F020F86060204600F01CF8A06020468C
:10FCE00000F018F80022E06004216068FFF782FF4E
:10FCF000A06801220921FFF77DFFE068022212219E
:10FD0000FFF778FF0123A361D2E700BF403E040064
:10FD10003DFC0200F8B50746FFF7ACFF1E4B1E681E
:10FD2000B36913B93046FFF7BDFF4836D6E9013451
:10FD3000013B03D533680BB33668F7E7B4F90C50D1
:10FD4000D5B9164BE36004F15800656600F0D8FBA6
:10FD5000FFF796FFC4E90155C4E904552560A56184
:10FD60000822294604F15C0000F010FDC4E90D559D
:10FD7000C4E912552046F8BD6834D9E70421384655
:10FD8000FFF762FF044630600028D5D1FFF778FF07
:10FD90000C233B60EEE700BF403E04000100FFFF84
:10FDA0000EB403B5014603AB054853F8042B0068B5
:10FDB000019300F00DFE02B05DF804EB03B0704754
:10FDC000BC0F00202DE9F74F1F4613467B430C9CC8
:10FDD00006468A4691469B465FD018B183690BB9A7
:10FDE000FFF760FF2E4B9C4228D17468636EDB07DF
:10FDF00005D4A3899D0502D4A06D00F083FB636840
:10FE0000002B01DA00236360D846D4E9001545458C
:10FE10001ED34246504600F091FC60682168636E34
:10FE2000A0EB08004144DA07606021602FD4A38969
:10FE30009B052CD4A06D00F067FB28E0194B9C4279
:10FE400001D1B468D2E7184B9C4208BFF468CDE7F3
:10FE50002A46504600F072FC23682B44236021465A
:10FE6000A8EB05033046019301F0B0FBAA44019BC7
:10FE700088B1636ED80705D4A389990502D4A06D13
:10FE800000F042FB5D44A5EB0803B3FBF9F73846ED
:10FE900003B0BDE8F08F9846B7E71F46F7E700BF0D
:10FEA000003E0400203E0400E03D040007B500933E
:10FEB00013460A46014603480068FFF783FF03B074
:10FEC0005DF804FBBC0F002013460A4601460248B9
:10FED000006800F003B800BFBC0F00202DE9F0411E
:10FEE0000C4617461D46064618B183690BB9FFF745
:10FEF000D9FE514B9C4222D17468636ED90705D458
:10FF0000A3899A0502D4A06D00F0FCFAA38903F43A
:10FF10008473B3F5847F03D121463046FFF71CFE7E
:10FF2000D4F82C80B8F1000F13D11D233360636E19
:10FF3000D90778D54FF0FF352846BDE8F0813F4B13
:10FF40009C4201D1B468D8E73D4B9C4208BFF4689D
:10FF5000D3E7012D36D035F0020362D123691BB9F6
:10FF60002146304600F0F6FA21463046FFF7F4FD10
:10FF70000028DCD1216A2B463A463046C047013082
:10FF8000D5D0616B41B104F14403994202D03046AF
:10FF900000F004FC0023636323692360A389002627
:10FFA00023F402636660A3810822314604F15C00F9
:10FFB00000F0ECFB656E15F001053BD1A3899B05B4
:10FFC000BAD421E021463046FFF7C6FDA28912F4DB
:10FFD00080520CD0656DA3895A0719D56368ED1A54
:10FFE000636B0BB1236CED1A2F440025B6E72B464B
:10FFF000216A3046C047431C0546ECD1636ED807E2
:020000023000CC
:1000000098D4A389990595D4A06D00F07DFA93E763
:100010001807E9D523682269002BE5D09B1A1D44F7
:10002000E2E7162382E7A3899A0583D4A06D00F046
:100030006BFA7FE735467FE7003E0400203E040070
:10004000E03D0400024B0146186800F003B800BF11
:10005000BC0F002070B50C46054618B183690BB97A
:10006000FFF720FE324B9C4214D16C68636EDA07B6
:1000700005D4A3899B0502D4A06D00F043FAE66A7B
:10008000CEB91D232B60636EDE070DD54FF0FF3513
:10009000284670BD274B9C4201D1AC68E6E7264B51
:1000A0009C4208BFEC68E1E7A3899D05EED4A06DF2
:1000B00000F02AFAEAE7A28902F00C03082B19D112
:1000C0002368BBB121695B1A002B13DDD00511D564
:1000D00002230022216A2846B047411C05460DD163
:1000E000636EDA07D2D4A3899B05CFD4A06D00F04C
:1000F0000BFACDE712F480520FD0656DA289560736
:100100000DD56368ED1A636B0BB1236CED1A636E4A
:10011000D907BDD49305BBD4E8E70123DAE710077C
:10012000F5D52368002BF2D021695B1A1D44EEE758
:10013000003E0400203E0400E03D04002DE9F041B3
:100140000F4600F148040026D4E90185B8F1010802
:1001500005D52468002CF7D13046BDE8F081AB8985
:10016000012B06D9B5F90E30013302D02846B84725
:1001700006436835EAE72DE9F8430646884600F16C
:1001800048040027D4E90195B9F1010905D524688F
:10019000002CF7D13846BDE8F883AB89012B07D98D
:1001A000B5F90E30013303D029463046C047074326
:1001B0006835E9E72DE9F843089C8946174602FBB4
:1001C00003F8054618B183690BB9FFF76BFD264BA1
:1001D0009C4223D16C68636EDE0705D4A389980521
:1001E00002D4A06D00F08EF9A389190720D52369E8
:1001F000F3B10026464529D0A06819F80610013849
:100200000028A06004DAA369984219DB0A2917D0F4
:1002100023685A1C226019700136EBE7134B9C428D
:1002200001D1AC68D7E7124B9C4208BFEC68D2E71B
:100230002146284604F06EFD0028DAD0002605E0AD
:100240002246284603F0EEFD0130E5D1636EDA0761
:1002500005D4A3899B0502D4A06D00F055F9B6FB27
:10026000F7F0BDE8F88300BF003E0400203E040024
:10027000E03D040007B5009313460A4601460348D3
:100280000068FFF797FF03B05DF804FBBC0F002088
:1002900038B51D4B1D68044625B1AB6913B9284616
:1002A000FFF700FD194B9C421ED16C68636ED807A6
:1002B00005D4A389990502D4A06D00F023F96368E1
:1002C000013B002B636019DA2846214601F008FA49
:1002D0000546636EDA0705D4A3899B0502D4A06D99
:1002E00000F012F9284638BD094B9C4201D1AC6898
:1002F000DCE7084B9C4208BFEC68D7E723685A1C30
:1003000022601D78E5E700BFBC0F0020003E04001E
:10031000203E0400E03D040005F046BC70B50D4DE4
:100320000D4C641BA4100026A64209D10B4D0C4CA9
:1003300008F026FA641BA4100026A64205D170BD61
:1003400055F8043B98470136EEE755F8043B9847CB
:100350000136F2E7F8110020F8110020F811002012
:1003600028120020024B1844407800F00800704723
:10037000DC3C040001390B291FD8DFE801F0060836
:100380000A0C0E10121416181A1C06F081B806F08A
:100390008DB806F099B806F0ADB800F010B800F0CE
:1003A00014B800F023B800F033B800F03FB800F004
:1003B0004BB800F057B800F067B8002070473038ED
:1003C00009288CBF002001207047002100F000B8F0
:1003D00038B504460D4600F01FF830B129462046D6
:1003E00000F036F8B0FA80F0400938BD002100F086
:1003F00001B80000FF2807D8044BC05C00F00300E0
:10040000831E58425841704700207047DD3C04006D
:10041000002100F001B80000FF289DBF024BC05C26
:1004200000F0970000207047DD3C0400002100F040
:1004300001B80000FF289DBF024BC05C00F0100017
:1004400000207047DD3C0400002100F001B80000EE
:10045000FF289DBF024BC05C00F0080000207047E1
:10046000DD3C0400002100F001B80000FF2807D89F
:10047000044BC05C00F00300431E584258417047D3
:1004800000207047DD3C0400A0F13003092B07D9A0
:1004900020F02000413805288CBF00200120704743
:1004A0000120704710B514460AB90B4810BD0B491E
:1004B000104601F043FA0028F7D00749204601F022
:1004C0003DFA0028F1D00649204601F037FA00280D
:1004D000EBD00020EAE700BFAD9C0300443E0400DF
:1004E00031C10300014B93F8280170472010002010
:1004F000024B0A4601461868FFF7D4BFBC0F002024
:100500007047704770477047704770B50E46B1F935
:100510000E10002996B014461D4607DA00232B6002
:10052000B3891A0610D44FF480630EE06A4605F0D2
:10053000E9FB0028F2DB019A02F47042A2F50053B5
:100540005A425A412A60EEE740230020236016B049
:1005500070BD00008B8973B59D0706460C4607D514
:1005600004F14703236023610123636102B070BD7E
:1005700001AB6A46FFF7C9FF00990546304600F017
:10058000A3F948B9B4F90C309A05EFD423F003036A
:1005900043F00203A381E3E70D4BB362A38920601C
:1005A00043F08003A381009B6361019B20615BB1E9
:1005B000B4F90E10304605F05BFF28B1A38923F093
:1005C000030343F00103A381A0890543A581CDE77F
:1005D0003DFC0200024B0A460146186800F02EB9A5
:1005E000BC0F0020024B0146186800F06DB900BF37
:1005F000BC0F0020024B0146186800F0CFB800BFC6
:10060000BC0F0020F7B50A4C089ED4F8E4700096A1
:100610000546144612B9074A01232146B847431C30
:1006200001BF002333608A232B6003B0F0BD00BFFD
:100630002010002031C1030007B5009313460A467D
:10064000014603480068FFF7DDFF03B05DF804FBD7
:10065000BC0F002082B001B901A942B14BB113789F
:100660000B601278101E18BF012002B070471046B0
:10067000FBE76FF00100F8E7000000000000000059
:1006800001F0FF01102A2BDB10F0070F08D010F843
:10069000013B013A8B422DD010F0070F42B3F6D147
:1006A000F0B441EA012141EA014122F007047FF060
:1006B00000070023F0E80256083C85EA010586EAB7
:1006C000010685FA47F5A3FA87F586FA47F6A5FAF3
:1006D00087F68EB9EED1F0BC01F0FF0102F00702FF
:1006E00032B110F8013B013A83EA010313B1F8D1AA
:1006F0000020704701387047002D06BF354603388B
:10070000073815F0010F07D1013015F4807F02BFC3
:10071000013015F4C03F0130F0BC0138704700BF14
:1007200030B501390024A24201D1002005E0035D6B
:1007300001340D5DAB42F6D0581B30BD0A449142E6
:1007400000F1FF3300D1704710B511F8014B03F8E9
:10075000014F9142F9D110BD884210B501EB02045E
:1007600002D98442234607D8431EA14208D011F87B
:10077000012B03F8012FF8E7024401468A4200D119
:1007800010BD13F8014D02F8014DF7E7024403468E
:10079000934200D1704703F8011BF9E737B50029F0
:1007A00048D051F8043C0190002BA1F10404B8BFDB
:1007B000E41805F0D5FE204A01981368154633B9B0
:1007C0006360146003B0BDE8304005F0CFBEA342C3
:1007D0000BD921686218934204BF1A685B68636092
:1007E00004BF521822602C60ECE71A465B680BB11C
:1007F000A342FAD911685518A5420BD124682144A7
:100800005418A3421160DDD11C685B685360214419
:100810001160D7E702D90C230360D3E7256861197B
:100820008B4204BF19685B68636004BF491921608B
:100830005460C7E703B030BD884B0020F8B54B1EAD
:100840000B42074602D000252846F8BD082938BFCC
:100850000821042A38BF0422D41C0E4624F00304C5
:100860000839214400F030F80028ECD050F8042C6E
:10087000031F002AB8BF9B18F51C1D447642354063
:10088000191D6A1A0BD00B2A03EB020618D9186837
:10089000801A98501A603846FFF780FF33461A686E
:1008A00004F10C01981829448842CDD92919C81A95
:1008B000121A186004312A513846FFF76FFFC3E758
:1008C00051429950EBE70000F8B5CD1C25F0030527
:1008D00008350C2D38BF0C25002D064601DBA9423A
:1008E00003D90C2333600020F8BD05F039FE2149FF
:1008F0000A6814469CB9204F3B6823B9214630460C
:1009000000F01AFF38602946304600F015FF431CFE
:1009100023D10C233360304605F028FEE3E723683B
:100920005B1B17D40B2B03D923601C44256004E008
:100930006368A2420CBF0B605360304605F016FEA0
:1009400004F10B00231D20F00700C21ACCD01B1AA3
:10095000A350C9E722466468CCE7C41C24F0030412
:10096000A042E3D0211A304600F0E6FE0130DDD18E
:10097000CFE700BF884B00208C4B00209368013BE1
:10098000002B10B4936008DA9469A34201DB0A29B2
:1009900003D15DF8044B03F045BA1368581C10608E
:1009A000197008465DF8044B7047F8B506460F46C7
:1009B0001446D518AC4201D1002007E014F8011B01
:1009C0003A463046FFF7DAFF431CF3D1F8BD00008A
:1009D0002DE9F04F0D469DB014469846064618B1D5
:1009E00083690BB9FFF75EF9894B9D421BD175688E
:1009F0006B6ED90705D4AB899A0502D4A86DFFF7B1
:100A000081FDAB891B0701D52B69EBB9294630461F
:100A100004F080F9C0B16B6EDC070ED54FF0FF30EB
:100A20001DB0BDE8F08F7B4B9D4201D1B568DFE77B
:100A3000794B9D4208BFF568DAE7AB899805EDD49C
:100A4000A86DFFF761FDE9E70023099320238DF8E6
:100A50002930CDF80C803023DFF8C0818DF82A30A2
:100A60004FF0010923469A4613F8012B0AB1252AB3
:100A7000F9D1BAEB040B0BD05B462246294630462F
:100A8000FFF793FF013000F0AA80099A5A440992B7
:100A90009AF80030002B00F0A28000234FF0FF32C4
:100AA000CDE905230AF1010A049307938DF8533029
:100AB0001A935446052214F8011B5848FFF7E0FD2D
:100AC000049AD8B9D10644BF20238DF853301307B8
:100AD00044BF2B238DF853309AF800302A2B15D0C1
:100AE000079A544600204FF00A0C214611F8013BAA
:100AF000303B092B4ED9B0B1079214E0A0EB0803AC
:100B000009FA03F313430493A246D2E7039B191D8A
:100B10001B680391002BBBBF5B4242F002020793AC
:100B20000793B8BF049223782E2B0CD163782A2B1D
:100B300035D1039B1A1D1B680392002BB8BF4FF0E1
:100B4000FF3302340593DFF8E4A0217803225046F6
:100B5000FFF796FD40B14023A0EB0A0003FA00F036
:100B6000049B03430134049314F8011B2C488DF8B3
:100B700028100622FFF784FD00283FD0294B1BBB1D
:100B8000039B073323F0070308330393099B3B447C
:100B9000099367E70CFB02320C460120A5E700230E
:100BA0000134059319464FF00A0C204610F8012B2A
:100BB000303A092A03D9002BC5D00591C3E70CFBB5
:100BC000012104460123F0E703AB00932A46164BAC
:100BD00004A9304600F0CCF80746781CD6D16B6EDD
:100BE000D90705D4AB899A0502D4A86DFFF78CFC10
:100BF000AB895B063FF512AF099811E703AB009391
:100C00002A46094B04A9304600F056FBE4E700BF32
:100C1000003E0400203E0400E03D04004A3E040083
:100C2000543E0400710D0300AB090300503E040064
:100C30002DE9FF4755EC104B002D0E4619462B466B
:100C4000BBBF05F100431D4600232D230B700D9BF8
:100C5000DDF830A0914623F02008BCBF22461446A0
:100C6000B8F1460F05D0B8F1450F00D10136022189
:100C700000E0032103AB019302AB009345EC104B62
:100C80005346324604F054F9B8F1470F074602D1F3
:100C900019F0010F22D0B8F1460F07EB060910D169
:100CA0003B78302B0AD10022002320462946FEF74C
:100CB00091FA18B9C6F10106CAF80060DAF80030F6
:100CC00099440022002320462946FEF783FA08B102
:100CD000CDF80C903022039B4B4507D3039B0E9A13
:100CE000DB1B3846136004B0BDE8F087591C039144
:100CF0001A70F0E7F7B503460029B8BF494203F878
:100D0000022BB4BF2D222B22092942702ADD0DF1BE
:100D10000704A4460A27A6460A4691FBF7F607FBF6
:100D200016153035632A04F1FF340EF8015C3146A4
:100D3000F1DC3031AEF1020504F8011C441C2946F7
:100D400061450AD30DF10902A2EB0E02654588BF89
:100D500000221344181A03B0F0BD11F8012B04F857
:100D6000012FEDE7302330318370C170031DF1E7AF
:100D70002DE9F04F2DED028B8DB00C46DDF8608033
:100D800016461F46054605F0C7FBD0F800A05046A2
:100D900001F034FD00230A9323680593D8F800304E
:100DA00094F818B0073323F0070303F10802C8F8DA
:100DB0000020D3E90023C4E91223D4E9128929F0E1
:100DC00000430793CDF8188008EE100A9F4BDDE929
:100DD00006014FF0FF32FEF72FFA88BBDDE906016E
:100DE0009A4B4FF0FF32FEF709FA48BB002200236E
:100DF00040464946FEF7F8F910B12D2384F84330F8
:100E0000934B9448BBF1470F94BF98468046032309
:100E10002361059B23F0040222604FF00009009734
:100E200033460BAA2146284600F0D8F9013040F09D
:100E300090804FF0FF300DB0BDEC028BBDE8F08F1D
:100E400042464B4640464946FEF7F6F940B14B460E
:100E5000002BBCBF2D2384F843307F487F4BD1E764
:100E600063680BF0DF0206925A1C3FD106236360D1
:100E7000059B616843F48062002303930AABCDE9CC
:100E800001B309AB49EC108B009322600DF12303F1
:100E90002846FFF7CDFE069B0999472B804608D1CF
:100EA000C81C02DB6368994241DDABF1020B5FFABB
:100EB0008BFBBBF1650F20D801395A4604F1500075
:100EC0000991FFF717FF0A9A1318012A8146236137
:100ED00002DC2268D20701D5013323619DF823305B
:100EE000002B9CD02D2384F8433098E7069A472A9C
:100EF000BED1002BBCD10123B9E7BBF1660F18D1DD
:100F0000002963680BDD216113B92268D00702D57F
:100F100001330B442361A1654FF00009DEE713B9EB
:100F20002268D20701D50233F4E70123F2E74FF03C
:100F3000670B0A9B994205DB23682161D807EAD534
:100F40004B1CE7E70029D4BFC1F102020122134480
:100F5000E0E723685A0507D423694246314628460C
:100F6000B84701302CD164E7BBF1650F40F2E08057
:100F7000D4E9120100220023FEF72CF9002834D016
:100F8000374A012331462846B84701303FF451AF74
:100F9000DDE909239A4202DB2368D80710D518EE51
:100FA000103A524631462846B84701303FF441AF27
:100FB0004FF0000804F11A090A9B013B434509DC84
:100FC00023689B0700F10581E0680B9B9842B8BF3E
:100FD000184630E701234A4631462846B8470130D3
:100FE0003FF427AF08F10108E6E7099B002B39DC45
:100FF0001B4A012331462846B84701303FF419AF58
:10100000DDE90923134302D12368D907D8D518EEA7
:10101000103A524631462846B84701303FF409AFEE
:101020004FF0000904F11A0A099B5B424B4501DCB1
:101030000A9B92E70123524631462846B8470130C1
:101040003FF4F7AE09F10109EEE700BFFFFFEF7FC4
:101050005B3E040077050400730504005F3E040056
:10106000338D03000A9AA36D9A42A8BF1A46002A3C
:10107000914637DC4FF0000B29EAE97904F11A02B6
:10108000A36D0593A3EB09035B4533DCDDE909237D
:101090009A423BDB2368DA0738D40A9A059B099900
:1010A000D31AA2EB01099945A8BF9946B9F1000FDF
:1010B00035DC4FF0000829EAE97904F11A0ADDE984
:1010C00009239B1AA3EB090343457FF779AF01235B
:1010D000524631462846B84701303FF4AAAE08F1DF
:1010E0000108ECE71346314642462846B84701302E
:1010F000C0D19EE60123314628460592B84701300B
:101100003FF497AE059A0BF1010BB9E718EE103AD0
:10111000524631462846B8470130BED189E6059A85
:101120004B46424431462846B8470130C1D180E69B
:101130000A9A012A01DCDB0738D5012342463146F1
:101140002846B84701303FF474AE18EE103A5246C4
:1011500031462846B84701303FF46BAED4E912015E
:1011600000220023FEF736F8D8B90A9B08F10102E5
:10117000013B31462846B84701300ED159E60123DC
:10118000524631462846B84701303FF452AE08F186
:1011900001080A9B013B4345F1DC4B4604F1500238
:1011A000DCE64FF0000804F11A0AF2E70123424698
:1011B000DFE701234A4631462846B84701303FF46D
:1011C00038AE08F10108E3680B995B1A4345F0DC7F
:1011D000FAE64FF0000804F11909F4E72DE9F047A9
:1011E000164699468A680B69DDF820809342B8BF9D
:1011F0001346336091F8432007460C460AB1013389
:1012000033602368990642BF336802333360256830
:1012100015F0060506D104F1190AE36832689B1A35
:10122000AB4226DC94F84320131E226818BF01232A
:1012300092062BD404F1430249463846C047013098
:101240001ED02368E568326803F00603042B08BF4C
:10125000AD1AA36822690CBF25EAE5750025934203
:10126000C4BF9B1AED1800261A34B5421AD10020CB
:1012700008E00123524649463846C047013003D1B1
:101280004FF0FF30BDE8F0870135C6E7E1185A1C82
:10129000302081F84300224494F8451082F843102E
:1012A0000233C7E70123224649463846C04701308A
:1012B000E6D00136D9E700002DE9FF470C469146FC
:1012C000277E0C99782F80469A4604F1430207D86E
:1012D000622F0AD8002F00F0D880582F00F0A3808A
:1012E00004F1420684F842703AE0A7F16303152B3B
:1012F000F6D801A050F823F0511303006513030042
:10130000E1120300E1120300E1120300E112030005
:1013100065130300E1120300E1120300E112030070
:10132000E11203007114030095130300531403002A
:10133000E1120300E112030093140300E112030021
:1013400095130300E1120300E11203005B14030094
:101350000B681A1D1B680A6004F1420684F84230CB
:101360000123A3E0256808682E0600F104030AD5CE
:1013700005680B60002D03DA2D236D4284F843309D
:101380005E480A2319E015F0400F05680B6018BF8E
:101390002DB2EFE70B682568181D0860280601D5F7
:1013A0001D6802E06906FBD51D8854486F2F0CBFED
:1013B00008230A23002184F843106668A660002EE3
:1013C000A2BF216821F0040121600DB9002E4DD08B
:1013D0001646B5FBF3F103FB1157C75D06F8017D17
:1013E0002F46BB420D46F4D9082B0BD12368DF07EB
:1013F00008D5236961689942DEBF302306F8013CB5
:1014000006F1FF36921B2261CDF800A04B4603AADD
:1014100021464046FFF7E2FE01304CD14FF0FF304D
:1014200004B0BDE8F087354884F8457023680E683D
:101430001F0656F8045B0E6014D5D90744BF43F06D
:10144000200323601DB9236823F0200323601023A9
:10145000B0E7236843F0200323607823284884F80A
:101460004530E3E75E0648BFADB2E6E71646BBE7A8
:101470000B68266860691D1D0D6035061B6801D567
:10148000186002E07106FBD5188000232361164620
:10149000BAE70B681A1D0A601E68626800213046B0
:1014A000FFF7EEF808B1801B6060636823610023DA
:1014B00084F84330A8E72369324649464046D0477E
:1014C0000130ABD023689B0713D4E068039B98429C
:1014D000B8BF1846A4E70123324649464046D047E4
:1014E00001309BD00135E36803995B1AAB42F2DC13
:1014F000EBE7002504F11906F5E700BF52190400D7
:10150000633E040070B50D461446064618B1836963
:101510000BB9FEF7C7FB1C4B9C4224D17468636E69
:10152000D80705D4A389990502D4A06DFEF7EAFF78
:10153000A368013B002BA36005DAA26993421CDB80
:10154000EBB20A2B19D023685A1C22601D70EDB231
:10155000636EDA0705D4A3899B0502D4A06DFEF75C
:10156000D3FF284670BD094B9C4201D1B468D6E731
:10157000074B9C4208BFF468D1E729462246304613
:1015800002F050FC0546E3E7003E0400203E040064
:10159000E03D0400024B0A4601461868FFF7B2BF5F
:1015A000BC0F002004F086BB024B0A4601461868B7
:1015B00005F030BCBC0F0020838903F00903092B20
:1015C00001D1FEF705BB002070470000F8B50C46BE
:1015D000054618B183690BB9FEF764FB3B4B9C428F
:1015E0000AD16C68B4F90C2000236360A3899E06BD
:1015F0000CD54FF0FF3066E0354B9C4201D1AC6812
:10160000F0E7344B9C4208BFEC68EBE7580748D43E
:10161000D90605D409232B6042F04003A381E8E7F3
:101620001A070BD521462846FEF796FA0028E0D186
:10163000A389A06023F00803A381A061A38943F0DC
:101640000403A38123691BB921462846FEF782FFC4
:10165000A689B4F90C70B3070FD00123A3811E4BE8
:101660001E49186806F00906FEF768FD092EA781D5
:1016700003D121462846FEF7E9F92269666A6369C3
:10168000216A22602846B047002860601CDCB4F95B
:101690000C3017BF002243F02003626043F0400388
:1016A000BCE7616B0029CDD004F14403994202D01C
:1016B0002846FFF773F8236C636000206063002BFB
:1016C000C0D0E36B2360F8BD0020FCE7003E0400BF
:1016D000203E0400E03D0400403E0400B915030034
:1016E00038B50C46054618B183690BB9FEF7DAFA2E
:1016F0000E4B9C420DD16C6821462846FFF766FFD1
:1017000088B96368013B636023685A1C22601878BB
:1017100038BD074B9C4201D1AC68EDE7054B9C42BC
:1017200008BFEC68E8E74FF0FF30F1E7003E040047
:10173000203E0400E03D040038B5064D0023044679
:1017400008462B6007F004F8431C02D12B6803B154
:10175000236038BD304E00201F2938B504460D46A1
:1017600004D9162303604FF0FF3038BD426C12B12C
:1017700052F821304BB9204600F030F82A46014695
:101780002046BDE8384000F017B8012B0AD0591C9C
:1017900003D1162303600120E7E7002442F8254027
:1017A000284698470020E0E7024B01461868FFF7FB
:1017B000D3BF00BFBC0F002038B5074D002304463F
:1017C000084611462B6006F0ABFF431C02D12B6884
:1017D00003B1236038BD00BF304E002006F090BF3B
:1017E0000EB400B59CB01DAB029006906FF00041A6
:1017F000094807910491094953F8042B05910068A1
:10180000019302A905F088FB029B00221A701CB00C
:101810005DF804EB03B07047BC0F00200802FFFF27
:101820000EB410B59FB021AC4FF4017154F8042BE5
:101830000192ADF81C100490089000F0DFFF0C4BF3
:10184000059009900D930B48019A006803940023BA
:10185000119316934FF6FF73ADF81E3004A923467B
:1018600005F0B4FC1FB0BDE8104003B0704700BFE6
:101870009B180300BC0F002010B50C46B1F90E10E8
:1018800005F068FF0028ABBF636DA3891B1823F424
:101890008053ACBF6365A38110BD002070472DE964
:1018A000F0411F468B89DB0505460C46164605D5DB
:1018B000B1F90E100223002204F032FEA389B4F91C
:1018C0000E1023F48053A38132463B462846BDE8E0
:1018D000F04103F00DBA10B50C46B1F90E1004F04A
:1018E0001FFE431CA38915BF606523F4805343F496
:1018F0008053A38118BFA38110BDB1F90E1003F06E
:101900007BBA000070B50C4D04462E4614F8013B1E
:101910005A5D02F00302012A11F8012BB05C00F0BD
:10192000030008BF2033012808BF2032981A01D1D4
:10193000002AEBD170BD00BFDD3C040010F8012B84
:1019400011F8013B012A28BF9A42F7D0D01A7047FC
:10195000FFF7F4BF034611F8012B03F8012B002A0F
:10196000F9D1704710B50446084611468E2800F29A
:101970002F81DFE810F038018F009100930095006F
:10198000970099009B009D00A100A300A700A9005B
:10199000AB00AD002D01AF00B100B300B500B70042
:1019A000BD00BF00C500C700C900CB00CD00D100FD
:1019B000D500D700D900DB00DD00DF00E100E30047
:1019C0002D012D012D012D012D012D012D012D01A7
:1019D000E700EB002D012D012D012D012D012D0121
:1019E0002D012D012D012D012D012D012D01ED00C8
:1019F0000701EF00F1002D012D012D01F3002D0154
:101A00002D012D01F5002D012D01F9002D012D01D4
:101A1000FB002D012D012D012D012D012D012D0189
:101A20002D012D012D01FD002D01FF0001010301FC
:101A30002D012D0125012D012D012D012D012D013E
:101A40002D012D012D011301050109010B010D01CE
:101A50000F012D01110115011901E900C1002B0130
:101A6000B900CF00BB009F00A5002901F7002D01A0
:101A70001701C3001D011B012D012D012D012D0199
:101A80002D01D3002D012D012D01E50027011F019E
:101A900021012301554810BD5548FCE75548FAE798
:101AA0005548F8E75548F6E75548F4E75548F2E752
:101AB0005548F0E75548EEE75548ECE75548EAE762
:101AC0005548E8E75548E6E75548E4E75548E2E772
:101AD0005548E0E75548DEE75548DCE75548DAE782
:101AE0005548D8E75548D6E75548D4E75548D2E792
:101AF0005548D0E75548CEE75548CCE75548CAE7A2
:101B00005548C8E75548C6E75548C4E75548C2E7B1
:101B10005548C0E75548BEE75548BCE75548BAE7C1
:101B20005548B8E75548B6E75548B4E75548B2E7D1
:101B30005548B0E75548AEE75548ACE75548AAE7E1
:101B40005548A8E75548A6E75548A4E75548A2E7F1
:101B50005548A0E755489EE755489CE755489AE701
:101B6000554898E7554896E7554894E7554892E711
:101B7000554890E755488EE755488CE755488AE721
:101B8000554888E7554886E7554884E7554882E731
:101B9000554880E755487EE755487CE755487AE741
:101BA000554878E7554876E7554874E7554872E751
:101BB000554870E755486EE755486CE755486AE761
:101BC000554868E7554866E7554864E7554862E771
:101BD000002B14BF1A46224601F0AAFF524B0028E0
:101BE00008BF184657E7514855E700BF743E040048
:101BF0007E3E0400983E0400A83E0400C03E04005F
:101C0000CA3E0400E43E0400F63E0400083F04001F
:101C1000213F0400313F04003D3F04005A3F0400CF
:101C20006C3F04007D3F04008F3F04009B3F040095
:101C3000B33F0400BF3F0400D13F0400E03F040075
:101C4000F03F0400FD3F04001C4004002B40040052
:101C50003C400400604004007E4004009C400400BE
:101C6000BC400400D3400400E2400400F140040002
:101C7000054104001D4104002B41040038410400CB
:101C80004E4104005D410400694104009841040094
:101C9000A9410400C4410400D7410400ED410400FF
:101CA000F64104000D4204001542040022420400E3
:101CB000374204004B4204006342040072420400B5
:101CC0008342040096420400A2420400BB42040086
:101CD000CF420400EA420400024304001C43040013
:101CE000244304005443040073430400924304005B
:101CF000A9430400BC430400D5430400EC430400A2
:101D000002440400234404003B44040057440400FC
:101D10006A4404008044040094440400B64404006F
:101D2000DC440400ED44040031C10300024504001A
:101D300001460348002300681A46FFF713BE00BFA0
:101D4000BC0F00204169002940F26C73A8BF6FF0FE
:101D50006303CA188B0705D1642192FBF1F301FBE1
:101D60001323DBB94FF4C87192FBF1F301FB13238A
:101D7000B3FA83F35B09D0E90602400000EB0210DE
:101D8000184441F2A26398423AD021DC01281ADCBF
:101D90000028B4BF00204FF0FF3070470123EAE76E
:101DA000172813D8DFE800F00C0C0C0C12120C0CE6
:101DB000121212121212121212120C0C12120C0C1B
:101DC0004FF0FF3070470A381728E9D900207047D4
:101DD00041F2B463984206DC41F2B1639842D4BF49
:101DE000002001207047A0F5B65002381528EDD824
:101DF0000123834003481840003818BF0120704772
:101E0000012070471F002A002DE9F04F91B01D46B8
:101E100000238146884604931C461378002B00F06B
:101E2000D184252B1BD15778302F24D02B2F22D0B3
:101E300002F1010B00279BF80030313B082B1DD825
:101E400058460A2208A901F09BFCDDF820B006469E
:101E50009BF80030452B13D10BF1010B12E008F178
:101E6000FF31A14202D8002400F0B2BC09F80430CE
:101E700001320134D1E702F1020BDCE70026E7E78B
:101E80004F2BE9D09BF80000A0F12503552BEAD891
:101E900001A252F823F000BFB7270300671E03001A
:101EA000671E0300671E0300671E0300671E030012
:101EB000671E0300671E0300671E0300671E030002
:101EC000671E0300671E0300671E0300671E0300F2
:101ED000671E0300671E0300671E0300671E0300E2
:101EE000671E0300671E0300671E0300671E0300D2
:101EF000671E0300671E0300671E0300671E0300C2
:101F0000671E0300671E03002F20030089200300C3
:101F1000FF20030099210300671E0300E521030051
:101F2000C5220300C7230300D5230300671E030057
:101F3000671E0300671E030005240300671E0300DD
:101F4000671E03001D240300671E03006B240300AB
:101F50008125030093250300EB250300FB250300E7
:101F600071260300F7200300A52603006327030062
:101F7000671E0300671E0300671E0300671E030041
:101F8000671E0300671E0300F11F03005D200300AE
:101F9000B72003007121030071210300671E0300B5
:101FA0002D2203005D200300671E0300F7230300BA
:101FB000C7230300D5230300FF23030009240300E4
:101FC000671E03001D240300671E0300E7200300B3
:101FD0008124030085250300CD250300671E03002F
:101FE00061260300EF20030089260300F526030085
:101FF000AB69A74A183352F82360304600F0FEFB65
:10200000013E204408F1FF33A04207D19BF8003085
:10201000002B00F0D7830BF10102FEE6A3427FF60E
:1020200022AF16F8012F09F804200134ECE7AA6961
:10203000974B03EB8203DE6F304600F0DFFB013E7F
:10204000204408F1FF33A042E0D0A3427FF60BAF5B
:1020500016F8012F09F804200134F4E78C4B2A69A3
:1020600053F82260304600F0C9FB013E204408F1DD
:10207000FF33A042CAD0A3427FF6F5AE16F8012F77
:1020800009F804200134F4E72B69814A0C3352F833
:102090002360304600F0B2FB013E204408F1FF33DC
:1020A000A042B3D0A3427FF6DEAE16F8012F09F8A6
:1020B00004200134F4E7764BD3F8A060304600F0FA
:1020C0009DFB3378002BA1D01A9B009332462B4600
:1020D000A8EB040109EB0400FFF796FE00287FF748
:1020E000C2AE044492E76A4BD3F8E460E6E7684B7B
:1020F000D3F89C60E2E7664BD3F89860DEE7654969
:10210000D5F814A08A45ACBF00210121BAF1000F17
:102110000EDB64209AFBF0F013309FB1632825DDBD
:102120005D4A5E4B2B2F14BF17461F465C4A0BE0DF
:102130000AF26C70059102F05BFE6423059990FB36
:10214000F3F0EAE7544F574A574B0190022E2CBF49
:10215000C1EB0606C1F102064E4900968A45A8BFAA
:102160003B46A8EB040109EB04002AE04A4FDDE7F7
:102170004E494F4AEB68642808BF0A46A8EB0401A1
:1021800009EB040005F038FB0028FFF66CAE0444B0
:10219000A0453FF63BAF66E668692B69EF6800280B
:1021A00009EB0406A8EB040103F101030CDB4FF07B
:1021B000640C90FBFCF20CFB1202CDE900723D4A6C
:1021C000304605F019FBDFE700F26C70CDE905132E
:1021D00002F00EFE6422DDE9051390FBF2FC0CFB1D
:1021E0001202EAE725238DF8203087B1062E38BF8A
:1021F0000626B31F8DF821700CD10DF122002E4957
:10220000FFF7A8FB1A9B009308AA2B4660E72B2731
:102210000A26EEE7294A1E210DF1220005F0ECFA0C
:102220000028EADD0DF122031844E8E72846FFF70D
:1022300089FD06466869002811DB642290FBF2F3F1
:1022400002FB13031E44642396FBF3F003FB1066AA
:102250001E44B6FBF3F203FB1263144A8EE700F24E
:102260006C7002F0C5FD6423002E90FBF3F202FBBC
:10227000130305DA6969124A9142B8BF0126E1E702
:10228000E0D06969034A9142B8BF4FF0FF36D9E701
:10229000EC45040094F8FFFF31C103001945040028
:1022A000114504000A4504009D4904002545040029
:1022B000B38903001B4504002E4504002A45040091
:1022C00095F8FFFFB64B69699942ACBF0023012323
:1022D0002846CDE90531FFF735FD069900298246EC
:1022E00027DB642291FBF2F21332686900282BDBB2
:1022F0004FF0640C90FBFCFE0CFB1E00BAF1000FCB
:1023000031DA6969A74B994238DB0AEB0003591CA3
:1023100039D1013A6323642000FB0232059B002B74
:1023200036D02D238DF8203006B1013E0DF121036A
:1023300038E001F26C70069102F05AFD4FF0640C27
:10234000069990FBFCF2D0E700F26C70CDE9061222
:1023500002F04EFD4FF0640CDDE9061290FBFCFE2E
:102360000EFB1C00CAE7D0D08D4B9942B4BF0123AD
:1023700000230593B8BF4FF0FF3AC6E74FF0010ABC
:10238000CDF814A0C1E7642B04BF01320023C2E7DB
:102390002B2F06D142F20F739A4202D98DF820708A
:1023A000C2E708AB252119704FB9581C7E49059228
:1023B000FFF7D0FA059A0092334608AA59E0302177
:1023C000981C5970F2E77949794AAB686B2808BFC5
:1023D0000A46D3E6AB6863B10C2B04D00C2193FB07
:1023E000F1F201FB12337249704A492808BF0A46CC
:1023F000C4E60C23F7E7EB696E4A0133BEE62B69AE
:1024000001332AE76B6828E708F1FF33A3427FF620
:102410002AAD0A2309F804300134F7E5AB680B2B29
:10242000CCBFA422A022644B13445E68304600F067
:10243000E5F9721E204408F1FF36A0423FF4E6ADF4
:10244000A6427FF610AD9BF8001012F8013F50290C
:1024500007D15A49C95C01F00301012908BF2033A3
:10246000DBB209F804300134E7E76B680093544AA3
:10247000AB68A8EB040109EB040005F0BDF983E6A5
:102480002B6A002B79DB01F0C5F9049B0BB901F035
:10249000CDF903F0E9FF2B6A002BCCBF5023282392
:1024A000C358C3F1000A01F0BBF901230493D5F826
:1024B00014C06246BCF145064FEAE273029643F14E
:1024C000FF360396DDE90267002E77F10006A8EBE0
:1024D000040109EB040005DABCF1420643F1FF33C5
:1024E00002960393029B9E08039B46EA83760CF1B7
:1024F000FF329F10642392FBF3F3F61A67EBE37746
:102500000CF22B124FF4C87392FBF3F3F61847EB5F
:10251000E377ACF1460C40F26D1303FB0CFCEB6966
:1025200016EB0C0647EBEC77F6184FF0180C47EB60
:10253000E377A6FB0C23AE680CFB073392194FF030
:102540003C0C43EBE673A2FB0C670CFB03776B6858
:10255000F61847EBE377A6FB0C232E680CFB07333A
:10256000921943EBE673B2EB0A0263EBEA73CDE92F
:102570000023144A05F040F906E64FF0000A96E7FA
:102580002B686AE608F1FF33A3427FF66CAC09239F
:1025900040E72B6801936B6800930B4AAB68E0E55A
:1025A00094F8FFFF95F8FFFF36450400B389030058
:1025B000254504003A450400EC450400DD3C0400D8
:1025C000494504003F4504004445040008F1FF3339
:1025D000A3427FF648ACAB6909EB0402013413B99E
:1025E0003723137012E53033FBE7EB69AA69073331
:1025F0009B1A072293FBF2F32FE62846FFF7A2FB74
:10260000AA6932B1013A002828DCEB6903D10A3308
:10261000EEE70622F7E768690028A2EB030340F221
:102620006B72A8BF6FF064021044820705D1642268
:1026300090FBF2F102FB110171B94FF4C87190FBEC
:10264000F1F201FB1202B2FA82F252099A1A052A39
:10265000B4BF3523342300E60122F7E70123FCE56C
:1026600008F1FF33A3427FF6FEABAB693033D1E60E
:10267000AB693BB1013BEA690732D21A072392FBEF
:10268000F3F3EAE50623F6E76869002805DB642230
:1026900090FBF2F303FB1203DFE500F26C7002F033
:1026A000A7FBF4E76B694C4A934209DA2D218DF8B8
:1026B0002010A2EB030A06B1013E0DF121030BE04D
:1026C0002B2F03F26C7A06D142F20F739A4502D98E
:1026D0008DF82070EFE708AB25221A7037B9581C27
:1026E0003E49FFF737F9CDF800A065E63022981C87
:1026F0005A70F5E72B6A002BFFF688AC01F08AF8D8
:10270000049B0BB901F092F803F0AEFE2B6A002B8C
:10271000CCBF5023282309EB0407C65801F080F8EA
:1027200076423C2396FBF3F003F0F2FE3C23A8EB49
:10273000040A90FBF3F202FB13000090284A4FF4C6
:1027400061635146384696FBF3F305F055F80028CF
:10275000FFF689AB0444A0457FF685AB01230493C3
:1027600054E42B6A002BFFF651AC01F053F8049BA4
:102770000BB901F05BF82B6A1A4A002BD4BF002377
:10278000012352F82360304600F038F8013E20441F
:1027900008F1FF33A04202D101F042F8DEE7A34284
:1027A00005D916F8012F09F804200134F2E701F0E9
:1027B00037F8FFF758BB08F1FF33A3427FF653AB5E
:1027C000252327E6B8F1000F02D0002309F80430D2
:1027D000204611B0BDE8F08F94F8FFFF36450400A5
:1027E000534504008C11002013B5034C0094FFF7EF
:1027F0000BFB02B010BD00BF20100020034613F8F1
:10280000012B002AFBD1181A0138704710B56AB1A4
:102810000139841810F8013B11F8012F934203D1BC
:10282000A04201D0002BF5D1981A10BD1046FCE74C
:10283000F0B50C7864B103461A7818465E1C0AB9E4
:10284000104605E0944208D10D4615F8012F02B953
:10285000F0BD13F8017F9742F7D03346ECE770B52F
:1028600004460D4645EC104B164604F081F951EC38
:10287000100B7EB1C5F30A53C3F16B03002B09DDC6
:102880001B0503F17F55002405F5401522462B4614
:10289000FCF738FA70BD00002DE9F04FA3B01F46D9
:1028A00000231E93A44B19921B68079304461846F5
:1028B0008846FFF7A3FF4FF0000A05464FF0000BD4
:1028C000CDF874801D9B1A782B2A4CD039D80D2A4C
:1028D00032D8082A32D8002A3CD000230E931D9EFD
:1028E0003378302B40F0B480737803F0DF03582B3B
:1028F0006CD10E9B01931EAB029700938F4A1FABC6
:102900001DA9204603F078FA10F00707054605D008
:10291000062F2AD1013600231D960E93199B002BFA
:1029200040F096850E9BDBB152460BF1004343EC21
:10293000102B23B0BDE8F08F202ACED101331D9398
:10294000C0E72D2AC9D101220E925A1C1D925B7834
:10295000002BC4D1199BCDF87480002B40F07685F4
:1029600052465B46E3E70022EEE71E9A3AB1352174
:1029700020A804F0FCF91E99204603F031FE013F27
:10298000052F07D8DFE807F00E0B181D0E034FF0D8
:10299000000BDA462807C1D54BF0004BBEE7DDE956
:1029A00020ABF7E7DDE920A31F9A23F4801302F29E
:1029B000334243EA025BEDE7DFF884B14FF0000AEF
:1029C000E8E76FF0004B4FF0FF3AE3E71D9B5A1C1E
:1029D0001D925B78302BF9D0002B9FD001234FF054
:1029E000000904931D9B0A93CDF824904F460A22B8
:1029F0001D980678A6F13003D9B209292AD907997A
:102A00002A46FFF703FF98B3002033463D46079060
:102A10000246652B01D0452B18D11DB9049B0343F9
:102A200098D00025DDF8748008F101031D9398F813
:102A300001302B2B75D02D2B7BD04FF0000CA3F148
:102A40003001092940F28280CDF8748000269DE093
:102A50000023C4E7082FD8BF099900F10100DABFAD
:102A600002FB0133099302FB093901371D90BFE7CF
:102A70001D9B5A191D925B5D002F37D007903D4674
:102A8000A3F13002092A12D90122C2E71D9B5A1C68
:102A90001D925B780130302BF8D0A3F13102082A67
:102AA00000F2DB841D9A079000200A920546303B15
:102AB00000F1010214D00799114407912A4600EB56
:102AC000050E0A21724513D12A18082A05F10105BD
:102AD00005441CDC09990A2202FB013309930022F8
:102AE0001D9B591C1D915B781046C9E73846D2E7FB
:102AF000082A04DC099E4E4309960132E2E702F1FE
:102B0000010CBCF1100FD8BF01FB09F9F5E7102D3E
:102B1000DCBF0A2202FB0939E1E700230793012207
:102B20007CE74FF0000C08F102031D9398F8023087
:102B300085E74FF0010CF6E790480400604504007B
:102B40000000F07F1D9B591C1D915B78302BF9D044
:102B5000A3F1310108293FF679AFA3F1300E1D9B97
:102B600008931D9B591C1D915B78A3F13006092E1B
:102B700037D9089E891B082944F61F6602DC764572
:102B8000A8BF7646BCF1000F00D07642002D4FD191
:102B9000049901437FF4C2AE002A7FF4DBAE692BB7
:102BA00027D024DC492B24D04E2B7FF4D3AE9E4972
:102BB0001DA803F067FB00283FF4CCAE1D9B1B78DB
:102BC000282B2DD1994920AA1DA803F06FFB0528B9
:102BD00026D1219BDDF880A043F0FF4B4BF4E00BA6
:102BE0009CE60A2101FB0E3EAEF1300EB9E76E2BDA
:102BF000DBE78F491DA803F045FB00283FF4AAAE90
:102C00001D9B8C49013B1DA81D9303F03BFB10B994
:102C10001D9B01331D93DFF82CB24FF0000A7DE6B7
:102C20008548FBF785FD8DED040BDDE904AB75E60A
:102C3000079B0998F31A002F08BF2F46102D089301
:102C4000A846A8BF4FF01008FBF7E2FF092D824607
:102C50008B4613DD794B03EBC80353E91223FCF7D2
:102C600051F8824648468B46FBF7D2FF02460B4698
:102C700050465946FBF790FE82468B460F2D38DCB6
:102C8000089B002B3FF44AAE24DD162B0BDC6B4D6A
:102C900005EBC305D5E9000152465B46FCF732F867
:102CA00082468B463AE6089AC5F12503934220DB1B
:102CB000624CC5F10F0504EBC50152465B46D1E9F4
:102CC0000001FCF71FF8089B5D1B04EBC504D4E969
:102CD0000023E3E7089B16330BDB079B574A9E1B39
:102CE00002EBC606D6E9002350465946FCF734F9F4
:102CF000D6E7089BA5EB08089844B8F1000F71DDF2
:102D000018F00F030AD04D4901EBC30152465B4650
:102D1000D1E90001FBF7F6FF82468B4638F00F0839
:102D20004DD0B8F59A7F22DD00252E4609950795EE
:102D30002223DFF810B123604FF0000A099B002B1B
:102D40003FF4ECAD1E99204603F04AFC079920465B
:102D500003F046FC3146204603F042FC0999204628
:102D600003F03EFC2946204603F03AFCD6E500235A
:102D70004FEA2818504659469946B8F1010F21DC10
:102D80000BB182468B462E4BABF1547B03EBC9094A
:102D900052465B46D9E90001FBF7B4FF294B0A46CE
:102DA0000B4029498B428246BED8A1F580118B4247
:102DB00086BFDFF898B04FF0FF3A02F1547B002352
:102DC000049381E018F0010F07D01D4B03EBC903FA
:102DD000D3E90023FBF796FF012309F101094FEA2C
:102DE0006808CAE7EBD0C8F1000818F00F020AD053
:102DF000124B03EBC20350465946D3E90023FCF7BC
:102E0000ABF882468B465FEA2818D8D0B8F11F0F7E
:102E10001EDD00252E460995079522234FF0000A56
:102E20004FF0000B236089E7071C04007445040081
:102E3000780504008548040031C10300C848040037
:102E4000A04804000000F07F0000A07CFFFFEF7F9F
:102E500018F0100318BF6A23DFF8B49304935046A8
:102E60005946002318F0010F04D0D9E90023FBF7DD
:102E700049FF01235FEA680809F10809F2D10BB1A3
:102E800082468B46049BBBB1CBF30A53C3F16B0361
:102E9000002B594610DD1F2B40F32881342BDEBF59
:102EA000203B4FF0FF3202FA03F34FF0000ACCBF91
:102EB0004FF05C7B03EA010B002200235046594689
:102EC000FCF788F90028A4D1099B00930A992B46A6
:102ED0003A46204603F0D9FB099000283FF424AF7E
:102EE000079B9E1B089B002BB4BF33460023109307
:102EF000089B002523EAE37318932E46099B20467E
:102F0000596803F039FB079000283FF411AF099B83
:102F10001A69023203F10C0192000C30FDF70EFC2D
:102F20004BEC10AB20AA1FA92046CDE90AAB03F059
:102F30009BFE1E9000283FF4FBAE0121204603F0CB
:102F400032FC064600283FF4F3AE1F9B0499002B89
:102F5000ABBF109A189A189FDDF84090ACBF03EBF6
:102F60000209D71A209AA3EB01089044A34B08F159
:102F7000FF389845C2F1360280F2CC80A3EB0803FB
:102F80001F2BA2EB03024FF0010100F3B68001FA00
:102F900003F3119300230C9309EB0208049BC14532
:102FA00017441F444B46A8BF4346BB42A8BF3B46FD
:102FB000002BC2BFA8EB0308FF1AA9EB0309109B63
:102FC000002B17DD31461A46204603F091FC0646D9
:102FD00000283FF4ADAE01461E9A204603F0ECFBFC
:102FE0000F9000283FF4A4AE1E99204603F0F8FA93
:102FF0000F9B1E93B8F1000F00F39180089B002BEC
:1030000008DD189A0799204603F072FC0790002803
:103010003FF48EAE002F08DD07993A46204603F0B4
:10302000B5FC079000283FF483AEB9F1000F08DD2E
:1030300031464A46204603F0A9FC064600283FF4E4
:1030400077AE079A1E99204603F01BFD054600281F
:103050003FF46EAEC3680F930023C360314603F0A4
:10306000F4FC002865DA0F9B53EA0A0340F08780DE
:10307000CBF31303002B40F082802BF000431B0D99
:103080001B05B3F1D66F7AD96B6913B92B69012B84
:1030900075DD29460122204603F078FC31460546BD
:1030A00003F0D3FC00286ADD0499554A5B460029E9
:1030B00000F0858002EA0B01B1F1D66F7FDCB1F13F
:1030C0005C7F7FF7AAAE4F4A0023CDE91632504607
:1030D000DDE916235946FBF715FE0B46034308BFEF
:1030E000222382468B4608BF23602BE64FF0FF3237
:1030F00002FA03F303EA0A0ADEE6C8F17F4808F59C
:103100007F0808F57B4808F1E20801FA08F30C9300
:10311000119141E700230C93012311933CE71E9981
:103120004246204603F032FC1E9000287FF466AF32
:10313000FEE55F466ED10F9ACBF3130342B3324ADA
:10314000934228D1049B5046EBB12D4A3A40B2F14C
:10315000D46F4FF0FF3119D8120DC2F16B0301FA91
:1031600003F3984217D1294B9F4202D101303FF41B
:10317000DFAD234B3B4003F5801B4FF0000A049B5F
:10318000002BA0D1DEE54FF0FF33EAE70B46E8E77E
:1031900053EA0A0388D00C9BDBB13B42EFD00F9B74
:1031A000049A50465946C3B1FFF759FB02460B46F5
:1031B000DDE90A01FBF7F0FB82468B46DFE71340AF
:1031C000A3F580136FEA135B6FEA0B5B4FF0FF3AD6
:1031D000D5E7119B13EA0A0FE0E7FFF740FB024631
:1031E0000B46DDE90A01FBF7D5FB002200238246EE
:1031F0008B46FBF7EFFF0028C1D00EE602FCFFFF75
:103200000000F07F00005039FFFF0F00FFFFEF7F4D
:10321000884504003146284603F076FD59EC108BB2
:1032200010EE100A00224FF080434946FBF7E6FFFC
:1032300000287CD00F9B002B4CD0954B0022CDE971
:103240000C23DFF84C924FF00008924B3B40119357
:10325000119A914B9A4240F0B280DDE90A23DDE9F0
:103260000C01A7F1547B4BEC10ABCDE91623CDE953
:103270000C0103F07DFCDDE90C0153EC102BFBF796
:1032800041FD52465B46FBF787FB0B468149834A6B
:103290001940914282465ED90B9B02F154729342CF
:1032A00003D10A9B01333FF443ADDFF8FCB14FF08B
:1032B000FF3A1E99204603F093F90799204603F040
:1032C0008FF93146204603F08BF92946204603F05A
:1032D00087F913E6BAF1000F1BD1CBF31303F3B94F
:1032E0006B4B002240464946FBF77EFFD0B9404673
:1032F00049466B4B0022FBF705FD8046894609F1E4
:103300000043CDF868801B93DDE91A23CDE90C2337
:103310009BE7BAF1010F02D1002F3FF47EAD614B64
:1033200000228CE7DFF878914FF00008E7E75C4B6C
:10333000404649460022FBF7E5FC0F9B8046894644
:1033400033B901F1004312901393DDE91223DDE755
:10335000CDE91289F9E703F1547B049B002BA8D136
:103360002BF00043119A1B0D1B059A42A1D1404638
:10337000494605F07FF9FBF797FC02460B464046AD
:103380004946FBF707FB0F9ACBF3130343EA0A0303
:1033900013438046894653D035A3D3E90023FBF776
:1033A00023FF00287FF4CEAC33A3D3E900234046AB
:1033B0004946FBF737FF00283FF47BAFC2E4049B8C
:1033C00033B3119BB3F1D46F22D82DA3D3E90023DB
:1033D00040464946FBF712FFA0B149464046FBF77D
:1033E00069FF012838BF0120FBF712FC0F9B8046C4
:1033F000894613BB01F1004314901593DDE91423B2
:10340000CDE90C230D9B119A03F1D6639B1A0D9302
:10341000DDE90C019DED0A0BCDE90C0103F0A8FBE1
:10342000DDE90C0153EC102BFBF76CFCDDE90A2302
:10343000FBF7B2FA82468B468FE7CDE91489DDE7C8
:1034400011A3D3E90023FBF7CFFEB4E700230E93CB
:10345000199A1D9B1360FFF765BA652B3FF45DABAE
:10346000452B3FF45AAB0122FFF792BBAFF300802C
:103470009535A094FFFFDF3F35E5AF350000E03F15
:103480000000C0FFFFFFDF419535A094FFFFCF3F55
:103490000000F03F0000F07F0000E07FFFFF9F7C16
:1034A0000000E03F0000F0BFFFFFEF7F0A4601464B
:1034B0000248034B0068FFF7EFB900BFBC0F0020C4
:1034C000201000202DE97043264E274B0A462DED93
:1034D000028B01463068FFF7DFF955EC104B10EE18
:1034E000102A10EE100A2B462946FBF7A5FE90B1D4
:1034F000002D1E4809DA04F079F9B1EE408AB0EEE9
:10350000480ABDEC028BBDE87083BDEC028BBDE8C0
:10351000704304F06BB920462946FBF7EBFE08EE3A
:10352000100ADFED137AB0EEC87AB4EE677AF1EEE6
:1035300010FAE4DD25F000490E4B4FF0FF32204633
:103540004946FBF779FE40B90A4B4FF0FF3220465F
:103550004946FBF753FE0028D1D0336822221A6077
:10356000CDE700BFBC0F00202010002031C10300B8
:10357000FFFF7F7FFFFFEF7F2DE9F0473A4E864642
:103580008C4660461CF8014BA55D15F00805F8D186
:103590002D2C33D19CF800404FF0010800F1020CB3
:1035A000002B5CD0102B0CD1302C0AD19CF80000E1
:1035B00000F0DF0058284DD19CF8014010230CF199
:1035C000020C08F10047013F0026B7FBF3F9304633
:1035D00003FB197AA4F13005092D18D82C46A34213
:1035E00024DD751C07D081451DD301D1A2451ADB0E
:1035F00000FB034001261CF8014BEBE72B2C08BF16
:103600009CF80040A84608BF00F1020CC8E7A4F1EE
:103610004105192D01D8373CE1E7A4F16105192DC9
:1036200004D8573CDBE74FF0FF36E4E7731C06D1C4
:103630002223CEF80030384642B9BDE8F087B8F111
:10364000000F00D04042002AF7D00EB10CF1FF313C
:103650001160F2E73024002BB3D10823B1E7302CFE
:10366000A4D00A23ADE700BFDD3C0400FFF784BF10
:1036700013460A46014602480068FFF77DBF00BFB7
:10368000BC0F00202DE9F0433B4E86468C46604639
:103690001CF8014BA55D15F00805F8D12D2C34D18F
:1036A0009CF800404FF0010800F1020C002B5ED0A6
:1036B000102B0CD1302C0AD19CF8000000F0DF0058
:1036C00058284FD19CF8014010230CF1020C4FF008
:1036D000FF370025B7FBF3F703FB07F96FEA09098A
:1036E0002846A4F13006092E18D83446A34224DD1A
:1036F000002D1FDB87421DD301D1A1451ADB00FB42
:10370000034001251CF8014BEBE72B2C08BF9CF86C
:103710000040A84608BF00F1020CC7E7A4F141062B
:10372000192E01D8373CE1E7A4F16106192E04D81F
:10373000573CDBE74FF0FF35E4E7002D07DA2223A3
:10374000CEF800304FF0FF3042B9BDE8F083B8F159
:10375000000F00D04042002AF7D00DB10CF1FF312C
:103760001160F2E73024002BB1D10823AFE7302CF1
:10377000A2D00A23ABE700BFDD3C0400FFF782BF05
:1037800013460A46014602480068FFF77BBF00BFA8
:10379000BC0F002030B5044600200B46904213F8C1
:1037A000015B06D1421A501811F8013B002BFAD1E7
:1037B00030BD2554002DFBD001301946EDE7000047
:1037C000024B01461868FDF7B7BF00BFBC0F0020D1
:1037D000034BC35C03F00303022B08BF2038704780
:1037E000DD3C0400FE2806D8034B1B5C03F00303FA
:1037F000012B08BF20307047DD3C0400FE2806D8AE
:10380000034B1B5C03F00303022B08BF20387047F7
:10381000DD3C04000148FCF774BE00BF254E0020CB
:103820000148FCF770BE00BF254E0020014B186810
:1038300000F002B8BC0F00202DE9F04F8DB0074614
:1038400002F012FEAE49AF4E0546384602F004FEC5
:10385000044670B9AC4BAD4A1860AD4B1860AD4B27
:103860003068C3E90022FCF7C5FE34600DB0BDE846
:10387000F08F316800295FD13068FCF7BBFE20462D
:10388000FEF7BCFF411C3846FDF71EF830600028EB
:1038900057D12378A04AA1493A2B08BF01340AAE78
:1038A00033462046FDF7BCFF0028DFDD0A9BE71802
:1038B000E35C2D2B49D101374FF0FF340DF1200A85
:1038C0000DF11E0B4FF00008CDE9016A94490396F3
:1038D000CDF800B0334607AA3846ADF81E80ADF8E3
:1038E0002080FDF79DFF4045C0DDBDF81E30BDF8CE
:1038F0002020DFF838923C2101FB0322BDF81C3068
:103900004FF4616101FB03235C43AC62814C824B49
:1039100023600A9B81491F444A4633463846FDF7D7
:103920007FFF404516DC23686360774BAA6A1A6004
:10393000774BC3F8008099E7FEF700F800289BD189
:1039400094E72146FEF706F8A3E72B2B08BF0137C3
:103950000124B3E70A9BC4F80490FC18FB5C2D2BF0
:1039600040F08B8001344FF0FF370023ADF81C305E
:10397000ADF81E30ADF820300A93CDE902A6CDE9AE
:1039800000B66749334607AA2046FDF749FF0028DD
:1039900078DCAF6AA7F561670A9B2F651C442F4648
:1039A0004FF0000923782C2B08BF013494F80080D5
:1039B000B8F14D0F78D10DF12603CDE9016309ABC4
:1039C00000935849039633460DF122022046FDF735
:1039D00027FF03287FF44AAFBDF822104B1E0B2BA4
:1039E0003FF644AFBDF82420531E042B3FF63EAFF4
:1039F000BDF82630062B3FF639AFC7E9031287F82A
:103A000008807B610A9B04EB03080223ADF81C309D
:103A10000023ADF81E30ADF820300A9398F800303E
:103A20002F2B09D1CDE902A6CDE900B63E49334698
:103A300007AA4046FDF7F4FEBDF81E30BDF8202071
:103A40003C2101FB0322BDF81C304FF4616101FBF6
:103A50000323BB610A9C28374444B9F1000F20D0EE
:103A6000686803F031FF284BAA6A1A602B6D9B1A15
:103A7000274A18BF01231360F8E62B2B08BF013437
:103A8000012772E7BDF81E30BDF820203C2101FB64
:103A90000322BDF81C304FF4616101FB03235F4337
:103AA0007AE74FF001097DE7B8F14A0F06BF01340C
:103AB000434644230A220BA920460593FFF760FEE4
:103AC000DDF82C80059BADF82600A04514D14D23D0
:103AD000B9F1000F07D12B7203210223C5E90313AB
:103AE000C5F8149091E785F830300B220123C5E921
:103AF0000D230023EB6388E780B23B72786184E793
:103B0000E8460400A84B0020B04B00208A190400AE
:103B1000AC4B00208C1100209B4B0020EB46040096
:103B20000E470400FA4604000D470400904B0020A5
:103B3000002070472DE9F0410C46496B04F1440325
:103B400099421DD14FF48061FCF7BEFE18B94FF0C9
:103B5000FF30BDE8F0814FF48063A36394F84630F2
:103B6000606380F8FF3394F8453080F8FE3394F8B2
:103B7000443080F8FD3300F2FD3020600020E8E79B
:103B8000A66B77003A4603F045F905460028DED0DB
:103B900000EB0608014632464046FCF7CFFDC4E97B
:103BA0000D57C4F80080E9E770B514464A1C064674
:103BB0000D4603D14FF0FF35284670BD18B183691B
:103BC0000BB9FCF76FF8414B9C421DD17468636ED2
:103BD000DB0705D4A389980502D4A06DFCF792FCFD
:103BE000B4F90C3023F020035907A3819AB22DD4E5
:103BF000D30613D4636EDD07DCD412F4007FD9D171
:103C0000A06DFCF781FCD5E7314B9C4201D1B46833
:103C1000DDE7304B9C4208BFF468D8E7100711D5A8
:103C200021463046FBF798FF30B1636ED907C1D407
:103C3000A38913F4007FE2E7A389A06023F00803BF
:103C4000A381A061A38943F00403A381636B62682D
:103C5000EDB2D3B1A36B934205DC21463046FFF7AA
:103C600069FF0028E1D123685A1E226003F8015C35
:103C7000636801336360636EDA079DD4A3899B0593
:103C80009AD4A06DFCF740FC96E7616E206923682A
:103C900001F0010160B198420AD213F8010CA84268
:103CA00006D1013B013223606260002984D1E5E73F
:103CB000C4E90F3204F1440363630323A36323467F
:103CC00003F8465F236001236360EEE7003E0400D3
:103CD000203E0400E03D0400024B0A4601461868FD
:103CE000FFF762BFBC0F0020536EDB072DE9F341E5
:103CF00007460E46144605D493899D0502D4906D5F
:103D0000FCF700FC701C0ED14FF0FF36636EDA0733
:103D100005D4A3899B0502D4A06DFCF7F5FB3046C2
:103D200002B0BDE8F0810DF10408414604F15C03E6
:103D30003246384600F0C8F8411C05460CD1A3892C
:103D400043F04003A381DFE718F805102246384608
:103D5000FFF72AFF0130D7D0013DF5D2D6E70000AA
:103D60000F4B70B51D6806460C4625B1AB6913B9FB
:103D70002846FBF797FF0B4B9C4207D16C68224605
:103D800031462846BDE87040FFF7AEBF064B9C4267
:103D900001D1AC68F3E7054B9C4208BFEC68EEE745
:103DA000BC0F0020003E0400203E0400E03D040063
:103DB00030B5141E05469BB0184605DA8B232B60E0
:103DC0004FF0FF301BB030BD4FF40273ADF80C3034
:103DD00014BF04F1FF332346029305934FF6FF739C
:103DE00000910491ADF80E3002461E9B69462846AC
:103DF00003F092F8431CBCBF8B232B60002CE1D056
:103E0000009B00221A70DDE707B5009313460A46AF
:103E1000014603480068FFF7CBFF03B05DF804FBE1
:103E2000BC0F0020F8B50E461446054618B183694C
:103E30000BB9FBF737FF214B9C422BD16C68A36970
:103E4000A360A3891A072FD523696BB32369206860
:103E5000C01A6369F6B28342374604DC214628461D
:103E6000FBF77AFE30BBA368013BA36023685A1CB2
:103E700022601E7063690130834204D0A389DB078E
:103E800006D50A2E04D121462846FBF765FE88B9DF
:103E90003846F8BD0A4B9C4201D1AC68CFE7094BCC
:103EA0009C4208BFEC68CAE72146284600F032FF72
:103EB0000028CBD04FF0FF37EAE700BF003E0400F8
:103EC000203E0400E03D0400F0B5094C85B0D4F874
:103ED000E07005461E4609B90A4601A9B847431CC9
:103EE00001BF002333608A232B6005B0F0BD00BF03
:103EF0002010002013460A46014602480068FFF7DA
:103F0000E3BF00BFBC0F002003F086BD416900295C
:103F100040F26C73A8BF6FF06303CA188B0705D11A
:103F2000642192FBF1F301FB1323DBB94FF4C87159
:103F300092FBF1F301FB1323B3FA83F35B09D0E99E
:103F40000602400000EB0210184441F2A2639842BE
:103F50003AD021DC01281ADC0028B4BF00204FF041
:103F6000FF3070470123EAE7172813D8DFE800F095
:103F70000C0C0C0C12120C0C121212121212121245
:103F800012120C0C12120C0C4FF0FF3070470A3852
:103F90001728E9D90020704741F2B463984206DC43
:103FA00041F2B1639842D4BF002001207047A0F5D0
:103FB000B65002381528EDD8012383400348184035
:103FC000003818BF01207047012070471F002A00E9
:103FD00038B500231546C0F8FC33FF22044602F032
:103FE000B1FAB0F1FF3F08BF00202860204638BD7D
:103FF0002DE9F04FADF2B44D1D46002306931C464B
:104000004B1E8146884603931368002B00F0C6843C
:10401000252B1BD15768302F23D02B2F21D002F115
:10402000040A0027DAF80030313B082B1CD8504630
:104030000A220CA900F052FDDDF830A00646DAF89D
:104040000030452B12D10AF1040A11E00399A14274
:1040500002D8002400F0A8BC49F82430043201340E
:10406000D2E702F1080ADDE70026E8E74F2BEAD0A5
:10407000DAF80000A0F12503552BEAD801A252F886
:1040800023F000BF91490300534003005340030055
:1040900053400300534003005340030053400300C8
:1040A00053400300534003005340030053400300B8
:1040B00053400300534003005340030053400300A8
:1040C0005340030053400300534003005340030098
:1040D0005340030053400300534003005340030088
:1040E0005340030053400300534003005340030078
:1040F000534003001D4203007B420300FD420300C6
:104100009743030053400300E3430300BD4403000F
:10411000BB450300C945030053400300534003005F
:1041200053400300F945030053400300534003008C
:104130000F46030053400300554603006B4703003E
:104140007B470300CD470300DD47030051480300D0
:10415000F3420300854803003F4903005340030036
:1041600053400300534003005340030053400300F7
:1041700053400300DD4103004D420300AB42030006
:104180006F4303006F4303005340030025440300C3
:104190004D42030053400300EB450300BB450300C1
:1041A000C9450300F3450300FD45030053400300E8
:1041B0000F46030053400300DF4203006B46030039
:1041C0006F470300B1470300534003004348030017
:1041D000E942030069480300D1480300AB69AA49DA
:1041E00018330BAA51F823102CA8FFF7F1FE0B9BF4
:1041F00004382344A34207D1DAF80030002B00F042
:10420000CD830AF10402FFE6039AA2427FF621AFB2
:1042100050F8042F49F824200134EBE7AA699A4B9F
:1042200003EB82032CA8D96F0BAAFFF7D1FE0B9BDF
:1042300004382344A342DFD0039AA2427FF609AF99
:1042400050F8042F49F824200134F3E78E4B2969F4
:104250000BAA53F821102CA8FFF7BAFE0B9B0438C9
:104260002344A342C8D0039AA2427FF6F2AE50F88C
:10427000042F49F824200134F3E72B6982490C33D9
:104280000BAA51F823102CA8FFF7A2FE0B9B0438B1
:104290002344A342B0D0039AA2427FF6DAAE50F88C
:1042A000042F49F824200134F3E7774BD3F8A0100A
:1042B0000BAA2CA8FFF78CFE0368002B9CD0DDF81E
:1042C000D834009302462B46A8EB040109EB840086
:1042D000FFF78EFE00287FF7BCAE04448CE76A4BE4
:1042E0000BAAD3F8E410E4E7674B0BAAD3F89C10B1
:1042F000DFE7654B0BAAD3F89810DAE76349D5F8E6
:1043000014B08B45ACBF00210121BBF1000F0EDBC7
:1043100064209BFBF0F013309FB1632825DD5C4ADD
:104320005C4B2B2F14BF17461F465B4A0BE00BF26A
:104330006C70079100F05CFD6423079990FBF3F02B
:10434000EAE7534F554A564B0190022E2CBFC1EB62
:104350000606C1F102064D4900968B45A8BF3B46B3
:10436000A8EB040109EB84002AE0494FDDE74D4941
:104370004D4AEB68642808BF0A46A8EB040109EB24
:10438000840003F06DFA0028FFF663AE0444A045F4
:104390003FF632AF5DE668692B69EF68002809EBEC
:1043A0008406A8EB040103F101030CDB4FF0640C5D
:1043B00090FBFCF20CFB1202CDE900723B4A304646
:1043C00003F04EFADFE700F26C70CDE9071300F05E
:1043D0000FFD6422DDE9071390FBF2FC0CFB1202D7
:1043E000EAE725230C937FB1062E38BF0626B31FBC
:1043F0000D970CD10EA82E4903F01AFBDDF8D83426
:1044000000930CAA2B465FE72B270A26EFE7294AE1
:104410001E210EA803F024FA0028EBDD0EAB03EBFF
:104420008000E8E72846FFF771FD06466869002826
:1044300011DB642290FBF2F302FB13031E4464239E
:1044400096FBF3F003FB10661E44B6FBF3F203FB8E
:104450001263144A91E700F26C7000F0C9FC642307
:10446000002E90FBF3F202FB130305DA6969124A8E
:104470009142B8BF0126E1E7E0D06969034A914261
:10448000B8BF4FF0FF36D9E7EC45040094F8FFFFC2
:1044900031C10300194504003C47040020470400D3
:1044A0009D490400944704005C4704006C470400E5
:1044B000B8470400A847040095F8FFFFB24B6969AC
:1044C0009942ACBF002301232846CDE90731FFF70D
:1044D0001DFD08990029834625DB642291FBF2F239
:1044E00013326869002829DB4FF0640C90FBFCFE56
:1044F0000CFB1E00BBF1000F2FDA6969A34B994238
:1045000036DB0BEB0003591C37D1013A63236420DF
:1045100000FB0232079B002B34D02D230C9306B1F5
:10452000013E0DAB37E001F26C70089100F060FCC9
:104530004FF0640C089990FBFCF2D2E700F26C702B
:10454000CDE9081200F054FC4FF0640CDDE90812CC
:1045500090FBFCFE0EFB1C00CCE7D2D08A4B9942AC
:10456000B4BF012300230793B8BF4FF0FF3BC8E758
:104570004FF0010BCDF81CB0C3E7642B04BF013230
:104580000023C4E72B2F05D142F20F739A4201D9C1
:104590000C97C4E70CAB252119604FB9181D7C4955
:1045A000079203F045FA079A009233460CAA55E0A9
:1045B000302103F108005960F1E77649764AAB688B
:1045C0006B2808BF0A46D8E6AB6863B10C2B04D051
:1045D0000C2193FBF1F201FB12336F496D4A49281C
:1045E00008BF0A46C9E60C23F7E7EB696B4A0133BB
:1045F000C3E62B6901332CE76B682AE7039BA342D0
:104600007FF627AD0A2349F824300134F4E5AB687E
:104610000B2BCCBFA422A022614B13442CA85968B9
:104620000BAAFFF7D5FC002607460B9BB3427FF68B
:10463000E3AD039BA3427FF60CADDAF8003057F8E8
:104640002600502B01D1FFF7CDF849F824000136A0
:104650000134EAE76B680093524AAB68A8EB0401A7
:1046600009EB840003F0FCF88DE62B6A002B79DB64
:10467000FFF7D0F8069B0BB9FFF7D8F801F0F4FE6E
:104680002B6A002BCCBF50232823C358C3F1000B47
:10469000FFF7C6F801230693D5F814C06246BCF1B3
:1046A00045064FEAE273049643F1FF360596DDE9CD
:1046B0000467002E77F10006A8EB040109EB8400E3
:1046C00005DABCF1420643F1FF3304960593049BDF
:1046D0009E08059B46EA83760CF1FF329F10642307
:1046E00092FBF3F3F61A67EBE3770CF22B124FF41D
:1046F000C87392FBF3F3F61847EBE377ACF1460C83
:1047000040F26D1303FB0CFCEB6916EB0C0647EB58
:10471000EC77F6184FF0180C47EBE377A6FB0C2369
:10472000AE680CFB073392194FF03C0C43EBE67379
:10473000A2FB0C670CFB03776B68F61847EBE3777B
:10474000A6FB0C232E680CFB0733921943EBE67390
:10475000B2EB0B0263EBEB73CDE90023124A03F0DB
:104760007FF810E64FF0000B96E72B6871E6039B8D
:10477000A3427FF66EAC092345E72B6801936B6873
:1047800000930A4AAB68EBE594F8FFFF95F8FFFF4A
:10479000D84704005C47040094470400E84704003D
:1047A000EC45040024480400FC47040010480400C1
:1047B000039BA3427FF64DACAB69A20001341BB949
:1047C000372349F8023017E53033FAE7EB69AA6975
:1047D00007339B1A072293FBF2F33AE62846FFF7CA
:1047E00095FBAA6932B1013A002828DCEB6903D1B4
:1047F0000A33EEE70622F7E768690028A2EB030315
:1048000040F26B72A8BF6FF064021044820705D1BA
:10481000642290FBF2F102FB110171B94FF4C871EF
:1048200090FBF1F201FB1202B2FA82F252099A1ADB
:10483000052AB4BF352334230BE60122F7E7012311
:1048400007E6039BA3427FF604ACAB693033DAE69C
:10485000AB693BB1013BEA690732D21A072392FBED
:10486000F3F3F6E50623F6E76869002805DB642222
:1048700090FBF2F303FB1203EBE500F26C7000F027
:10488000B7FAF4E76B694B4A934207DA2D210C9192
:10489000A2EB030B06B1013E0DAB0AE02B2F03F296
:1048A0006C7B05D142F20F739B4501D90C97F1E760
:1048B0000CAB25221A6037B9181D3F4903F0B8F830
:1048C000CDF800B071E6302203F108005A60F4E739
:1048D0002B6A002BFFF690ACFEF79CFF069B0BB9F2
:1048E000FEF7A4FF01F0C0FD2B6A002BCCBF5023C4
:1048F000282309EB8407C658FEF792FF76423C2333
:1049000096FBF3F001F004FE3C23A8EB040B90FBB4
:10491000F3F202FB13000090284A4FF461635946FA
:10492000384696FBF3F302F09BFF0028FFF691ABAD
:104930000444A0457FF68DAB012306935CE42B6A0B
:10494000002BFFF659ACFEF765FF069B0BB9FEF78F
:104950006DFF2B6A1A4A002BD4BF0023012352F8A3
:1049600023603046FDF74AFF013E2044A04202D1B9
:10497000FEF756FFE0E7039BA34205D916F8013F77
:1049800049F824300134F1E7FEF74AFFFFF761BB35
:10499000039BA3427FF65DAB252334E6B8F1000FFD
:1049A00002D0002349F8243020460DF2B44DBDE872
:1049B000F08F00BF94F8FFFFD84704004C48040074
:1049C0008C11002013B5034C0094FFF711FB02B0CB
:1049D00010BD00BF201000200246134604321968A3
:1049E0000029FAD1181A801070472DE9F84F814636
:1049F000884692461F460D46AB4655F8044B0A9929
:104A00002046FBF725FD06460028F5D12D2C2ED19A
:104A10002C6801210BF10805002F5BD0102F09D164
:104A2000302C07D12B6823F02003582B4DD16C6814
:104A3000102708354FF0FF32B2FBF7F207FB02FCFC
:104A40006FEA0C0C0020A4F13003092B17D81C4688
:104A5000A74223DD002E1EDB90421CD801D1644505
:104A600019DC00FB0740012655F8044BEBE72B2C23
:104A700003BF2C6801460BF108050146CCE7A4F101
:104A80004103192B01D8373CE2E7A4F16103192B4C
:104A900004D8573CDCE74FF0FF36E5E7002E09DA93
:104AA0002223C9F800304FF0FF30BAF1000F07D1D0
:104AB000BDE8F88F01B14042BAF1000FF8D00EB155
:104AC000A5F10408CAF80080F2E73024002FB1D124
:104AD0000827AFE7302CA5D00A27ABE707B5134668
:104AE000054A00920A46014604480068FFF77DFF28
:104AF00003B05DF804FB00BF20100020BC0F0020B5
:104B000002F0A2BF7FB5431C054603D14FF0FF3032
:104B100004B070BD082200210DEB0200FBF736FE49
:104B2000134B1E68B46DB4B95020FBF75BFDB06544
:104B3000C0E90044C0E90244C0E90444C0E90A44B1
:104B4000C0E90C44C0E90E44C0E91044C0E9124475
:104B5000846104774462074B2A46D3F8E04001A9F8
:104B600002AB3046A0470128D0D19DF80400CFE722
:104B7000BC0F00202010002049B1FF2A85BF8A23E6
:104B800003600A704FF0FF3098BF0120704708465D
:104B90007047000038B50B78613B05460C46172B73
:104BA0005ED8DFE803F00C1A22295D5D305D5D5DA3
:104BB0005D375D5D5D3E5D5D4A5D515D5D582D49D2
:104BC0002046FCF7BBFE00284ED02B492046FCF7C0
:104BD000B5FE002844D1022045E028492046FCF7D4
:104BE000ADFE00283CD103203DE025492046FCF7DE
:104BF000A5FEA8BB042036E022492046FCF79EFE15
:104C000070BB05202FE020492046FCF797FE38BBFB
:104C1000062028E01D492046FCF790FE00BB072037
:104C200021E01B492046FCF789FEF8B119492046CE
:104C3000FCF784FEA0B9092015E017492046FCF7CF
:104C40007DFE68B90A200EE014492046FCF776FE86
:104C500030B90B2007E012492046FCF76FFE38B14F
:104C600016232B60002038BD0120FCE70820FAE75E
:104C70000C20F8E7332D0400202D04007C480400AC
:104C80000E2D04002D2D0400392D04001A2D0400D2
:104C9000082D0400262D0400773F0400142D040085
:104CA0002C2D0400024B01461868FFF773BF00BFAC
:104CB000BC0F002030B500249442034602D10023EB
:104CC000184630BD1D688D4200F10400F8D0013453
:104CD000F2E79200FBF732BD9200FBF73DBD0023E7
:104CE000934200D1704740F823100133F8E70000E9
:104CF00038B5074D04460846114600222A601A4678
:104D000003F034FD431C02D12B6803B1236038BD8E
:104D1000304E0020324B70B51D6806460C4625B15A
:104D2000AB6913B92846FAF7BDFF2E4B9C420FD151
:104D30006C68A389B4F90C2019072CD4DD0611D4B2
:104D40000923336042F04003A3814FF0FF303EE07F
:104D5000254B9C4201D1AC68EBE7244B9C4208BF39
:104D6000EC68E6E7580712D5616B41B104F14403E2
:104D7000994202D03046FBF711FD00236363A389FB
:104D800023F02403A3810023636023692360A389A4
:104D900043F00803A38123694BB9A38903F420736B
:104DA000B3F5007F03D021463046FBF7D3FBA08943
:104DB000B4F90C2010F001030AD00023A36063694A
:104DC0005B42A361236943B910F08000BAD170BD82
:104DD000810758BF6369A360F4E70020F7E700BFCD
:104DE000BC0F0020003E0400203E0400E03D040013
:104DF0000028B8BF4042704738B5064D002304462E
:104E000008462B6003F06CFC431C02D12B6803B1F5
:104E1000236038BD304E00202DE9F74F03690C693F
:104E2000A3420746C0F28180013C01F1140800F161
:104E3000140505EB8403019358F8243055F8242019
:104E400001339A424FEA840B08EB8409B2FBF3F674
:104E500031D34FF0000E4046AC46F24650F8042BDA
:104E600093B206FB03E34FEA134E9BB2AAEB030394
:104E7000120CDCF800A006FB02E213FA8AF34FEAF8
:104E8000124E1FFA82FADCF80020CAEB124202EB43
:104E900023429BB243EA024381454CF8043B4FEA6C
:104EA000224ADBD255F80B302BB9019B043B9D42C3
:104EB0001A462ED33C61384601F0C7FD002824DB9A
:104EC000013628464FF0000C58F8042BD0F800E0CB
:104ED00093B2ACEB0303120C13FA8EF3C2EB1E4237
:104EE00002EB23429BB243EA0243C14540F8043B34
:104EF0004FEA224CE8D255F8242005EB840322B96E
:104F0000043B9D421A460AD33C61304603B0BDE8DB
:104F1000F08F1268043B002ACCD1013CC7E712682D
:104F2000043B002AF0D1013CEBE70020EEE7000053
:104F30002DE9F04F2DED028B57EC106B95B0456AC3
:104F4000DDF880800591CDE90267044609920F9350
:104F50003DB91020FBF746FBC0E9015560620560D2
:104F6000C560636A196851B15A684A600123934069
:104F70008B60204601F034FB636A00221A603B1EFE
:104F8000B9BF23F0004303930023C8F80030DDF8D5
:104F90000C90B74BBCBF0122C8F8002033EA0903CC
:104FA0001BD10F9A42F20F731360C9F313033343FB
:104FB00000F07585219B63B9AE4B25E0AE4B0093A5
:104FC0000833219A1360009815B0BDEC028BBDE840
:104FD000F08FA84B00930333F3E79DED027B002293
:104FE00051EC170B00238DED0A7BFAF7F3F880469E
:104FF00060B10F9A01231360219B002B00F04C85B8
:105000009E4B219A1360013B0093DCE79DED0A0B58
:1050100012AA13A9204601F027FEC9F30A558246B9
:10502000002D7ED00B9BCDF84080C3F31303DDE948
:105030000A6743F07F5747F44017A5F2FF35904BBE
:10504000002230463946F9F7A5FC83A3D3E90023B3
:10505000F9F758FE82A3D3E90023F9F79DFC064631
:1050600028460F46F9F7E4FD7FA3D3E90023F9F7BB
:1050700049FE02460B4630463946F9F78DFC064696
:105080000F46FAF7EFF800228146002330463946F2
:10509000FAF7AAF848B14846F9F7CAFD32463B4646
:1050A000FAF798F808B909F1FF39B9F1160F56D88F
:1050B000744B03EBC903D3E90023DDE90A01FAF7D6
:1050C00093F800284DD009F1FF3900230E93129B6D
:1050D0005D1B6B1E049343BF0023C5F101080493BD
:1050E0004FF00008B9F1000F3DDB049BCDF8349080
:1050F0004B44049300230693059B092B00F29A80EE
:10510000052BC4BF043B0593059BA3F10203CCBF51
:1051100000250125032B00F29980DFE803F02C7DA8
:105120007B89DDE912531D4405F23243202BC1BFB8
:10513000C3F1400305F2124009FA03F326FA00F026
:10514000DABFC3F1200306FA03F01843F9F760FD54
:1051500001230646A1F1F877013D10936FE7012383
:10516000B4E70E90B3E7C9F1000306930023A8EB60
:1051700009080D93C0E700230893099B002B00F357
:1051800085804FF0010BCDF804B05B46CDF824B01C
:10519000666A00227260042202F11400984271686B
:1051A0007AD9204601F0E8F9636A30601B68009301
:1051B000019B0E2B00F2F580002D00F0F280B9F17A
:1051C000000F7DDD2F4A09F00F0302EBC30393EDBF
:1051D000007B19F4807F4FEA2917B0EE478AF0EE82
:1051E000678A5DD0284BDDE90A01D3E90823F9F786
:1051F000B3FECDE9020107F00F070325224E002F71
:1052000050D1DDE9020153EC182BF9F7A5FECDE9E9
:1052100002016FE00123AFE700230893099B09EB2C
:10522000030B0BF10103012B0193B8BF0123AFE77F
:105230000123F2E701250023059308954FF0FF3B7A
:105240000022CDF804B012230992A1E701230893AC
:10525000F4E700BFAFF3008061436F63A787D23FDD
:10526000B3C8608B288AC63FFB799F501344D33F55
:105270000000F07F8B48040082480400348D030056
:105280000000F83FC8480400A0480400DDF824B03E
:10529000CDF804B05B467BE70131716052007BE7DB
:1052A0000225ABE7F90708D551EC180BD6E9002326
:1052B000F9F728FD41EC180B01357F1008369EE701
:1052C00000F0AB80C9F10006AA4BAB4F06F00F020D
:1052D00003EBC203D3E90023DDE90A01F9F712FD6C
:1052E000CDE90201361100230225002E40F08A800C
:1052F000002B8CD10E9B002B00F09180DDE9026722
:105300009E4B002230463946F9F76EFF002800F028
:105310008680019B002B00F08280BBF1000F3CDDFA
:1053200009F1FF3307930022954B30463946F9F7D0
:10533000E9FCCDE902010135CDF830B0DDE90267C5
:105340002846F9F775FC32463B46F9F7DBFC8D4BF6
:105350000022F9F721FBA1F15073CDE9020103937B
:105360000C9B002B60D1884B002230463946F9F760
:1053700011FBDDE9022306460F46F9F753FF00282B
:1053800040F09982DDE90221304601F100433946BF
:10539000F9F72AFF002840F08B82DDE90A23CDE9E6
:1053A0000223139B002BC0F25B81B9F10E0F00F3B7
:1053B0005781704B03EBC90393ED007B099BB0EE63
:1053C000478AF0EE678A002B80F2E280019B002B77
:1053D00000F3DE8040F06C826B4B51EC170B002227
:1053E000F9F790FCDDE90223F9F712FF019E374639
:1053F000002840F04282009D312305F8013B09F16D
:1054000001093EE2F20705D5D7E90023F9F77AFC56
:10541000013501237610083767E702256AE7019B0B
:10542000CDF81C900C9389E700990C980C9A514B7D
:105430009DED027B014402910899B0EE478AF0EE9F
:10544000678A03EBC20353E90223002945D04F4981
:105450000020F9F781FD53EC182BF9F79BFA009D1A
:1054600041EC180B39463046F9F7FCFE0C90F9F781
:10547000DFFB02460B4630463946F9F78BFA0C9BA8
:10548000303305F8013B53EC182B06460F46F9F76D
:10549000ABFE002865D132463B4638490020F9F77B
:1054A00079FA53EC182BF9F79FFE002840F0B880EA
:1054B000029B9D423FF471AF314B51EC180B00221F
:1054C000F9F720FC2E4B41EC180B002230463946F0
:1054D000F9F718FC06460F46C4E751EC170BF9F72D
:1054E00011FC029B009D0C9341EC180B3946304691
:1054F000F9F7B8FE1190F9F79BFB02460B463046D0
:105500003946F9F747FA119B303305F8013B029B06
:105510009D4206460F464FF0000225D11B4B51EC31
:10552000180BF9F739FA02460B4630463946F9F7B7
:1055300079FE002874D153EC182B14490020F9F798
:1055400029FA02460B4630463946F9F74DFE002847
:105550003FF423AF0C9D6B1E0C9315F8013C302BD0
:10556000F8D0DDF81C9049E0054BF9F7CBFB064677
:105570000F46BBE7C8480400A04804000000F03F05
:105580000000244000001C40000014400000E03FE8
:10559000DDE90267009D53EC182B30463946F9F7D8
:1055A000DBFCF9F75FFE8046F9F742FB53EC182B62
:1055B000F9F7A8FB02460B463046394608F130069B
:1055C000F9F7E8F905F8016B009E019FAE1BB742A1
:1055D00002460B4637D1F9F7DFF953EC182B064694
:1055E0000F46F9F71FFEC8B953EC182B3046394661
:1055F000F9F7F0FD10B118F0010F0FD12046514618
:1056000000F0EEFF00232B700F9B09F101001860E2
:10561000219B002B3FF4D7AC1D60D4E4CDF81C9047
:105620002B461D4613F8012D392A08D1009A9A42BB
:10563000F7D1079A00990132079230220A701A783E
:1056400001321A708DE79E4B0022F9F75BFB0022B6
:10565000002306460F46F9F7BDFD00289BD0CDE795
:10566000089A002A00F0C680059A012A00F3AA8051
:10567000109A002A00F0A28003F23343069E4546AA
:10568000049A01211A4420469844049201F08BF8B0
:105690000746002D0BDD049B002B08DDAB42049A6E
:1056A000A8BF2B46A8EB0308ED1AD31A0493069B58
:1056B000FBB1089B002B00F0A180002E11DD3946C4
:1056C0003246204601F014F952460146074620466C
:1056D00001F072F851460790204600F081FF079BC9
:1056E0009A46069B9A1B04D05146204601F000F9C9
:1056F00082460121204601F056F80D9B002B0646FC
:105700007EDD1A460146204601F0F2F8059B012B8A
:10571000064678DD00230693336906EB8303186998
:1057200000F0F1FFC0F12000049B184410F01F00AE
:1057300000F08880C0F12003042B40F38180C0F189
:105740001C00049B0344804405440493B8F1000FFB
:1057500005DD51464246204601F018F98246049B79
:10576000002B05DD31461A46204601F00FF90646AA
:105770000E9B002B68D03146504601F066F9002898
:1057800062DA002351460A22204600F040FF089BBF
:1057900009F1FF398246002B00F088813946002349
:1057A0000A22204600F033FFBBF1000F074600F34A
:1057B0008F80059B022B40F38B804DE0129BC3F141
:1057C00036035BE7019B5E1E069BB342BFBF069B91
:1057D0000696F21A0D9BB6BF9B189E1B0D93019B5C
:1057E000B8BF0026002BB5BFA8EB0305019B002323
:1057F000454645E7069E089F45464AE7069A73E7F1
:10580000059B012B18DC029BB3B9039BC3F3130365
:10581000A3B9039B23F000431B0D1B052BB1049B75
:105820000133049308F10108012306930D9B002B1B
:105830007FF472AF012077E70023F6E7029BF4E7DD
:1058400084D018461C307CE7019B002B3ADC059B7A
:10585000022B37DDDDF804B0BBF1000F0DD131466E
:105860005B460522204600F0D2FE01460646504621
:1058700001F0EBF800283FF7BEAD099B009D6FEAF1
:1058800003094FF000083146204600F0A9FE002F22
:105890003FF4B4AEB8F1000F05D0B84503D041468F
:1058A000204600F09DFE3946204600F099FEA5E610
:1058B00000263746E1E70C9EDDF81C9037469AE556
:1058C00000002440089BDDF804B0002B00F0F580B8
:1058D000002D05DD39462A46204601F057F80746D7
:1058E000069B002B55D07968204600F045FE3A69AA
:1058F00002320546920007F10C010C30FAF71EFF48
:1059000001222946204601F041F8009B0133019312
:10591000009B5B440793029B03F00103B846069388
:105920000746019B3146504603F1FF3BFFF774FAEF
:1059300003463033029041465046089301F085F803
:105940003A4604903146204601F09BF8C268089B15
:10595000054602BB0146504601F077F8089B024617
:1059600029462046CDE9083200F03AFE059B099A07
:10597000019D43EA0201069B0B43089B0DD1392B85
:1059800027D0049A002A01DD029B31338BF80030C6
:1059900079E73846B9E70122E2E70499002904DBF8
:1059A000059801430698014320D1002AEEDD5146B7
:1059B00001222046019300F0E9FF3146824601F0C2
:1059C00044F80028019B02DCE0D1DA07DED5392B50
:1059D000DAD139238BF800302B461D46013B15F8F0
:1059E000012C392A50D001321A704CE7002A03DD0D
:1059F000392BEED00133C9E7019A079902F8013C2F
:105A00008A422AD0514600230A22204600F0FFFD98
:105A1000B84582464FF000034FF00A024146204647
:105A200007D100F0F4FD80460746019B0133019346
:105A300077E700F0ECFD3946804600230A22204635
:105A400000F0E5FD0746F0E7BBF1000F009ACCBF80
:105A50005D46012515444FF00008514601222046BD
:105A6000019300F093FF3146824600F0EEFF0028DC
:105A7000B2DC02D1019BDB07AED42B461D4613F8E6
:105A8000012D302AFAD0FEE6009A9A42A5D13123A0
:105A900009F101091370F6E6124BFFF7B5BA219B25
:105AA000002B7FF48BAA104BFFF7AEBABBF1000FAF
:105AB00003DC059B022B3FF7CFAE009D31465046DD
:105AC000FFF7AAF900F1300305F8013B009AAA1A82
:105AD0009345B9DD514600230A22204600F097FD88
:105AE0008246EBE7338D0300824804007FB54B68A4
:105AF000002B05460C461FDDFAF7F4FC012822D0E6
:105B000004F15C06D4E90023009603A92846FAF7BD
:105B100079FD421C07D0831C1ED121462846FBF785
:105B200055FD0028EED0A38943F04003A381F9F787
:105B300087FF8A23036003E0FBF748FD0028DBD0E2
:105B40004FF0FF3006E023685A1C22601878636823
:105B5000013B636004B070BDD4E9002310B9013289
:105B60002260F5E70244181A606022600398F1E7AA
:105B700038B54B6E0546D8070C4605D48B89990578
:105B800002D4A06DFAF7BEFC28462146FFF7AEFF0F
:105B9000636EDA07054605D4A3899B0502D4A06D80
:105BA000FAF7B2FC284638BD38B50E4B1D680446DE
:105BB00025B1AB6913B92846FAF774F80A4B9C4231
:105BC00006D16C6821462846BDE83840FFF7D0BFB3
:105BD000064B9C4201D1AC68F4E7054B9C4208BFE0
:105BE000EC68EFE7BC0F0020003E0400203E0400FC
:105BF000E03D04002DE9F74380460E461546FAF7CE
:105C000071FC01281CD1731EFE2B19D88DF804607D
:105C1000044600270DF10409A74220D0AB6817F80D
:105C20000910013B002BAB6004DAAA6993421ADB2E
:105C30000A2918D02B685A1C2A6019700137EBE723
:105C4000324605F15C0301A94046FEF73DF9421CCE
:105C50000446DED1AB8943F04003AB8106463046B3
:105C600003B0BDE8F0832A464046FEF7DBF8431C4C
:105C7000E4D10646F3E7536EDB0737B50546144615
:105C800007D49389980504D4906D0191FAF73AFCF2
:105C9000019922462846FFF7ADFF636EDA070546F5
:105CA00005D4A3899B0502D4A06DFAF72DFC2846E4
:105CB00003B030BD0F4B70B51D6806460C4625B1CC
:105CC000AB6913B92846F9F7EDFF0B4B9C4207D19E
:105CD0006C68224631462846BDE87040FFF7CBBFCE
:105CE000064B9C4201D1AC68F3E7054B9C4208BFD0
:105CF000EC68EEE7BC0F0020003E0400203E0400EC
:105D0000E03D040038B5074D00230446084611461F
:105D10002B6002F0EDFC431C02D12B6803B1236021
:105D200038BD00BF304E00200369B3EB611F2DE981
:105D3000F0434FEA611200F1140445DD11F01F0138
:105D400004EB830604EB82050CD100F11007294611
:105D5000B14234D39B1A9B00EA1E964238BF0023FF
:105D6000234415E054F82270C1F12008CF4005F11A
:105D7000040EA1467645F44615D89B1A9A00043ABB
:105D80000135AE4238BF0022A318A75007B1043333
:105D90001A1BA3424FEAA20208BF0023026108BFF8
:105DA0004361BDE8F083DCF800C00CFA08FC4CEA63
:105DB000070749F8047B5EF8047BCF40DAE751F827
:105DC00004CB47F804CFC3E72346E1E7A0F1300353
:105DD000092B02D82038C0B27047A0F16103052B0F
:105DE00001D84738F7E7A0F14103052B01D8273840
:105DF000F1E70020704700002DE9F04F2DED028BF8
:105E000089B008EE100A0493BC4B1B680193184636
:105E10008B469046FCF7F2FC019BDBF80020034424
:105E2000824613F8013C0593931CC2F1FF2202F550
:105E30007F02FE32D1181F4613F8010B0091302863
:105E4000F8D0FFF7C3FF044600283AD10199524623
:105E50003846FCF7DBFC0546002868D117F80A0035
:105E600007EB0A06FFF7B2FF002862D03346187826
:105E700030281F4603F10103F9D0FFF7A7FF0123E4
:105E8000B0FA80F46409354600933A46164601326A
:105E90003078FFF79BFF0028F8D101995246304631
:105EA000FCF7B4FC80B94DB906EB0A052A46164644
:105EB00001323078FFF78AFF0028F8D1AD1BAD0022
:105EC00004E000242546E0E7002DF7D1337803F005
:105ED000DF03502B3BD173782B2B2CD02D2B2ED0C6
:105EE000711C4FF000090878FFF770FF431EDBB20A
:105EF000182B2CD8A0F1100211F8010FFFF766FF44
:105F0000431EDBB2182B1DD9B9F1000F00D052424D
:105F10001544CBF80010E4B1009B002B14BF002700
:105F20000627384609B0BDEC028BBDE8F08F3E462F
:105F300025460124CAE74FF00009B11CD3E74FF012
:105F40000109FAE70A2303FB0202103AD4E73146BB
:105F5000DFE7F31B013B2146072B52DC18EE100A4A
:105F600000F00AFB4FF0000B00F11409CAF1010325
:105F70000446CDF80890CDF800B00693B74243D35D
:105F80000298009B40F8043BA0EB090080104601FA
:105F90002061184600F0B7FB301AD8F80060B04214
:105FA00066DD871B3946204600F004FF8246A8B113
:105FB0007B1E591103F01F0259F821104FF0010AFE
:105FC0000AFA02F20A4209D0534505DDB91E2046FD
:105FD00000F0F0FE002848D14FF0020A3946204672
:105FE000FFF7A2FE3D44D8F80830AB424FDA18EE76
:105FF000100A214600F0F4FA149A00231360A32734
:106000008FE701315B10A7E7731E059A039316F81B
:10601000013C934219D0BBF1200F07D1029B009A9B
:1060200043F8042B0293002300939B4616F8010CBF
:10603000FFF7CCFE009B00F00F0000FA0BF00343CB
:1060400000930BF1040B039B0DE0039B069A134492
:10605000BB42E0D31846019907935246FCF7D6FBA2
:10606000079B0028D7D11E4688E74FF0030AB5E703
:106070000ADA371A214618EE100A3A4600F086FC72
:10608000ED1B044600F114094FF0000AABE7D8F805
:106090000400A8426DDD451BAE4231DCD8F80C305F
:1060A000022B23D0032B25D0012B15D1AE4213D1C7
:1060B000012E0BD1049AD8F8043013600123236118
:1060C000C9F80030149B62271C602AE7711E204625
:1060D00000F070FE0028EDD118EE100A214600F005
:1060E0007FFA149A0023136050271AE7159B002BA0
:1060F000F2D1DFE7159B002BDCD1EDE790480400DF
:106100006F1EBAF1000F31D127B13946204600F099
:1061100051FE82467B11012159F8233007F01F07F9
:1061200001FA07F71F422946204618BF4AF0020A23
:10613000761BFFF7F9FDD8F804500227BAF1000FDB
:1061400048D0D8F80C30022B15D0032B17D0012BD8
:1061500009D11AF0020F06D0D9F800004AEA000A65
:106160001AF0010F0ED147F0100733E04FF0010A8B
:10617000D0E70127E2E7159BC3F101031593159BB7
:10618000002BF0D0D4F8109004F114034FEA890BDF
:1061900003EB89014FF0000C184653F8042BB2F1C1
:1061A000FF3F1CD001320260022F04F114033AD1E8
:1061B000D8F80020013AB2420AD17111012253F8F5
:1061C000213006F01F0602FA06F61E4218BF1746D7
:1061D00047F02007149B1C60049B1D60A1E69942B8
:1061E00043F804CCD8D8A368994514DB616818EE4D
:1061F000100A013100F0C0F92269023204F10C01E9
:10620000824692000C30FAF799FA214618EE100AED
:1062100000F0E6F9544623695A1C04EB830322611B
:1062200001225A61C0E722694A450BDD012120465F
:10623000FFF77AFDD8F808300135AB42FFF6D7AE4C
:106240000127C5E716F01F06FAD09B44C6F12006C9
:106250005BF8040C00F057FAB042E7DBF0E700BF50
:10626000C2F10802920070B5C2F1200643680468CA
:1062700003FA06F52C43D340046040F8043F8842FB
:10628000F4D370BD30B50368013311F8014B14B974
:106290000360012030BD13F8012BA2F14105192D37
:1062A00098BF2032A242F0D00020F3E72DE9F04F52
:1062B0000B6801685E1102EB860613F01F0387B0BE
:1062C00018BF04360025371F82469046019346F8D2
:1062D000045CB9463C460295AB464A784B1C039396
:1062E00042B3104605910492FFF770FD00284FD18C
:1062F000049A0599202A18D8029B9B4513DD4C452A
:1063000006D2072D04DC2A4649462046FFF7A8FF9F
:10631000444550D90023A4F1040944F8043CCDF8C5
:1063200008B04C461D460399D7E7292A56D10231B9
:10633000CAF80010BBF1000F50D04C4506D2072D13
:1063400004DC2A4649462046FFF78AFF444534D9F3
:10635000A8F10402234653F8041B42F8041F9F428D
:10636000F9D23B1B23F0030304330134033EB44250
:1063700088BF04234344002243F8042B9F42FBD2EE
:106380003B681BB9474527D101233B60052026E028
:106390000135082D0BF1010B06DD4445C3D900235F
:1063A00044F8043C0125043C226800F00F0040EA58
:1063B00002122260B7E70825B5E7019B002BDFD06A
:1063C0004FF0FF32C3F1200322FA03F356F8042CF6
:1063D0001A4046F8042CD3E7043FD1E7042007B065
:1063E000BDE8F08F2DE9F84F07468946164601F0C3
:1063F00041FB184B1C689A4634B14B46984613F83B
:10640000011B39B13D29F9D1384601F039FB002093
:10641000BDE8F88FA8EB0908A34654F8040B002840
:10642000F2D042464946FCF7F1F90028F4D154F87D
:10643000043C03EB080513F808303D2BECD1DAF8E7
:106440000030ABEB03039B103846336001F018FBC0
:10645000681CDDE7F411002007B501AAFFF7C2FFB1
:1064600003B05DF804FB000000487047981100205D
:1064700038B5064D0023044608462B6002F048F963
:10648000431C02D12B6803B1236038BD304E00207D
:10649000002100F001B80000FF289DBF024BC05C46
:1064A00000F0070000207047DD3C0400002100F0F0
:1064B00001B80000FF289DBF024BC05C00F0030044
:1064C00000207047DD3C0400002100F001B800000E
:1064D000FF2808D8064BC356002B06DBA0F10903A2
:1064E000584258417047002070470120704700BF54
:1064F000DD3C0400002100F001B80000FF289DBF32
:10650000024BC05C00F0200000207047DD3C04001E
:106510000028B8BF40427047004870471011002063
:1065200038B5074D04460846114600222A601A462F
:1065300002F0FEF8431C02D12B6803B1236038BD82
:10654000304E002010B5034642B100200C5C43F8E9
:10655000204014B101309042F8D110BD1046FCE744
:106560000148F9F7CFBF00BF2B4E00200148F9F7D3
:10657000CBBF00BF2B4E002070B5466A04460D46C7
:106580003EB91020FAF72EF8C0E901666062066095
:10659000C660666AF36883B1636ADB6853F82500F6
:1065A000B8B9012101FA05F6721D9200204600F0EB
:1065B00022FC60B1C0E901560EE0212204212046F0
:1065C00000F019FC636AF060DB68002BE4D1002066
:1065D00070BD026843F825200023C0E90333F7E7C4
:1065E00070B5466A05460C463EB91020F9F7FAFF29
:1065F000C0E9016668620660C6603CB16B6A6268A9
:10660000DB6853F82210216043F8224070BD2DE969
:10661000F0410E69074698460C4601F1140000232C
:106620000568A9B202FB01814FEA114C2D0C02FB57
:1066300005C589B2013301EB05419E4240F8041BB8
:106640004FEA1548ECDCB8F1000F1BD0A368B34249
:1066500012DC616838460131FFF78EFF2269023291
:1066600004F10C01054692000C30FAF767F8214658
:106670003846FFF7B5FF2C4604EB86030136C3F816
:10668000148026612046BDE8F0812DE9F8430C46D0
:1066900015461F4609220833064693FBF2F30021F4
:1066A00001229A4220DB3046FFF766FF089B4361D8
:1066B000092D4FF00103036119DD04F10909C846F2
:1066C0002C4418F8013B0146303B0A223046FFF7C4
:1066D0009EFFA045F5D1A5F108044C442D1B63197C
:1066E000BB4207DBBDE8F88352000131D9E70A3429
:1066F0000925F3E714F8013B0146303B0A223046F6
:10670000FFF785FFEBE7030C1B04D3B9000410234C
:1067100010F07F4F04BF0002083310F0704F04BF29
:106720000001043310F0404F04BF80000233002802
:1067300005DB10F0804F03F1010308BF202318464A
:1067400070470023E4E7036813F0070201460BD00B
:10675000DA0724D4980749BF5B089B0801200B6027
:106760005CBF0B600220704798B2B0B91B0C1020C0
:1067700013F0FF0F04BF1B0A08301A0704BF1B09E0
:1067800004309A0704BF9B080230DA0703D45B0881
:1067900000F1010005D00B6070471046E8E70020CB
:1067A00070472020704710B50C460121FFF7E4FE2A
:1067B00001224461026110BD2DE9F04F15460A69BE
:1067C0002B699A42B8BF0B460C46BCBF2C461D46EF
:1067D0002769D5F81090A368616807EB0906B342F2
:1067E000B8BF013185B0FFF7C7FE00F1140101EB1E
:1067F00086080B46002243451DD304F1140305F11E
:10680000140203EB870702EB890302933B1B153B42
:1068100023F00303043304F11505AF4238BF04230A
:106820000193029B0392934208D8002E5ADC066122
:1068300005B0BDE8F08F43F8042BDCE7B2F800A008
:10684000BAF1000F24D004F1140E89464FF0000C69
:106850005EF8045BD9F800B0ABB21FFA8BFB0AFB01
:1068600003B34FEA154BD9F8005063444FEA154C77
:106870000AFB0BC505EB13459BB243EA054377457D
:1068800049F8043B4FEA154CE2D8019B41F803C09C
:10689000039BB3F802900432B9F1000F20D00B68CB
:1068A00004F1140C8E464FF0000ABCF80050BEF8FC
:1068B00002B009FB05B5AA449BB243EA0A434EF86D
:1068C000043B5CF8043BBEF800501B0C09FB03536F
:1068D00003EB1A4367454FEA134AE6D8019D4B5133
:1068E00004319EE758F8043D002BA0D1013E9CE7FF
:1068F0002DE9F843154612F0030206460F4607D06D
:10690000214C013A002354F82220FFF780FE07466D
:10691000AD1035D0746A3CB91020F9F763FEC0E9B8
:10692000014470620460C460D6F82480D8F808403E
:106930004CB940F271213046FFF735FF0023C8F80B
:106940000800044603604FF00009EB070AD53946FA
:1069500022463046FFF730FF394680463046FFF783
:106960003FFE47466D100BD0206838B922462146BD
:106970003046FFF721FF2060C0F800900446E4E7AE
:106980003846BDE8F88300BF904904002DE9F04780
:106990000C464968236903EB6218A36807469146D1
:1069A0004FEA621A08F10106B3423FDB3846FFF7AF
:1069B000E3FD0023054600F1140100F11002184622
:1069C000534536DB20692AEAEA7A04F1140319F008
:1069D0001F0901EB8A0103EB800C2ED0C9F1200EB8
:1069E0008A460022186800FA09F002434AF8042B8C
:1069F00053F8042B9C4522FA0EF2F3D8ACEB0403B7
:106A0000153B23F00303043304F11500604588BFF0
:106A10000423CA500AB108F10206013E38462E612D
:106A20002146FFF7DDFD2846BDE8F08701315B0018
:106A3000BAE742F8040F0133C2E7043953F8042BD4
:106A400041F8042F9C45F9D8E7E730B502690C6995
:106A5000121B0ED100F11403143103EB840001EB7F
:106A6000840150F8045D51F8044DA54203D005D3CC
:106A70000122104630BD8342F3D3FAE74FF0FF32D4
:106A8000F7E72DE9F84F0C46064611462046174613
:106A9000FFF7DBFF051E08D129463046FFF76CFDE6
:106AA0000123C0E90435BDE8F88FA4BF3B46274663
:106AB00030467968A6BF1C4600250125FFF75CFD1E
:106AC0003E69C560256907F1140104F1140900F15C
:106AD000140E07F1100201EB860C09EB8505F24656
:106AE000002759F8043B52F804BF1FFA83F817FA3D
:106AF0008BF71B0CA7EB0808C3EB1B4303EB2843E6
:106B00001FFA88F81F144D4548EA03434AF8043B2E
:106B1000E7D82B1B153B23F0030304331534A542A0
:106B200038BF0423194473449E460D4665450ED371
:106B30000CF10302521A22F0030203398C4538BFCC
:106B400000221A4452F8043D7BB10661ABE755F8C8
:106B5000048B17FA88F4221402EB1842A4B244EA18
:106B600002444EF8044B1714E0E7013EEAE7000048
:106B700082B08DED000B019B12491940A1F15071BB
:106B8000002905DD00220B4643EC102B02B07047B4
:106B90004942B1F1A07F4FEA21504FF000024FF07F
:106BA000000304DA4FF4002141FA00F3ECE7A0F10E
:106BB00014011E29DABF4FF0004020FA01F1012133
:106BC0000A46E1E70000F07FF8B5056900F1140717
:106BD00007EB85052E1F55F8044C2046FFF793FD63
:106BE000C0F120030A28DFF87CC00B6014DCC0F180
:106BF0000B0E24FA0EF1B74241EA0C0334BF55F8EC
:106C0000081C0021153004FA00F021FA0EF140EAC8
:106C1000010243EC102BF8BDB7423ABF55F8081CEF
:106C2000A5F1080600210B3817D0C0F1200C04FA9A
:106C300000F5BE4221FA0CF445EA04058CBF56F873
:106C4000044C002445F07F5301FA00F024FA0CF4C0
:106C500043F4401340EA0402DBE744EA0C030A462B
:106C6000D7E700BF0000F03F2DE9F7438946012137
:106C700057EC106B9046FFF77FFCC7F30A550446AC
:106C8000C7F3130335BB002E019328D06846009646
:106C9000FFF759FD009900B3019AC0F1200302FAF1
:106CA00003F30B43C24063610192019BA361002B7C
:106CB00014BF022201222261D5B1A5F23345054459
:106CC000C9F80050C0F13500C8F80000204603B0F4
:106CD000BDE8F08343F48013D5E76161E5E701A8DF
:106CE000FFF731FD019B6361012222612030E3E760
:106CF00004EB8203A0F23240C9F800001869FFF7E4
:106D000002FDC0EB4210DFE72DE9F74F88466946E8
:106D10008146FFF759FF01A9404655EC104BFFF79C
:106D200053FFD9F81030D8F81020A3EB020CDDE99E
:106D300000329B1A03EB4C1351EC100B002BD6BF07
:106D40000A462A46C3EB03338B462F46D4BF02EBD9
:106D5000035B02EB0357204610EE102A5B463946D0
:106D6000F8F7FAF841EC100B03B0BDE8F08F0139E9
:106D700070B549111469013102F1140300EB81016E
:106D800003EB8404051FA3420CD3A31A113B23F089
:106D900003031132A24288BF002318440023884213
:106DA00005D370BD53F8046B45F8046FEBE740F86A
:106DB000043BF4E700F1140200694B11984210B54E
:106DC00011DB0ADD11F01F0107D052F8234024FA2D
:106DD00001F000FA01F18C420BD102EB83039342E4
:106DE00003D8002010BD0346F7E753F8041D00291F
:106DF000F5D00120F6E713B54A4311460192F9F7A1
:106E000063FD044618B1019A0021F9F7BFFC204642
:106E100002B010BDF8B5074614460E4621B9BDE8CC
:106E2000F8401146F9F750BD22B9F9F7B7FC2546ED
:106E30002846F8BD00F02AFEA0420FD2214638466F
:106E4000F9F742FD05460028F2D031462246F9F70F
:106E500075FC31463846F9F7A1FCE9E73546E7E726
:106E60002DE9F0478E689E4282460C4690461F46AA
:106E700038D88A8912F4906F32D025680969A5EB59
:106E80000109656905EB450505EBD57501334B44F3
:106E90006D109D4238BF1D46530531D52946F9F77F
:106EA00013FD064650B90C23CAF80030A38943F0FD
:106EB0004003A3814FF0FF30BDE8F08721694A46C7
:106EC000F9F73CFCA38923F4906343F08003A3818A
:106ED000266165614E44A5EB09052660A5603E4626
:106EE000BE4200D93E46324620684146F9F734FC9E
:106EF000A36822689B1B3244A36022600020DBE76A
:106F00002A46FFF787FF06460028E1D1216950464F
:106F1000F9F744FCC7E700002DE9F04F98468B894C
:106F20001B069DB007460D4614460ED50B6963B986
:106F30004021F9F7C9FC2860286120B90C233B6087
:106F40004FF0FF30D1E040236B61002309932023F1
:106F50008DF82930CDF80C803023DFF8A8818DF82A
:106F60002A304FF0010923469A4613F8012B0AB143
:106F7000252AF9D1BAEB040B0BD05B4622462946F1
:106F80003846FFF76DFF013000F0AA80099A5A4495
:106F900009929AF80030002B00F0A28000234FF0F5
:106FA000FF32CDE905230AF1010A049307938DF816
:106FB00053301A935446052214F8011B5148F9F72F
:106FC0005FFB049AD8B9D00644BF20238DF8533014
:106FD000110744BF2B238DF853309AF800302A2B29
:106FE00015D0079A544600204FF00A0C214611F89C
:106FF000013B303B092B4ED9B0B1079214E0A0EB16
:10700000080309FA03F313430493A246D2E7039B50
:10701000191D1B680391002BBBBF5B4242F00202AB
:1070200007930793B8BF049223782E2B0CD1637873
:107030002A2B35D1039B1A1D1B680392002BB8BF66
:107040004FF0FF3302340593DFF8C8A02178032204
:107050005046F9F715FB40B14023A0EB0A0003FAB4
:1070600000F0049B03430134049314F8011B2648E9
:107070008DF828100622F9F703FB002838D0234B9F
:107080001BBB039B073323F0070308330393099BC0
:107090003344099367E70CFB02320C460120A5E755
:1070A00000230134059319464FF00A0C204610F8CE
:1070B000012B303A092A03D9002BC5D00591C3E72B
:1070C0000CFB012104460123F0E703AB00932A46A1
:1070D0000F4B04A93846F9F74BFE421C0646D6D1A1
:1070E000AB895B063FF52CAF09981DB0BDE8F08F6A
:1070F00003AB00932A46064B04A93846FAF7DCF89E
:10710000EBE700BF4A3E0400543E0400710D03004B
:10711000616E0300503E040038B54B1C144603D189
:107120004FF0FF35284638BD938923F02003938123
:10713000636B5268CDB28BB1A36B934208DD2368B9
:107140005A1E226003F8015C636801336360E9E75B
:107150002146FCF7EFFC0028F1D0E1E72169236824
:1071600051B1994208D213F8011CA94204D1013B44
:10717000013223606260D5E7C4E90F3204F14403B1
:1071800063630323A363234603F8465F236001235D
:10719000DCE710B50C46496B69B104F14403994230
:1071A00001D0F9F7FBFA236C63600020606313B130
:1071B000E36B236010BD2369236000236360A38910
:1071C00043F02003A3814FF0FF30F3E72DE9F04FA8
:1071D0000C46ADF5237D0021CDE94411B249A091C3
:1071E0000DF10408B149B24FDFF8C892CDF818810B
:1071F0000646A191009392F800A0BAF1000F00F0AA
:1072000051811AF8073013F0080302F1010519D073
:107210006368002B0FDD23681A78BA5C120701D46B
:107220002A46E8E7459A0132459262680133013AFD
:1072300062602360ECE7A19B214630469847002816
:10724000E9D0EDE7BAF1250F40F0838041934393F5
:1072500053782A2B02BF1023951C41930A22AB4678
:107260001BF8011BA1F13003092B1DD99148032202
:10727000F9F706FA40B10123A0EB090003FA00F088
:10728000419B184341905D4615F8013B782B06D889
:10729000572B10D8252B5CD056D8002B74D0032345
:1072A00047930A23429381E0439B02FB0313303B45
:1072B00043935D46D3E7A3F15802202AEFD801A1FA
:1072C00051F822F0977303009F7203009F7203002E
:1072D000F57303009F7203009F7203009F72030007
:1072E0009F7203009F7203009F7203009F7203004E
:1072F0000B740300E17303004F7303004F7303002B
:107300004F7303009F720300E57303009F72030035
:107310009F7203009F7203009F7203001B7403009F
:10732000ED7303008F7303009F7203009F720300CD
:10733000177403009F720300E17303009F72030040
:107340009F72030097730300453B022BA7D80523C8
:107350002BE06368002B0DDD23681A78524540F05E
:10736000A180013362682360459B013A013362606A
:10737000459355E7A19B2146304698470028EBD01E
:107380004498002840F084804FF0FF3086E0419A16
:1073900042F020024192419A42F40072419210223E
:1073A0006F2B429234BF0323042347936368002B5F
:1073B00041DD419B590604D423681A78BA5C120750
:1073C00040D4479B022B4FDC6B46224641A93046F6
:1073D00000F074F8012865D002287FF421AFCFE7D0
:1073E0000A22DDE7002342930323DEE708234293CA
:1073F0000423DAE72946404600F0BEF9419B43F0FA
:107400004003419305460123CFE7419B43F04003EE
:1074100041930023C9E70223C7E74198C3063FF51C
:10742000FFAE009B459A191D00911B68C0074CBF19
:107430001A801A60F4E6A19B21463046984700283E
:10744000B7D09DE7459A013245926268013A002A19
:10745000626002DD01332360AEE7A19B2146304626
:1074600098470028A8D08BE7042B06DC6B46224601
:1074700041A9304600F07AF8ACE70F4B002B3FF4FF
:10748000CFAE6B46224641A93046AFF30080A1E75C
:10749000A38913F0400F18BF4FF0FF300DF5237D87
:1074A000BDE8F08F4498F9E7197103009371030068
:1074B000DD3C0400503E0400000000002DE9F843CC
:1074C00015468A6880460C4632B98A69002A0CBF84
:1074D00001224FF0FF328A602268DFF88C90D106DB
:1074E0005FBF1A68111D196016680027A06988B16E
:1074F000012807D12B681A7863699B5C53B927BBB5
:10750000BDE8F883022820D12B681B7813F80930D6
:107510001B071AD42368DA065EBF2B681B7806F8AF
:10752000013B2A686B6801322A60A268013B013A7C
:107530006B600137A26042B1002BD7DCD4F88031F8
:107540002946404698470028D0D0236813F01003FE
:1075500005D1E2680132E260A26902B133702369A9
:107560001F4427610020CBE7DD3C04002DE9F04FEC
:107570009846744B0C468246164693E8070087B03F
:1075800003AB83E80700704BA169704A032918BF59
:107590001A46A36801925A1EB2F5AE7F88BF6FF4F7
:1075A000AE75274682BF03EB050940F25D13A36069
:1075B00057F81C3B43F4506398BF4FF00009236019
:1075C0003D464FF0000B316803AB097853F82B00B0
:1075D0000222F9F755F828B3BBF1010F59D16268BF
:1075E0002AB92268082342F400726360226022688C
:1075F00022F4A0622260A268511EA16092B132689A
:10760000511C3160127805F8012B7268013A002A8A
:10761000726007DCD4F8802131465046904700283C
:1076200040F085800BF1010BBBF1030FCBD16368F8
:107630000BB90A236360636845496069C91A00F0A1
:107640009BF84FF0000BA3682268002B3DD03168F7
:10765000606991F800C010F80C00002835D0BCF12A
:10766000300F24D1100522D50BF1010BB9F1000F19
:1076700003D0013309F1FF39A3607368013B002B8C
:1076800073601BDD336801333360A368013BA36083
:10769000D9E7BBF1020FAED1226802F4C061B1F5A7
:1076A000007FBFD11023636042F48072A2E722F40E
:1076B000106222600B7805F8013BDEE7D4F88031D8
:1076C0003146504698470028DFD02368D9050DD5AC
:1076D000BD4209D915F8011CD4F87C313246504618
:1076E000984705F1FF394D46BD4228D0226812F077
:1076F000100213D12A706368019E39465046B04784
:10770000D8F8003021681A1DC8F8002011F0200FA9
:107710001B680FD01860E3680133E360ED1BAB44D6
:1077200025695D442561002007B0BDE8F08F4FF06A
:10773000000BCAE7CA074CBF18801860EBE70120AE
:10774000F2E700BFB84904007D3703006D3603003F
:10775000B549040038B5074D0446084611460022D5
:107760002A601A4600F0ECFF431C02D12B6803B1DB
:10777000236038BD304E002070B50B7804465E2B78
:107780000BBF4B78481C881C002208BF0122611ED9
:1077900004F1FF0501F8012FA942FBD10BB9013813
:1077A00070BD82F00101E154421C12F8015C2D2DE4
:1077B00002F1FF36104606D05D2DF1D00DB93046EE
:1077C000EEE72B46EFE716785D2EFAD0B342F8DCF1
:1077D0001846013086422154FBDCD84330445D1CFE
:1077E000B342A8BF00202B180232DEE79FED010A4A
:1077F000704700BF0000C07F0CB430B5174B0C1EA3
:107800001D689DB008DA8B232B604FF0FF301DB050
:10781000BDE8304002B070474FF40273ADF8143049
:1078200014BF04F1FF332346049307934FF6FF730D
:1078300002900690ADF81630209A21AB02A9284696
:107840000193FFF769FB431CBCBF8B232B60002C0B
:10785000DDD0029B00221A70D9E700BFBC0F0020C8
:107860000CB430B5174BB1F1005F1D689DB00C46EC
:1078700008D38B232B604FF0FF301DB0BDE83040A4
:1078800002B070474FF40273ADF8143002900690C6
:10789000B1B14B1E9B00049307934FF6FF73ADF8F5
:1078A0001630209A21AB02A92846019300F068F90E
:1078B000002CDED0029B0022A0421A60DDD3D8E764
:1078C0000B46E8E7BC0F00202DE9F74F8046FEF796
:1078D000CBFD40F2B173984540F398806FF4F663A6
:1078E00043449B1040F26D12A8F2B27502FB0535BD
:1078F0006FF06302A8F26D7393FBF2F31D444FF433
:10790000C8736FF4C86298FBF3F703FB1787424410
:10791000B7FA87FCB2FBF3F208F0030315446422C4
:10792000C0F8048098FBF2F64FEA5C1C02FB168656
:10793000044600F1500B00934FF0070E227A636962
:107940004A2A28D10099EA1801B906B90FBB3B2B86
:10795000D4BF0023012313445A1EA3692C4901FB01
:107960000232A36A13441A46DB17C4E908232834F9
:10797000A345E3D1D0E90845D0E91223944275EB41
:107980000303B4BF012300230360012003B0BDE85B
:10799000F08F0023DFE7442A01D1EA18DDE7009ADF
:1079A00072BB002E0CBFE0464FF001081949E26897
:1079B00001924FF0300A0AFB08182A464FF00009DE
:1079C000A8F10408019909F10109494558F829A0CD
:1079D00018DC02F1040898FBFEF9C9EBC909A8EB11
:1079E0000909B3EB0909236903F1FF3348BF09F122
:1079F0000709C3EBC3034B44534505DA1A44ACE70C
:107A0000E046D3E75244DDE7073BF5E70020BDE75A
:107A100080510100C4490400031F53F8040F51F8BA
:107A2000042B904201D0801A01E00028F5D1704764
:107A3000002303600439034651F8042F0AB91A6081
:107A4000704743F8042BF7E710B50B466AB1013ACB
:107A500009D053F8044B40F8044B002CF7D1581AC6
:107A60008010013810BD0022026053F8042B002A58
:107A7000FBD1F4E70148F8F745BD00BF264E0020D2
:107A80000148F8F741BD00BF264E002051F8043CE4
:107A9000181F002BBCBF0B58C01870472DE9F04FC2
:107AA00085B0002B1D461446BCBF03F100431446AD
:107AB000109A0E9EDDF844A0DDF84CB0B6BF1D460E
:107AC00000232D231360129B23F02008B8F1460FEA
:107AD00005D0B8F1450F00D10136022100E00321A5
:107AE00003AB019302AB009345EC104B5346324677
:107AF000FDF71EFAB8F1470F074612D10F9BDB07BF
:107B00000FD4039BDB1BCBF800300023DBF80020F5
:107B10009A4202DD159A93422ADB149805B0BDE81B
:107B2000F08FB8F1460F07EB060910D13B78302BE8
:107B30000AD10022002320462946F7F74BFB18B94B
:107B4000C6F10106CAF80060DAF800309944002254
:107B5000002320462946F7F73DFB08B1CDF80C90ED
:107B60003022039B4B45CCD2591C03911A70F8E785
:107B70001499FA5C41F823200133C7E700000000A4
:107B80002DE9F04F2DED048BD3B01D46002389461F
:107B9000199383460B92FEF7BFFC03681B7816937C
:107BA000B9F80C301C061AD5D9F81030BBB94021F1
:107BB0005846F8F789FEC9F80000C9F8100058B90E
:107BC0000C23CBF800304FF0FF330D930D9853B0DA
:107BD000BDEC048BBDE8F08F4023C9F814309FED55
:107BE0008E7B00230F9311930D93B0EE478AF0EE36
:107BF000678A0B9B1C4653F8042B0AB1252AF9D13E
:107C00000B9BA3420DD0E61A0B9A334649465846C1
:107C1000FFF726F9013000F0E8800D9B03EBA60387
:107C20000D932368002B00F0E0800021221D1591A8
:107C30000E464FF0FF340C910F460A2052F8043BD9
:107C400009930B92099B392B4CD81F2B4FD9099BB9
:107C5000203B192B4AD8DFE803F06B4949704949AA
:107C600049494949736C497A7D49989B9B9B9B9BE9
:107C70009B9B9B9B332B39D8DFE813F0E80038003F
:107C8000E80038003800380038009D00380038001F
:107C90003800380038003800380038003800380024
:107CA0003800200338003800380038003800380029
:107CB0003800380038003800A600D400E800E8009A
:107CC000E800A000D40038003800A3003800880283
:107CD0009902A602A3003800C50238001503380037
:107CE00038004200099B453B332BC3D911B1099B96
:107CF000002B7AD0099B2A93002015900A9581E0E9
:107D000001B11596464B0F932A46F80652F8043BEC
:107D10000A9202D4790648BF9BB2FA0706D52BB166
:107D200030221A92099A1B9247F00207022259E266
:107D30000EB9099E01210B9A80E747F00107FAE787
:107D400055F8043B0C93002BF5DA5B420C9347F09B
:107D50000407F0E70B9A52F8043B09932A2B12D13F
:107D600055F8044B0B9244EAE474E4E700FB043456
:107D700052F8043B0993099B303B092BF6D944EA9E
:107D8000E4740B925EE70024F5E747F08007D2E742
:107D900000230C93099A0C9B00FB0323303B0C93AC
:107DA0000B9B1A4652F8043B0993099B0B92303BFC
:107DB000092BEFD946E747F00807BCE747F0400733
:107DC000B9E747F01007B6E701B115962B1DF80685
:107DD0000A931ED42868F7F7E5FD411C0ED1B9F8C7
:107DE0000C3043F04003A9F80C30B9F80C3013F014
:107DF000400F0D9B18BF4FF0FF33E6E62A9000209E
:107E00002B90159080460124064605460DF1A80AE0
:107E100007E12B682A93F2E7000000000000000051
:107E2000A84A040001B115962B1DFA060A9307D53E
:107E30002B68002B02DA2D225B4215920122D3E13E
:107E40002B6817F0400F18BF1BB2F2E701B115966F
:107E5000073525F00703B3EC027B0A93B0EE478A9F
:107E6000F0EE678A18EE903A23F0004309EE903A5C
:107E7000B0EE479AB34B51EC190B4FF0FF32F7F7C6
:107E8000DBF9F0B9AF4B51EC190B4FF0FF32F7F7BC
:107E9000B5F9B0B951EC180B00220023F7F7A4F99B
:107EA00008B12D231593A84BA848099A27F08007FD
:107EB000472A94BF9A4682464FF00008032446465C
:107EC000D2E353EC182B51EC180BF7F7B5F940B18E
:107ED00018EE903A002BBCBF2D2315939C489D4B68
:107EE000E3E7631C00F00F81099B23F02003472B7D
:107EF00002D1002C08BF012447F480730E9328237D
:107F0000079319AB0593099B04930E9B0DF1A808E9
:107F100018AE17ADCDE90043CDF8188053EC182BFF
:107F2000039602955846FFF7B9FD4045824640F05A
:107F3000EC801999282940F3E88089005846F8F721
:107F4000C3FC804600283FF44AAF199B0295CDE957
:107F5000060319AB0593099BCDE903630E9B5846B5
:107F6000CDE9004353EC182BFFF798FD8246099B9F
:107F7000189D23F02003472B40F0CA80EE1C199B6C
:107F800002DBAC4280F2ED80099B023B09936B1E41
:107F9000002B099A1893B8BFC5F101031C92B4BF16
:107FA0002D222B22092B1D9240F3C5802AA80A25D9
:107FB000024693FBF5F405FB1431303142F8041C02
:107FC00019466329A0F104002346F1DC303340F860
:107FD000043CA2F108011EA82AAB9942C0F0A68079
:107FE0000DF1B304A41A24F003040B3A9A4288BF9B
:107FF00000241EAB1C441CA8241AA3101193199B27
:10800000012B03EBA40402DC17F0010501D00134BD
:108010000025179E002E00F07D812D230E9F1593C5
:108020000026A6423346B8BF23460E93159B13B1D4
:108030000E9B01330E9317F0020312931EBF0E9B8B
:1080400002330E9317F08403139300F06581159BA0
:1080500043B1042315AA49465846FEF701FF0130F3
:1080600000F06D81129B43B108231AAA4946584675
:10807000FEF7F6FE013000F06281139B802B13D1D6
:108080000C9B0E9A9B1A002B10930DDD109B324A0D
:10809000102B00F36981304A9B0049465846FEF791
:1080A000DFFE013000F04B81361B002E0CDD102E60
:1080B000294A00F36481284AB30049465846FEF72E
:1080C000CFFE013000F03B81F90500F16181A30092
:1080D000524649465846FEF7C3FE013000F02F8154
:1080E0007A0700F17F82DDE90C230E998A42ACBF4A
:1080F0009B185B180D93B8F1000F56D041465846B7
:10810000F8F74CFB51E00624F6E64FF000082EE7A6
:10811000099B662B7FF43BAF07F00103002D43EA78
:1081200004031BDD63B301342C4472E751F8044BA4
:1081300040F8044B51E7302213441E921F9320ACA9
:1081400059E700BFFFFFEF7F244A0400344A0400D0
:10815000544A0400444A0400344B040093B10234EE
:1081600057E79D4205DBFC070ED56C1C672309937E
:108170004FE7002DD4BFC5F1020401241C44F5E7EC
:108180002C4646E7012444E72C46EFE701B115965B
:108190002B1DF8060A9303D52B680D9A1A6004E08C
:1081A0007906F9D52B680D9A1A800A9D21E52A4691
:1081B00017F0100152F8043B0A9203D117F0400265
:1081C00010D09BB200220DE02A46782152F8043BE1
:1081D0000A923022CDE91A21A54A0F9247F00207F0
:1081E0000222099100211591661C00F0188227F0E7
:1081F0008001002B40F01782002C00F08380012AC0
:1082000040F0148260E02B46002653F804AB0A933A
:1082100017F0100515962DD1621C14D02246294660
:1082200050462646F8F72CFA08B1A0EB0A06272E8E
:108230000ED9711C89005846F8F746FB00283FF418
:10824000CEAD804607E05046FAF7D8FA0646EEE78C
:108250004FF000082AA834460023B34204D1002678
:1082600040F823608246DCE61AF8032040F8232019
:108270000133F2E7631C11D0224631465046FCF729
:1082800019FD804600283FF41AAEA0EB0A084FEA19
:10829000A8084445A8BF4446B04610E65046FCF73F
:1082A0009BFB0446F8E72A46FE0652F8043B0A9276
:1082B00002D47D0600D59BB2012293E701B1159649
:1082C0006C4B20E5092B04D8303351930DF5A27A7D
:1082D000C2E10DF5A47A0A25B3FBF5F005FB1032D7
:1082E00030324AF8042D1A46092A0346F4D8B3E17D
:1082F00003F00F020F981B0950F822204AF8042DB2
:10830000F6D1A9E11AB9F80701D53023DDE70DF55B
:10831000A47AA1E10E9F84E60C9B0E9A9B1A002B77
:1083200010937FF794AE109B102B11DC524A9B00E8
:1083300049465846FEF794FD01307FF488AEB8F107
:10834000000F3FF452AD41465846F8F727FA4CE586
:10835000494A402349465846FEF782FD0130EED097
:10836000109B103B1093DEE7402349465846FEF72A
:1083700077FD0130E3D0109B103B109386E640233D
:1083800049465846FEF76CFD0130D8D0103E8EE6C7
:10839000099B652B40F2E48051EC180B002200236E
:1083A000F6F718FF58B3354A042349465846FEF7F6
:1083B00057FD0130C3D0DDE918239A4202DBFB07E9
:1083C0007FF58EAE042316AA49465846FEF748FDAF
:1083D0000130B4D0199C013C002C7FF781AE284DB0
:1083E000102C02DC264AA30073E640232A464946A5
:1083F0005846FEF735FD0130A1D0103CF0E7189B40
:10840000002B3FDC1D4A042349465846FEF728FD51
:10841000013094D0DDE91832134307F00102134311
:108420003FF45EAE042316AA49465846FEF718FDEF
:10843000013084D0189C002C0CDA114D6442102CB1
:108440000BDC0F4AA30049465846FEF709FD0130F0
:108450003FF475AF199B9B003AE640232A464946F4
:108460005846FEF7FDFC01303FF469AF103CE6E7EB
:10847000A84A0400644A0400F44A0400EC4A0400D8
:10848000344B0400199C44F31D04AC42A8BF2C4695
:10849000002C20DC002CACBF2C1B2C46002C0BDD50
:1084A000724E102C20DC714AA30049465846FEF754
:1084B000D7FC01303FF443AFDDE918239A424FEA7D
:1084C00085051CDA042316AA49465846FEF7C8FC5F
:1084D000013016D133E7A300524649465846FEF70D
:1084E000BFFC0130D6D12AE74023324649465846E0
:1084F000FEF7B6FC01303FF422AF103CD1E7FE0797
:10850000E0D4199BC5EB8304A210189C1C1B944259
:10851000A8BF1446002C09DDA3000AEB050249465A
:108520005846FEF79DFC01303FF409AFDDE9182302
:10853000002CA3EB0203ACBF1C1B1C46002C7FF7D6
:10854000CFAD4A4D102C7FF74DAF40232A46494608
:108550005846FEF785FC01303FF4F1AE103CF1E7E0
:10856000199B012B52464FF004034946584601DC43
:10857000FC071BD5FEF774FC01303FF4E0AE04238A
:1085800016AA49465846FEF76BFC01303FF4D7AEB9
:10859000199C51EC180B00220023013CF6F71AFE3F
:1085A00068B9A3000AF1040249465846FEF758FC90
:1085B00001303FF4C4AE119B1CAA9B0089E5002C3E
:1085C000F9DD2A4D102C02DC284AA300ECE74023F9
:1085D0002A4649465846FEF743FC01303FF4AFAE09
:1085E000103CEFE70C9B0E9A9C1A002C7FF77BAD9A
:1085F000102C09DC1E4AA30049465846FEF730FC01
:1086000001307FF470AD9AE6194A40234946584636
:10861000FEF726FC01303FF492AE103CE8E7394605
:10862000002B3FF4ECAD012A3FF44CAE022A0DF5CD
:10863000A47A3FF45DAE03F007023032DB08504607
:108640004AF8042DF7D1CD0706D5302A04D03023BF
:108650004AF8043CA0F1080A52AB2646A3EB0A04F0
:10866000A4100F464FF000084546DAE4344B0400EE
:10867000F44A040038B50022002304460D46F6F7FC
:10868000B3FD28B920462946BDE8384000F00AB8B5
:10869000204605F1004100F005F8404261EB410140
:1086A00038BD00BFD0B50C4B002206460F46F6F78A
:1086B00029FBF6F7FFFD0446F6F7AAFA074B00225E
:1086C000F6F720FB02460B4630463946F6F762F9CC
:1086D000F6F7F0FD2146D0BD0000F03D0000F0416E
:1086E000024B58221A604FF0FF307047304E002086
:1086F000024B58221A604FF0FF307047304E002076
:10870000024B58221A604FF0FF307047304E002065
:10871000024B58221A600020704700BF304E0020E4
:10872000024B58221A604FF0FF307047304E002045
:10873000024B58221A604FF0FF307047304E002035
:10874000024B58221A604FF0FF307047304E002025
:10875000044A05491368002B08BF0B4618441060F3
:1087600018467047B84B0020344E0020024B582268
:108770001A604FF0FF307047304E0020FEE700BF18
:10878000F8B500BFF8BC08BC9E467047F8B500BFFE
:10879000F8BC08BC9E46704744442F4D4D2F595994
:1087A00059590054656D7065726174757265203D2C
:1087B0002000202A43005072657373757265203D56
:1087C0002000417070726F782E20416C746974754E
:1087D0006465203D200048756D6964697479203DA9
:1087E000200049646C650046696E697368656400C1
:1087F00041637469766500436F6D706C65746500E4
:1088000041626F727400416C6C6F636174696F6E6A
:10881000206661696C656400496E76616C696420EC
:10882000737461746521004130203D200041312086
:108830003D20004132203D20004133203D200041B9
:1088400034203D2000466C617368206368697020A5
:108850004A454445432049443A20307800466C61FB
:1088600073682073697A653A2000204B420054688F
:1088700069732077696C6C20657261736520616C27
:108880006C2064617461206F6E20746865205350A1
:108890004920666C6173652C20656E746572205981
:1088A000455320746F20636F6E74696E75653A204E
:1088B0000059455300466F726D617474696E672E7E
:1088C0002E2E004572726F722C20665F6D6B667380
:1088D000206661696C6564207769746820657272CE
:1088E0006F7220636F64653A2000303A00457272FF
:1088F0006F722C20665F6D6F756E74206661696C97
:1089000065642077697468206572726F7220636F86
:1089100064653A200053657474696E6720646973F6
:108920006B206C6162656C20746F3A20444D53007B
:108930004572726F722C20665F7365746C6162653C
:108940006C206661696C6564207769746820657263
:10895000726F7220636F64653A2000466F726D61BA
:108960007474656420666C617368210053504920FB
:10897000466C61736820466174467320466F726D61
:108980006174004572726F722C206661696C656457
:1089900020746F20696E697469616C697A652066FC
:1089A0006C617368206368697021002532643A2520
:1089B00032643A253264002532642F2532642F2533
:1089C0003464002C00466C61736820636869702011
:1089D000696E6974616C697A656421004661696CCD
:1089E000656420746F206D6F756E742066696C65A8
:1089F00073797374656D21004D6F756E74656420B5
:108A000066696C6573797374656D21005363616E7B
:108A10002066696C652067656E65726174656420A7
:108A2000627920444D532C20646F206E6F74206354
:108A300068616E676520616E7974696E6720616632
:108A40007465722074686973206C696E652E0056B7
:108A5000524673746172743A2000565246656E64D1
:108A60003A200041637175697265643A2000506F65
:108A7000696E74733A20005363616E3A2000567237
:108A8000663A2000435673746172743A200043566C
:108A9000656E643A2000506F7320656C6563747274
:108AA0006F6D657465722064617461004E65672046
:108AB000656C656374726F6D657465722064617452
:108AC0006100565246737461727400565246656E68
:108AD0006400416371756972656400506F696E74FA
:108AE00073005363616E0043567374617274004384
:108AF00056656E640064656661756C742E6461749D
:108B00000063616C2E6461740043616E277420639E
:108B100072656174652063616C2E64617421006309
:108B2000616C2E646174207772697474656E2C2098
:108B30006E756D626572206F662062797465732050
:108B40003D200043616E2774206F70656E20636165
:108B50006C2E646174210063616C2E6461742072F8
:108B60006561642C206E756D626572206F6620628F
:108B700079746573203D2000456E746572206163D1
:108B80007475616C2076616C75653A2000456E7471
:108B900065722076616C756573207768656E2070EC
:108BA000726F6D707465642E004441432063686188
:108BB0006E6E656C2063616C6962726174696F6E60
:108BC00020706172616D65746572732E006D203D59
:108BD000200062203D2000414443206368616E6EA6
:108BE000656C2063616C6962726174696F6E20707C
:108BF0006172616D65746572732E0043616C6962A8
:108C00007261746520444342207265666572656EC8
:108C10006365206F75747075742C206D6F6E697448
:108C20006F722077697468206120766F6C746D654F
:108C30007465722E0043616C6962726174652044D0
:108C4000434231206F75747075742C206D6F6E699E
:108C5000746F722077697468206120766F6C746D10
:108C6000657465722E0043616C696272617465207F
:108C700044434232206F75747075742C206D6F6E92
:108C800069746F722077697468206120766F6C74E4
:108C90006D657465722E0043616C69627261746502
:108CA0002056726620726561646261636B2C206D70
:108CB0006F6E69746F7220567266207769746820CF
:108CC000612073636F70652E00456E746572205667
:108CD00072662061637475616C2076616C75653AAB
:108CE0002000545255452C46414C53450054525592
:108CF000450025732E25303464002F0025732E2A5D
:108D00000043616E27742064656C65746520666934
:108D10006C652C20002A2E2A0045787465726E61DD
:108D20006C20466C61736800416461667275697499
:108D300000312E30005570646174650030383A356A
:108D4000343A3234004D61722031392032303236BB
:108D5000000000000000000000000000AF43000021
:108D6000A9430000A5420000A3430000B94500004C
:108D7000ED4600009D43000047564552004669728B
:108D80006D776172652076657273696F6E00474E0C
:108D9000414D45005265706F72742073797374652C
:108DA0006D206E616D6500534E414D4500536574F5
:108DB0002073797374656D206E616D650053415643
:108DC0004500536176652073657474696E6773003E
:108DD000524553544F524500526573746F7265206B
:108DE00073657474696E677300464F524D41540049
:108DF000466F726D617420464C41534800424C4F9F
:108E00004144004A756D7020746F20626F6F746CFE
:108E10006F61646572005354494D454441544500A7
:108E20005365742074696D65206F72206461746588
:108E30002C2068683A6D6D3A73732064642F6D6DF1
:108E40002F79797979004754494D450052657475F9
:108E5000726E2074696D652C2068683A6D6D3A7386
:108E6000730047444154450052657475726E206426
:108E70006174652C2064642F6D6D2F797979790088
:108E80004754494D45444154450052657475726ECE
:108E9000206461746520616E642074696D652C20A6
:108EA0004444442C204444204D4D4D205959595997
:108EB0002068683A6D6D3A73730053415645460019
:108EC000536176652063757272656E742073657484
:108ED00074696E6720746F20666C617368204653F6
:108EE000004C4F414446004C6F61642063757272C0
:108EF000656E742073657474696E672066726F6D39
:108F000020666C61736820465300534156454341C7
:108F10004C00536176652063757272656E742063D0
:108F2000616C6962726174696F6E20646174612042
:108F3000746F20666C617368204653004C4F414447
:108F400043414C004C6F61642063757272656E74AE
:108F50002063616C6962726174696F6E2066726F02
:108F60006D20666C61736820465300464F524D4138
:108F700054465300466F726D6174207468652066B4
:108F80006C617368204653004F4E00536574205047
:108F90006F776572206F6E0053657420506F776530
:108FA00072206F66660053454E410053657420740D
:108FB0006F205452554520746F20656E61626C6558
:108FC00020444D530047454E410052657475726E02
:108FD0007320656E61626C652073746174757300D3
:108FE000534D4F44450053657420746F20545255BF
:108FF0004520746F20656E61626C6520636C6F73D1
:109000006564206C6F6F7020636F6E74726F6C207C
:109010006F662056726600474D4F44450052657496
:1090200075726E73206D6F646520636F6E74726FFE
:109030006C0053465245510053657420444D5320F3
:109040006672657175656E63792C20696E20487A49
:109050000047465245510052657475726E73206622
:1090600072657175656E63790053445554590053A8
:10907000657420444D532064757479206379636C62
:109080006520696E2070657263656E740047445593
:1090900054590052657475726E732064757479202A
:1090A0006379636C650053445256005365742044E1
:1090B0004D53206472697665206C6576656C206915
:1090C0006E2070657263656E74004744525600529C
:1090D000657475726E73206472697665206C65764E
:1090E000656C00535652460053657473207468656E
:1090F000206472697665206C6576656C20746F20DB
:109100006163686965766520746865206465736964
:1091100072656420766F6C746167650053565246C1
:1091200046005365747320746865206472697665BF
:10913000206C6576656C207573696E672074686550
:10914000206C6F6F6B207570207461626C650047D6
:109150005652460052657475726E732074686520AD
:10916000567266207065616B20766F6C74616765FE
:1091700020736574706F696E7400475652465600CE
:1091800052657475726E732074686520567266201D
:109190007065616B20766F6C7461676520726561C4
:1091A000646261636B0047564241540052657475B6
:1091B000726E7320746865206261747465727920C0
:1091C000766F6C7461676500475057520052657442
:1091D00075726E7320706F77657220696E2077618B
:1091E00074747300474355520052657475726E7300
:1091F0002063757272656E7420696E20616D707384
:10920000003F5052450041444320636C6F636B2024
:109210007072657363616C6572003F534E554D000B
:10922000414443206E756D626572206F66207361E4
:109230006D706C6520696E2061766572616765008E
:109240003F534C454E004144432073616D706C6543
:10925000206C656E67746820696E20636C6F636B49
:10926000730052504F53454C4543005265706F7226
:109270007420706F73697469766520656C656374BA
:10928000726F6D657465722073757272656E74208D
:10929000696E2070410053504F534F46460053654E
:1092A0007420656C656374726F6D6574657220708F
:1092B0006F736974697665206368616E6E656C2092
:1092C0006F666673657420766F6C746167650047BE
:1092D000504F534F46460052657475726E73206549
:1092E0006C656374726F6D6574657220706F7369FD
:1092F00074697665206368616E6E656C206F666662
:1093000073657420766F6C746167650053504F53BA
:109310005A45524F0053657420656C656374726FD3
:109320006D6574657220706F73697469766520630A
:1093300068616E6E656C207A65726F20766F6C74F2
:109340006167650047504F535A45524F005265744C
:1093500075726E7320656C656374726F6D6574658C
:109360007220706F736974697665206368616E6ED0
:10937000656C207A65726F20766F6C74616765002A
:10938000524E4547454C4543005265706F727420FC
:109390006E6567617469766520656C656374726F6C
:1093A0006D657465722073757272656E7420696E76
:1093B00020704100534E45474F4646005365742088
:1093C000656C656374726F6D65746572206E656738
:1093D0006174697665206368616E6E656C206F6686
:1093E0006673657420766F6C7461676500474E45DF
:1093F000474F46460052657475726E7320656C6502
:109400006374726F6D65746572206E6567617469EF
:109410007665206368616E6E656C206F6666736545
:109420007420766F6C7461676500534E45475A45EA
:10943000524F0053657420656C656374726F6D657F
:10944000746572206E656761746976652063686112
:109450006E6E656C207A65726F20766F6C746167D2
:109460006500474E45475A45524F00526574757224
:109470006E7320656C656374726F6D6574657220C0
:109480006E65676174697665206368616E6E656C90
:10949000207A65726F20766F6C7461676500454C49
:1094A000544D54525A45524F005A65726F20746899
:1094B0006520656C656374726F6D65746572206399
:1094C00068616E6E656C7300534D4158445256008E
:1094D00053657420746865206D6178696D756D20C1
:1094E0006472697665206C6576656C20616C6C6F62
:1094F00077656400474D4158445256005265747573
:10950000726E7320746865206D6178696D756D2069
:109510006472697665206C6576656C00534356000D
:109520005365742074686520435620766F6C7461AF
:109530006765004743560052657475726E732074F8
:10954000686520435620766F6C74616765004743F9
:1095500056560052657475726E73207468652043A8
:10956000562061637475616C20766F6C74616765F9
:10957000005342494153005365742074686520428A
:1095800069617320766F6C74616765004742494179
:10959000530052657475726E732074686520426959
:1095A000617320766F6C746167650047424941536F
:1095B000560052657475726E732074686520426936
:1095C00061732061637475616C20766F6C74616780
:1095D00065005343565354525400736574207468A5
:1095E00065204356207363616E207374617274202A
:1095F000766F6C746167650047435653545254004C
:1096000072657475726E732074686520435620739A
:1096100063616E20737461727420766F6C7461671D
:109620006500534356454E44007365742074686565
:10963000204356207363616E20656E6420766F6CE4
:109640007461676500474356454E44007265747502
:10965000726E7320746865204356207363616E20B8
:10966000656E6420766F6C74616765005356524670
:1096700053545254007365742074686520567266A2
:10968000207363616E20737461727420766F6C74E2
:1096900061676500475652465354525400726574D0
:1096A00075726E73207468652056726620736361EC
:1096B0006E20737461727420766F6C7461676500DC
:1096C00053565246454E44007365742074686520B5
:1096D000567266207363616E20656E6420766F6CCF
:1096E000746167650047565246454E440072657482
:1096F00075726E732074686520567266207363619C
:109700006E20656E6420766F6C74616765005356D9
:109710005246535445505300736574207468652055
:1097200056726620737465707320696E20612073B1
:1097300063616E004756524653544550530072655C
:109740007475726E73207468652056726620737427
:1097500065707320696E2061207363616E00534EE3
:10976000554D4156470073657420746865206E75C9
:109770006D626572206F66204356207363616E20B0
:10978000617665726167657300474E554D41564776
:109790000072657475726E7320746865206E756DE5
:1097A000626572206F66204356207363616E20618C
:1097B0007665726167657300535354455044555242
:1097C0000073657420746865207363616E20737420
:1097D0006570206475726174696F6E20696E206DAA
:1097E0005300475354455044555200726574757286
:1097F0006E7320746865207363616E207374657086
:10980000206475726174696F6E20696E206D5300FB
:10981000534E554D53545000736574207468652041
:109820007363616E206E756D626572206F66207362
:109830007465707300474E554D53545000726574F3
:1098400075726E7320746865207363616E206E7527
:109850006D626572206F6620737465707300534388
:109860004E535452540053746172742074686520CE
:109870007363616E2C2075736520696E7465726EFA
:10988000616C2074696D696E670053434E53545088
:109890000053746F702061207363616E207468617F
:1098A0007420697320696E2070726F636573730032
:1098B0005343414E535441540052657475726E7354
:1098C00020746865207363616E20737461747573AE
:1098D000005253434E504F53005265706F727420C4
:1098E000706F73697469766520656C656374726FF7
:1098F0006D65746572206368616E6E656C2064616D
:1099000074612E207363616E206E756D2C736361BC
:109910006E20706F696E742C6E756D76616C7565F6
:1099200073005253434E4E4547005265706F727438
:10993000206E6567617469766520656C6563747215
:109940006F6D65746572206368616E6E656C20640E
:109950006174612E207363616E206E756D2C73636C
:10996000616E20706F696E742C6E756D76616C75AA
:10997000657300524E554D5343414E53005265742A
:1099800075726E7320746865206E756D62657220E5
:109990006F66207265636F72646564207363616EC5
:1099A00073005253434E5054530052657475726E97
:1099B0007320746865206E756D626572206F662015
:1099C0007265636F7264656420706F696E74732072
:1099D000696E2073656C6563746564207363616E82
:1099E00000535343414E0053617665207363616EAB
:1099F00020746F2066696C652073797374656D00DF
:109A0000525343414E0052656164207363616E207E
:109A100066726F6D207468652066696C6520737965
:109A20007374656D00444952004C69737420666913
:109A30006C65730044454C0044656C657465206634
:109A4000696C65004D4F5245004C6973742066691E
:109A50006C65005343484544554C45005363686565
:109A600064756C6520636F6C6C656374696F6E20E0
:109A70006F66207363616E207365726965732C2055
:109A8000626173652066696C65206E616D652C206E
:109A9000696E74657276616C2C206E756D6265728C
:109AA0000053544F500053746F70207363686564A3
:109AB000756C6520636F6C6C656374696F6E206F85
:109AC00066207363616E2073657269657300495324
:109AD0005343480052657475726E73205452554555
:109AE000206973207363616E7320617265207363F4
:109AF000686564756C6564004753434E4E554D0070
:109B000052657475726E7320746865206E756D622F
:109B10006572206F6620636F6C6C6563746564208A
:109B20007363616E730043414C44434252454600A7
:109B300043616C6962726174652074686520726546
:109B4000666572656E636520766F6C74616765002B
:109B500043414C444342310043616C696272617419
:109B600065204443423120766F6C74616765004321
:109B7000414C444342320043616C696272617465D6
:109B8000204443423220766F6C7461676500434124
:109B90004C5652460043616C696272617465207470
:109BA0006865205672660043414C44525632565204
:109BB000460047656E65726174652074686520565D
:109BC0007266206C6F6F6B7570207461626C6500DB
:109BD000534741494E00536574207468652056729E
:109BE00066206C6F6F70206761696E00474741495E
:109BF0004E0052657475726E2074686520567266E8
:109C0000206C6F6F70206761696E0054434300538E
:109C100065742054434320636F756E7465722050E1
:109C2000574D2C206368616E6E656C2C20636F75D8
:109C30006E740054433100536574205443322066DF
:109C400072657175656E63792C2064757479206313
:109C500079636C650041444353005265616420613F
:109C60006C6C20414443206368616E6E656C2063B8
:109C70006F756E74730052454E56005265616420D4
:109C8000656E76696F726E6D656E74206461746165
:109C9000004754454D500052657475726E207465CE
:109CA0006D6F6572617475726520696E204300473F
:109CB00050524553530052657475726E2070726530
:109CC000737375726520696E20685061004748554E
:109CD0004D0052657475726E2068756D69646974A3
:109CE0007920696E20250047414C540052657475F7
:109CF000726E20616C74697475646520696E206D84
:109D00000053414C540053657420616C7469747540
:109D1000646520696E206D00444D532C2076657279
:109D200073696F6E20312E34204D61722031392CD1
:109D300020323032360000000100000064000000D4
:109D400001000000E8030000000000000700000020
:109D5000000000003F000000000000000A000000BA
:109D6000000020008813C2231550402E0000000080
:109D700000000000000000000000000000000000E3
:109D800000000000000000000000000000000000D3
:109D900000000000000000000000000000000000C3
:109DA00000000000000000000000000000000000B3
:109DB00000000000000000000000000000000000A3
:109DC0000000000000000000000000000000000093
:109DD0000000000000000000000000000000000083
:109DE0000000000000000000000000000000000073
:109DF0000000000000000000000000000000000063
:109E00000000000000000000000000000000000052
:109E10000000000000000000000000000000000042
:109E20000000000000000000000000000000000032
:109E30000000000000000000000000000000000022
:109E40000000000000000000000000000000000012
:109E50000000000000000000000000000000000002
:109E600000000000000000000000000000000000F2
:109E700000000000000000000000000000000000E2
:109E800000000000000000000000000000000000D2
:109E900000000000000000000000000000000000C2
:109EA00000000000000000000000000000000000B2
:109EB00000000000000000000000000000000000A2
:109EC0000000000000000000000000000000000092
:109ED0000000000000000000000000000000000082
:109EE0000000000000000000000000000000000072
:109EF0000000000000000000000000000000000062
:109F00000000000000000000000000000000000051
:109F10000000000000000000000000000000000041
:109F20000000000000000000000000000000000031
:109F30000000000000000000000000000000000021
:109F40000000000000000000000000000000000011
:109F50000000000000000000000000000000000001
:109F600000000000000000000000000000000000F1
:109F700000000000000000000000000000000000E1
:109F800000000000000000000000000000000000D1
:109F900000000000000000000000000000000000C1
:109FA00000000000000000000000000000000000B1
:109FB00000000000000000000000000000000000A1
:109FC0000000000000000000000000000000000091
:109FD0000000000000000000000000000000000081
:109FE0000000000000000000000000000000000071
:109FF0000000000000000000000000000000000061
:10A000000000000000000000000000000000000050
:10A010000000000000000000000000000000000040
:10A020000000000000000000000000000000000030
:10A030000000000000000000000000000000000020
:10A040000000000000000000000000000000000010
:10A050000000000000000000000000000000000000
:10A0600000000000000000000000000000000000F0
:10A0700000000000000000000000000000000000E0
:10A0800000000000000000000000000000000000D0
:10A0900000000000000000000000000000000000C0
:10A0A00000000000000000000000000000000000B0
:10A0B00000000000000000000000000000000000A0
:10A0C0000000000000000000000000000000000090
:10A0D0000000000000000000000000000000000080
:10A0E0000000000000000000000000000000000070
:10A0F0000000000000000000000000000000000060
:10A10000000000000000000000000000000000004F
:10A11000000000000000000000000000000000003F
:10A12000000000000000000000000000000000002F
:10A13000000000000000000000000000000000001F
:10A14000000000000000000000000000000000000F
:10A1500000000000000000000000000000000000FF
:10A1600000000000000000000000000000000000EF
:10A1700000000000000000000000000000000000DF
:10A1800000000000000000000000000000000000CF
:10A1900000000000000000000000000000000000BF
:10A1A00000000000000000000000000000000000AF
:10A1B000000000000000000000000000000000009F
:10A1C000000000000000000000000000000000008F
:10A1D000000000000000000000000000000000007F
:10A1E000000000000000000000000000000000006F
:10A1F000000000000000000000000000000000005F
:10A20000000000000000000000000000000000004E
:10A21000000000000000000000000000000000003E
:10A22000000000000000000000000000000000002E
:10A23000000000000000000000000000000000001E
:10A24000000000000000000000000000000000000E
:10A2500000000000000000000000000000000000FE
:10A2600000000000000000000000000000000000EE
:10A2700000000000000000000000000000000000DE
:10A2800000000000000000000000000000000000CE
:10A2900000000000000000000000000000000000BE
:10A2A00000000000000000000000000000000000AE
:10A2B000000000000000000000000000000000009E
:10A2C000000000000000000000000000000000008E
:10A2D000000000000000000000000000000000007E
:10A2E000000000000000000000000000000000006E
:10A2F000000000000000000000000000000000005E
:10A30000000000000000000000000000000000004D
:10A31000000000000000000000000000000000003D
:10A32000000000000000000000000000000000002D
:10A33000000000000000000000000000000000001D
:10A34000000000000000000000000000000000000D
:10A3500000000000000000000000000000000000FD
:10A3600000000000000000000000000000000000ED
:10A3700000000000000000000000000000000000DD
:10A3800000000000000000000000000000000000CD
:10A3900000000000000000000000000000000000BD
:10A3A00000000000000000000000000000000000AD
:10A3B000000000000000000000000000000000009D
:10A3C000000000000000000000000000000000008D
:10A3D000000000000000000000000000000000007D
:10A3E000000000000000000000000000000000006D
:10A3F000000000000000000000000000000000005D
:10A40000000000000000000000000000000000004C
:10A41000000000000000000000000000000000003C
:10A42000000000000000000000000000000000002C
:10A43000000000000000000000000000000000001C
:10A44000000000000000000000000000000000000C
:10A4500000000000000000000000000000000000FC
:10A4600000000000000000000000000000000000EC
:10A4700000000000000000000000000000000000DC
:10A4800000000000000000000000000000000000CC
:10A4900000000000000000000000000000000000BC
:10A4A00000000000000000000000000000000000AC
:10A4B000000000000000000000000000000000009C
:10A4C000000000000000000000000000000000008C
:10A4D000000000000000000000000000000000007C
:10A4E000000000000000000000000000000000006C
:10A4F000000000000000000000000000000000005C
:10A50000000000000000000000000000000000004B
:10A51000000000000000000000000000000000003B
:10A52000000000000000000000000000000000002B
:10A53000000000000000000000000000000000001B
:10A54000000000000000000000000000000000000B
:10A5500000000000000000000000000000000000FB
:10A5600000000000000000000000000000000000EB
:10A5700000000000000000000000000000000000DB
:10A5800000000000000000000000000000000000CB
:10A5900000000000000000000000000000000000BB
:10A5A00000000000000000000000000000000000AB
:10A5B000000000000000000000000000000000009B
:10A5C000000000000000000000000000000000008B
:10A5D000000000000000000000000000000000007B
:10A5E000000000000000000000000000000000006B
:10A5F000000000000000000000000000000000005B
:10A60000000000000000000000000000000000004A
:10A61000000000000000000000000000000000003A
:10A62000000000000000000000000000000000002A
:10A63000000000000000000000000000000000001A
:10A64000000000000000000000000000000000000A
:10A6500000000000000000000000000000000000FA
:10A6600000000000000000000000000000000000EA
:10A6700000000000000000000000000000000000DA
:10A6800000000000000000000000000000000000CA
:10A6900000000000000000000000000000000000BA
:10A6A00000000000000000000000000000000000AA
:10A6B000000000000000000000000000000000009A
:10A6C000000000000000000000000000000000008A
:10A6D000000000000000000000000000000000007A
:10A6E000000000000000000000000000000000006A
:10A6F000000000000000000000000000000000005A
:10A700000000000000000000000000000000000049
:10A710000000000000000000000000000000000039
:10A720000000000000000000000000000000000029
:10A730000000000000000000000000000000000019
:10A740000000000000000000000000000000000009
:10A7500000000000000000000000000000000000F9
:10A7600000000000000000000000000000000000E9
:10A7700000000000000000000000000000000000D9
:10A7800000000000000000000000000000000000C9
:10A7900000000000000000000000000000000000B9
:10A7A00000000000000000000000000000000000A9
:10A7B0000000000000000000000000000000000099
:10A7C0000000000000000000000000000000000089
:10A7D0000000000000000000000000000000000079
:10A7E0000000000000000000000000000000000069
:10A7F0000000000000000000000000000000000059
:10A800000000000000000000000000000000000048
:10A810000000000000000000000000000000000038
:10A820000000000000000000000000000000000028
:10A830000000000000000000000000000000000018
:10A840000000000000000000000000000000000008
:10A8500000000000000000000000000000000000F8
:10A8600000000000000000000000000000000000E8
:10A8700000000000000000000000000000000000D8
:10A8800000000000000000000000000000000000C8
:10A8900000000000000000000000000000000000B8
:10A8A00000000000000000000000000000000000A8
:10A8B0000000000000000000000000000000000098
:10A8C0000000000000000000000000000000000088
:10A8D0000000000000000000000000000000000078
:10A8E0000000000000000000000000000000000068
:10A8F0000000000000000000000000000000000058
:10A900000000000000000000000000000000000047
:10A910000000000000000000000000000000000037
:10A920000000000000000000000000000000000027
:10A930000000000000000000000000000000000017
:10A940000000000000000000000000000000000007
:10A9500000000000000000000000000000000000F7
:10A9600000000000000000000000000000000000E7
:10A9700000000000000000000000000000000000D7
:10A9800000000000000000000000000000000000C7
:10A9900000000000000000000000000000000000B7
:10A9A00000000000000000000000000000000000A7
:10A9B0000000000000000000000000000000000097
:10A9C0000000000000000000000000000000000087
:10A9D0000000000000000000000000000000000077
:10A9E0000000000000000000000000000000000067
:10A9F0000000000000000000000000000000000057
:10AA00000000000000000000000000000000000046
:10AA10000000000000000000000000000000000036
:10AA20000000000000000000000000000000000026
:10AA30000000000000000000000000000000000016
:10AA40000000000000000000000000000000000006
:10AA500000000000000000000000000000000000F6
:10AA600000000000000000000000000000000000E6
:10AA700000000000000000000000000000000000D6
:10AA800000000000000000000000000000000000C6
:10AA900000000000000000000000000000000000B6
:10AAA00000000000000000000000000000000000A6
:10AAB0000000000000000000000000000000000096
:10AAC0000000000000000000000000000000000086
:10AAD0000000000000000000000000000000000076
:10AAE0000000000000000000000000000000000066
:10AAF0000000000000000000000000000000000056
:10AB00000000000000000000000000000000000045
:10AB10000000000000000000000000000000000035
:10AB20000000000000000000000000000000000025
:10AB30000000000000000000000000000000000015
:10AB40000000000000000000000000000000000005
:10AB500000000000000000000000000000000000F5
:10AB600000000000000000000000000000000000E5
:10AB700000000000000000000000000000000000D5
:10AB800000000000000000000000000000000000C5
:10AB900000000000000000000000000000000000B5
:10ABA00000000000000000000000000000000000A5
:10ABB0000000000000000000000000000000000095
:10ABC0000000000000000000000000000000000085
:10ABD0000000000000000000000000000000000075
:10ABE0000000000000000000000000000000000065
:10ABF0000000000000000000000000000000000055
:10AC00000000000000000000000000000000000044
:10AC10000000000000000000000000000000000034
:10AC20000000000000000000000000000000000024
:10AC30000000000000000000000000000000000014
:10AC40000000000000000000000000000000000004
:10AC500000000000000000000000000000000000F4
:10AC600000000000000000000000000000000000E4
:10AC700000000000000000000000000000000000D4
:10AC800000000000000000000000000000000000C4
:10AC900000000000000000000000000000000000B4
:10ACA00000000000000000000000000000000000A4
:10ACB0000000000000000000000000000000000094
:10ACC0000000000000000000000000000000000084
:10ACD0000000000000000000000000000000000074
:10ACE0000000000000000000000000000000000064
:10ACF0000000000000000000000000000000000054
:10AD00000000000000000000000000000000000043
:10AD10000000000000000000000000000000000033
:10AD20000000000000000000000000000000000023
:10AD30000000000000000000000000000000000013
:10AD40000000000000000000000000000000000003
:10AD500000000000000000000000000000000000F3
:10AD600000000000000000000000000000000000E3
:10AD700000000000000000000000000000000000D3
:10AD800000000000000000000000000000000000C3
:10AD900000000000000000000000000000000000B3
:10ADA00000000000000000000000000000000000A3
:10ADB0000000000000000000000000000000000093
:10ADC0000000000000000000000000000000000083
:10ADD0000000000000000000000000000000000073
:10ADE0000000000000000000000000000000000063
:10ADF0000000000000000000000000000000000053
:10AE00000000000000000000000000000000000042
:10AE10000000000000000000000000000000000032
:10AE20000000000000000000000000000000000022
:10AE30000000000000000000000000000000000012
:10AE40000000000000000000000000000000000002
:10AE500000000000000000000000000000000000F2
:10AE600000000000000000000000000000000000E2
:10AE700000000000000000000000000000000000D2
:10AE800000000000000000000000000000000000C2
:10AE900000000000000000000000000000000000B2
:10AEA00000000000000000000000000000000000A2
:10AEB0000000000000000000000000000000000092
:10AEC0000000000000000000000000000000000082
:10AED0000000000000000000000000000000000072
:10AEE0000000000000000000000000000000000062
:10AEF0000000000000000000000000000000000052
:10AF00000000000000000000000000000000000041
:10AF10000000000000000000000000000000000031
:10AF20000000000000000000000000000000000021
:10AF30000000000000000000000000000000000011
:10AF40000000000000000000000000000000000001
:10AF500000000000000000000000000000000000F1
:10AF600000000000000000000000000000000000E1
:10AF700000000000000000000000000000000000D1
:10AF800000000000000000000000000000000000C1
:10AF900000000000000000000000000000000000B1
:10AFA00000000000000000000000000000000000A1
:10AFB0000000000000000000000000000000000091
:10AFC0000000000000000000000000000000000081
:10AFD0000000000000000000000000000000000071
:10AFE0000000000000000000000000000000000061
:10AFF0000000000000000000000000000000000051
:10B000000000000000000000000000000000000040
:10B010000000000000000000000000000000000030
:10B020000000000000000000000000000000000020
:10B030000000000000000000000000000000000010
:10B040000000000000000000000000000000000000
:10B0500000000000000000000000000000000000F0
:10B0600000000000000000000000000000000000E0
:10B0700000000000000000000000000000000000D0
:10B0800000000000000000000000000000000000C0
:10B0900000000000000000000000000000000000B0
:10B0A00000000000000000000000000000000000A0
:10B0B0000000000000000000000000000000000090
:10B0C0000000000000000000000000000000000080
:10B0D0000000000000000000000000000000000070
:10B0E0000000000000000000000000000000000060
:10B0F0000000000000000000000000000000000050
:10B10000000000000000000000000000000000003F
:10B11000000000000000000000000000000000002F
:10B12000000000000000000000000000000000001F
:10B13000000000000000000000000000000000000F
:10B1400000000000000000000000000000000000FF
:10B1500000000000000000000000000000000000EF
:10B1600000000000000000000000000000000000DF
:10B1700000000000000000000000000000000000CF
:10B1800000000000000000000000000000000000BF
:10B1900000000000000000000000000000000000AF
:10B1A000000000000000000000000000000000009F
:10B1B000000000000000000000000000000000008F
:10B1C000000000000000000000000000000000007F
:10B1D000000000000000000000000000000000006F
:10B1E000000000000000000000000000000000005F
:10B1F000000000000000000000000000000000004F
:10B20000000000000000000000000000000000003E
:10B21000000000000000000000000000000000002E
:10B22000000000000000000000000000000000001E
:10B23000000000000000000000000000000000000E
:10B2400000000000000000000000000000000000FE
:10B2500000000000000000000000000000000000EE
:10B2600000000000000000000000000000000000DE
:10B2700000000000000000000000000000000000CE
:10B2800000000000000000000000000000000000BE
:10B2900000000000000000000000000000000000AE
:10B2A000000000000000000000000000000000009E
:10B2B000000000000000000000000000000000008E
:10B2C000000000000000000000000000000000007E
:10B2D000000000000000000000000000000000006E
:10B2E000000000000000000000000000000000005E
:10B2F000000000000000000000000000000000004E
:10B30000000000000000000000000000000000003D
:10B31000000000000000000000000000000000002D
:10B32000000000000000000000000000000000001D
:10B33000000000000000000000000000000000000D
:10B3400000000000000000000000000000000000FD
:10B3500000000000000000000000000000000000ED
:10B3600000000000000000000000000000000000DD
:10B3700000000000000000000000000000000000CD
:10B3800000000000000000000000000000000000BD
:10B3900000000000000000000000000000000000AD
:10B3A000000000000000000000000000000000009D
:10B3B000000000000000000000000000000000008D
:10B3C000000000000000000000000000000000007D
:10B3D000000000000000000000000000000000006D
:10B3E000000000000000000000000000000000005D
:10B3F000000000000000000000000000000000004D
:10B40000000000000000000000000000000000003C
:10B41000000000000000000000000000000000002C
:10B42000000000000000000000000000000000001C
:10B43000000000000000000000000000000000000C
:10B4400000000000000000000000000000000000FC
:10B4500000000000000000000000000000000000EC
:10B4600000000000000000000000000000000000DC
:10B4700000000000000000000000000000000000CC
:10B4800000000000000000000000000000000000BC
:10B4900000000000000000000000000000000000AC
:10B4A000000000000000000000000000000000009C
:10B4B000000000000000000000000000000000008C
:10B4C000000000000000000000000000000000007C
:10B4D000000000000000000000000000000000006C
:10B4E000000000000000000000000000000000005C
:10B4F000000000000000000000000000000000004C
:10B50000000000000000000000000000000000003B
:10B51000000000000000000000000000000000002B
:10B52000000000000000000000000000000000001B
:10B53000000000000000000000000000000000000B
:10B5400000000000000000000000000000000000FB
:10B5500000000000000000000000000000000000EB
:10B5600000000000000000000000000000000000DB
:10B5700000000000000000000000000000000000CB
:10B5800000000000000000000000000000000000BB
:10B5900000000000000000000000000000000000AB
:10B5A000000000000000000000000000000000009B
:10B5B000000000000000000000000000000000008B
:10B5C000000000000000000000000000000000007B
:10B5D000000000000000000000000000000000006B
:10B5E000000000000000000000000000000000005B
:10B5F000000000000000000000000000000000004B
:10B60000000000000000000000000000000000003A
:10B61000000000000000000000000000000000002A
:10B62000000000000000000000000000000000001A
:10B63000000000000000000000000000000000000A
:10B6400000000000000000000000000000000000FA
:10B6500000000000000000000000000000000000EA
:10B6600000000000000000000000000000000000DA
:10B6700000000000000000000000000000000000CA
:10B6800000000000000000000000000000000000BA
:10B6900000000000000000000000000000000000AA
:10B6A000000000000000000000000000000000009A
:10B6B000000000000000000000000000000000008A
:10B6C000000000000000000000000000000000007A
:10B6D000000000000000000000000000000000006A
:10B6E000000000000000000000000000000000005A
:10B6F000000000000000000000000000000000004A
:10B700000000000000000000000000000000000039
:10B710000000000000000000000000000000000029
:10B720000000000000000000000000000000000019
:10B730000000000000000000000000000000000009
:10B7400000000000000000000000000000000000F9
:10B7500000000000000000000000000000000000E9
:10B7600000000000000000000000000000000000D9
:10B7700000000000000000000000000000000000C9
:10B7800000000000000000000000000000000000B9
:10B7900000000000000000000000000000000000A9
:10B7A0000000000000000000000000000000000099
:10B7B0000000000000000000000000000000000089
:10B7C0000000000000000000000000000000000079
:10B7D0000000000000000000000000000000000069
:10B7E0000000000000000000000000000000000059
:10B7F0000000000000000000000000000000000049
:10B800000000000000000000000000000000000038
:10B810000000000000000000000000000000000028
:10B820000000000000000000000000000000000018
:10B830000000000000000000000000000000000008
:10B8400000000000000000000000000000000000F8
:10B8500000000000000000000000000000000000E8
:10B8600000000000000000000000000000000000D8
:10B8700000000000000000000000000000000000C8
:10B8800000000000000000000000000000000000B8
:10B8900000000000000000000000000000000000A8
:10B8A0000000000000000000000000000000000098
:10B8B0000000000000000000000000000000000088
:10B8C0000000000000000000000000000000000078
:10B8D0000000000000000000000000000000000068
:10B8E0000000000000000000000000000000000058
:10B8F0000000000000000000000000000000000048
:10B900000000000000000000000000000000000037
:10B910000000000000000000000000000000000027
:10B920000000000000000000000000000000000017
:10B930000000000000000000000000000000000007
:10B9400000000000000000000000000000000000F7
:10B9500000000000000000000000000000000000E7
:10B9600000000000000000000000000000000000D7
:10B9700000000000000000000000000000000000C7
:10B9800000000000000000000000000000000000B7
:10B9900000000000000000000000000000000000A7
:10B9A0000000000000000000000000000000000097
:10B9B0000000000000000000000000000000000087
:10B9C0000000000000000000000000000000000077
:10B9D0000000000000000000000000000000000067
:10B9E0000000000000000000000000000000000057
:10B9F0000000000000000000000000000000000047
:10BA00000000000000000000000000000000000036
:10BA10000000000000000000000000000000000026
:10BA20000000000000000000000000000000000016
:10BA30000000000000000000000000000000000006
:10BA400000000000000000000000000000000000F6
:10BA500000000000000000000000000000000000E6
:10BA600000000000000000000000000000000000D6
:10BA700000000000000000000000000000000000C6
:10BA800000000000000000000000000000000000B6
:10BA900000000000000000000000000000000000A6
:10BAA0000000000000000000000000000000000096
:10BAB0000000000000000000000000000000000086
:10BAC0000000000000000000000000000000000076
:10BAD0000000000000000000000000000000000066
:10BAE0000000000000000000000000000000000056
:10BAF0000000000000000000000000000000000046
:10BB00000000000000000000000000000000000035
:10BB10000000000000000000000000000000000025
:10BB20000000000000000000000000000000000015
:10BB30000000000000000000000000000000000005
:10BB400000000000000000000000000000000000F5
:10BB500000000000000000000000000000000000E5
:10BB600000000000000000000000000000000000D5
:10BB700000000000000000000000000000000000C5
:10BB800000000000000000000000000000000000B5
:10BB900000000000000000000000000000000000A5
:10BBA0000000000000000000000000000000000095
:10BBB0000000000000000000000000000000000085
:10BBC0000000000000000000000000000000000075
:10BBD0000000000000000000000000000000000065
:10BBE0000000000000000000000000000000000055
:10BBF0000000000000000000000000000000000045
:10BC00000000000000000000000000000000000034
:10BC10000000000000000000000000000000000024
:10BC20000000000000000000000000000000000014
:10BC30000000000000000000000000000000000004
:10BC400000000000000000000000000000000000F4
:10BC500000000000000000000000000000000000E4
:10BC600000000000000000000000000000000000D4
:10BC700000000000000000000000000000000000C4
:10BC800000000000000000000000000000000000B4
:10BC900000000000000000000000000000000000A4
:10BCA0000000000000000000000000000000000094
:10BCB0000000000000000000000000000000000084
:10BCC0000000000000000000000000000000000074
:10BCD0000000000000000000000000000000000064
:10BCE0000000000000000000000000000000000054
:10BCF0000000000000000000000000000000000044
:10BD00000000000000000000000000000000000033
:10BD10000000000000000000000000000000000023
:10BD20000000000000000000000000000000000013
:10BD30000000000000000000000000000000000003
:10BD400000000000000000000000000000000000F3
:10BD500000000000000000000000000000000000E3
:10BD600000000000000000000000000000000000D3
:10BD700000000000000000000000000000000000C3
:10BD800000000000000000000000000000000000B3
:10BD900000000000000000000000000000000000A3
:10BDA0000000000000000000000000000000000093
:10BDB0000000000000000000000000000000000083
:10BDC0000000000000000000000000000000000073
:10BDD0000000000000000000000000000000000063
:10BDE0000000000000000000000000000000000053
:10BDF0000000000000000000000000000000000043
:10BE00000000000000000000000000000000000032
:10BE10000000000000000000000000000000000022
:10BE20000000000000000000000000000000000012
:10BE30000000000000000000000000000000000002
:10BE400000000000000000000000000000000000F2
:10BE500000000000000000000000000000000000E2
:10BE600000000000000000000000000000000000D2
:10BE700000000000000000000000000000000000C2
:10BE800000000000000000000000000000000000B2
:10BE900000000000000000000000000000000000A2
:10BEA0000000000000000000000000000000000092
:10BEB0000000000000000000000000000000000082
:10BEC0000000000000000000000000000000000072
:10BED0000000000000000000000000000000000062
:10BEE0000000000000000000000000000000000052
:10BEF0000000000000000000000000000000000042
:10BF00000000000000000000000000000000000031
:10BF10000000000000000000000000000000000021
:10BF20000000000000000000000000000000000011
:10BF30000000000000000000000000000000000001
:10BF400000000000000000000000000000000000F1
:10BF500000000000000000000000000000000000E1
:10BF600000000000000000000000000000000000D1
:10BF700000000000000000000000000000000000C1
:10BF800000000000000000000000000000000000B1
:10BF900000000000000000000000000000000000A1
:10BFA0000000000000000000000000000000000091
:10BFB0000000000000000000000000000000000081
:10BFC0000000000000000000000000000000000071
:10BFD0000000000000000000000000000000000061
:10BFE0000000000000000000000000000000000051
:10BFF0000000000000000000000000000000000041
:10C000000000C0C10000C041010000006400000049
:10C010000000FA430080BB44050000005F00000000
:10C02000000000000000A04020A1070060E316000F
:10C03000000000000000C8420A0000008813000051
:10C0400046415400464154333200EBFE904D534478
:10C050004F53352E30004E4F204E414D452020206D
:10C06000204641543332202020004E4F204E414D77
:10C070004520202020464154202020202000809A66
:10C0800045418E418F804545454949498E8F909263
:10C09000924F994F555559999A9B9C9D9E9F414906
:10C0A0004F55A5A5A6A7A8A9AAABACADAEAFB0B198
:10C0B000B2B3B4B5B6B7B8B9BABBBCBDBEBFC0C1E8
:10C0C000C2C3C4C5C6C7C8C9CACBCCCDCECFD0D1D8
:10C0D000D2D3D4D5D6D7D8D9DADBDCDDDEDFE0E1C8
:10C0E000E2E3E4E5E6E7E8E9EAEBECEDEEEFF0F1B8
:10C0F000F2F3F4F5F6F7F8F9FAFBFCFDFEFF2B2E50
:10C100002C3B3D5B5D2F5C222A3A3C3E3F7C7F000E
:10C1100001000400100040000001000200000100C6
:10C120000200040008001000200000003B0A0D007F
:10C130000600256C6600153F002578002575003F38
:10C140004543484F004563686F206D6F64652C2040
:10C1500054525545206F722046414C5345003F4D87
:10C16000555445004D757465206D6F64652C2054E1
:10C17000525545206F722046414C5345003F434184
:10C18000534500436173652073656E736974697606
:10C19000652C2054525545206F722046414C534522
:10C1A0000047434D4453004C69737420616C6C200C
:10C1B000636F6D6D616E647320616E642068656C81
:10C1C0007020737472696E67730048454C50004C60
:10C1D0006973742072657175657374656420636F2B
:10C1E0006D6D616E6420616E642069747320686592
:10C1F0006C7020737472696E67004C4F572C4849FD
:10C2000047482C50554C53452C53504C55534500E2
:10C210004849474800494E5055542C4F55545055A5
:10C22000542C50554C4C555000494E505554004FCD
:10C23000555450555400425954450044574F5244A8
:10C2400000494E5400464C4F41540049443A2000A6
:10C2500053797374656D20686173206265656E2023
:10C26000757020666F72206174206C656173743A1A
:10C270002000206D696E75746573004D656D6F7279
:10C28000792064756D702061743A20002530325831
:10C290002000253033583A2000416464726573737E
:10C2A000206F66667365742C686578203D200042B7
:10C2B00061736520616464726573732C68657820AE
:10C2C0003D20005345544144445245535300536567
:10C2D00074206261736520616464726573732069A0
:10C2E0006E20686578005345544F464653455400C8
:10C2F000536574206F66667365742066726F6D2077
:10C3000062617365206164647265737320696E2075
:10C310006865780057524954450057726974652C16
:10C3200020425954452C574F52442C44574F5244A5
:10C330002C494E542C206F7220464C4F415420748F
:10C340006F206261736561646472657373202B2072
:10C350006F666673657400524541440052656164BE
:10C360002C20425954452C574F52442C44574F527D
:10C37000442C494E542C206F7220464C4F4154207F
:10C3800066726F6D20626173656164647265737358
:10C39000202B206F66667365740044554D50004431
:10C3A000756D70206D656D6F72792062797465733B
:10C3B0002066726F6D20626173656164647265737B
:10C3C00073202B206F66667365740052414D0044E4
:10C3D0006973706C617920746865206176616C693D
:10C3E000626C652072616D206D656D6F7279206978
:10C3F0006E2062797465730050494E4D4F4445007C
:10C400005365742070696E206D6F646520746F20B1
:10C41000494E5055542C4F55545055542C206F7242
:10C420002050554C4C55502E2070696E2C206D6F4D
:10C43000646500444F555400536574206F757470E3
:10C4400075742070696E2C20484947482C204C4F49
:10C45000572C2050554C53452C205350554C534588
:10C460000044494E005265616420696E7075742005
:10C4700070696E2C20484947482C204C4F5700418A
:10C4800044435245530053657420616E616C6F677D
:10C4900020696E707574207265736F6C7574696F46
:10C4A0006E20696E206269747300444143524553A3
:10C4B0000053657420616E616C6F67206F757470D6
:10C4C0007574207265736F6C7574696F6E20696E18
:10C4D00020626974730041444300526561642041E5
:10C4E000444320696E707574206368616E6E656C7C
:10C4F0000044414300577269746520444143206FF2
:10C500007574707574206368616E6E656C00444567
:10C510004255470046756E6374696F6E207573658A
:10C5200020666F7220646562756720647572696E3B
:10C530006720646576656C6F706D656E740055502C
:10C5400054494D45005265706F727420737973744D
:10C55000656D2075702074696D652073696E7365F3
:10C56000206C617374207265626F6F740052455362
:10C570004554004361757365732074686520737951
:10C580007374656D20746F207265626F6F740055EF
:10C59000554944005265706F727420313238206200
:10C5A000697420555549442C20696E2068657800CF
:10C5B00043505554454D50005265706F727420635E
:10C5C00070752074656D706572617475726520692F
:10C5D0006E204300705F736572636F6D20213D2094
:10C5E0004E554C4C00535049436C6173733A3A5367
:10C5F0005049436C61737328534552434F4D2A2C65
:10C600002075696E74385F742C2075696E74385F9C
:10C61000742C2075696E74385F742C2053657263B6
:10C620006F6D53706954585061642C205365726368
:10C630006F6D525850616429002F55736572732FC6
:10C64000676F72646F6E616E646572736F6E2F4C8C
:10C650006962726172792F41726475696E6F3135EA
:10C660002F7061636B616765732F616461667275BA
:10C6700069742F68617264776172652F73616D648C
:10C680002F312E372E31312F6C69627261726965DC
:10C69000732F5350492F5350492E63707000000080
:10C6A000283000400500000004000000283400404D
:10C6B00007000000060000002820014109000000DA
:10C6C00008000000284001410B0000000A000000A3
:10C6D000280000430D0000000C0000002804004367
:10C6E0000F0000000E0000001F00200021002200AB
:10C6F000230000000000000000000000EBAF00007D
:10C7000059AE0000A54200007BAE000097AE0000CD
:10C71000A9B000007DAE0000000000000000000095
:10C72000F5B1000003B2000007B2000081B20000C2
:10C730000000000000000000F5B1000003B200009E
:10C7400007B20000A9B200000000000000000000D5
:10C750000000000000000000ADBD0000A539010090
:10C76000A5390100A5390100A5390100A53901004D
:10C77000A5390100A5390100AFBD0000B5BD00001D
:10C78000BBBD0000C9BD0000CFBD0000000000001F
:10C7900000000000A9420000654700000BBE000039
:10C7A00023BE00004DBE00007DBE000033BE000071
:10C7B0003FBE0000A7BE0000D7BE0000DDBD0000E8
:10C7C000E3BD0000E9BD0000F7BD0000FDBD0000B5
:10C7D000000020008813C8401568020E00004000C9
:10C7E0008813C8401668021E000080008813C840E5
:10C7F0001768021E0000200010270140156C020679
:10C800000000200010270140154102020000200016
:10C810008813EF601585020E000020008813EF409A
:10C820001585020E000040008813EF401685020EA9
:10C83000000080008813EF401785020E0000000101
:10C840008813EF401885020E0020000088130403AF
:10C85000021400600000020088130427032800620D
:10C860000000040088130448032800620000080048
:10C87000881304490328006A0000400010271F4560
:10C88000015500030000100010271F84015500030C
:10C8900000000000000000006DC3000021C3000084
:10C8A000FBC2000051C3000051C4000069C4000075
:10C8B00095C40000CDC40000E5C4000015C500000B
:10C8C000FF00780180014302880187018C018B0100
:10C8D000920191019501F601990198019A013D0299
:10C8E0009E012002A801A701AD01AC01B001AF017A
:10C8F000B901B801BD01BC01BF01F701C601C40106
:10C90000C901C701CC01CA01DD018E01F301F101AA
:10C91000F501F4013A02652C3C023B023E02662C12
:10C9200042024102530281015402860156028901EA
:10C9300057028A0159028F015B0290016002930144
:10C940006302940168029701690296016B02622CEE
:10C950006F029C0172029D0175029F017D02642C91
:10C960008002A6018302A9018802AE018902440265
:10C970008A02B1018B02B2018C0245029202B70118
:10C980007B03FD037C03FE037D03FF03AC038603EF
:10C99000C203A303CC038C03CD038E03CE038F030A
:10C9A000F203F903F803F703FB03FA03CF04C0040F
:10C9B0007D1D632C511F591F531F5B1F551F5D1F8A
:10C9C000571F5F1F781FF81F791FF91FB31FBC1F68
:10C9D000CC1FC31FE51FEC1FFC1FF31F4E2132218C
:10C9E00084218321612C602C762C752C6100E01A47
:10C9F000E000E017F800E007000101303201010615
:10CA0000390101104A01012E790101068201010458
:10CA1000A0010106B3010104CD010110DE010112E4
:10CA2000F8010128220201124602010AAD03DB03CC
:10CA3000B103E011C303E009D80301183004E0207A
:10CA40005004B010600401228A040136C104010EB2
:10CA5000D00401446105D026001E0196A01E015A93
:10CA6000001F0808101F0806201F0808301F0808AC
:10CA7000401F0806601F0808701F4A02721F5604F4
:10CA8000761F64027A1F70027C1F7E02801F0808D6
:10CA9000901F0808A01F0808B01F0802D01F080236
:10CAA000E01F08027021F010D024E61A302CD02F9D
:10CAB000672C0106802C0164002D002641FFE01A3E
:10CAC0006170004150001F1C1F1E1F1E1F1F1E1FD4
:10CAD0001E4A616E4665624D61724170724D6179A8
:10CAE0004A756E4A756C4175675365704F63744E35
:10CAF0006F764465630053756E4D6F6E5475655760
:10CB000065645468754672695361740000000000E2
:10CB10000000000000000000000000000000000015
:10CB20000000000000000000000000000000000005
:10CB300000000000000000000000000000000000F5
:10CB400000000000000000000000000000000000E5
:10CB500000000000000000000000000000000000D5
:10CB600000000000000000000000000000000000C5
:10CB700000000000000000000000000000000000B5
:10CB800000000000000000000000000000000000A5
:10CB90000000000000000000000000000000000095
:10CBA0000000000000000000000000000000000085
:10CBB0000000000000000000000000000000000075
:10CBC0000000000000000000000000000000000065
:10CBD0000000000000000000000000000000000055
:10CBE0000000000000000000000000000000000045
:10CBF0000000000000000000000000000000000035
:10CC00000000000000000000000000000000000024
:10CC10000000000000000000000000000000000014
:10CC20000000000000000000000000000000000004
:10CC300000000000000000000000000000000000F4
:10CC400000000000000000000000000000000000E4
:10CC500000000000000000000000000000000000D4
:10CC600000000000000000000000000000000000C4
:10CC700000000000000000000000000000000000B4
:10CC800000000000000000000000000000000000A4
:10CC90000000000000000000000000000000000094
:10CCA0000000000000000000000000000000000084
:10CCB0000000000000000000000000000000000074
:10CCC0000000000000000000000000000000000064
:10CCD0000000000000000000000000000000000054
:10CCE0000000000000000000000000000000000044
:10CCF0000000000000000000000000000000000034
:10CD00000000000000000000000000000000000023
:10CD10000000000000000000000000000000000013
:10CD20000000000000000000000000000000000003
:10CD300000000000000000000000000000000000F3
:10CD400000000000000000000000000000000000E3
:10CD500000000000000000000000000000000000D3
:10CD600000000000000000000000000000000000C3
:10CD700000000000000000000000000000000000B3
:10CD800000000000000000000000000000000000A3
:10CD90000000000000000000000000000000000093
:10CDA0000000000000000000000000000000000083
:10CDB0000000000000000000000000000000000073
:10CDC0000000000000000000000000000000000063
:10CDD0000000000000000000000000000000000053
:10CDE0000000000000000000000000000000000043
:10CDF0000000000000000000000000000000000033
:10CE00000000000000000000000000000000000022
:10CE10000000000000000000000000000000000012
:10CE20000000000000000000000000000000000002
:10CE300000000000000000000000000000000000F2
:10CE400000000000000000000000000000000000E2
:10CE500000000000000000000000000000000000D2
:10CE600000000000000000000000000000000000C2
:10CE700000000000000000000000000000000000B2
:10CE800000000000000000000000000000000000A2
:10CE90000000000000000000000000000000000092
:10CEA0000000000000000000000000000000000082
:10CEB0000000000000000000000000000000000072
:10CEC0000000000000000000000000000000000062
:10CED0000000000000000000000000000000000052
:10CEE0000000000000000000000000000000000042
:10CEF0000000000000000000000000000000000032
:10CF00000000000000000000000000000000000021
:10CF10000000000000000000000000000000000011
:10CF20000000000000000000000000000000000001
:10CF300000000000000000000000000000000000F1
:10CF400000000000000000000000000000000000E1
:10CF500000000000000000000000000000000000D1
:10CF600000000000000000000000000000000000C1
:10CF700000000000000000000000000000000000B1
:10CF800000000000000000000000000000000000A1
:10CF90000000000000000000000000000000000091
:10CFA0000000000000000000000000000000000081
:10CFB0000000000000000000000000000000000071
:10CFC0000000000000000000000000000000000061
:10CFD0000000000000000000000000000000000051
:10CFE0000000000000000000000000000000000041
:10CFF0000000000000000000000000000000000031
:10D000000000000000000000000000000000000020
:10D010000000000000000000000000000000000010
:10D020000000000000000000000000000000000000
:10D0300000000000000000000000000000000000F0
:10D0400000000000000000000000000000000000E0
:10D0500000000000000000000000000000000000D0
:10D0600000000000000000000000000000000000C0
:10D0700000000000000000000000000000000000B0
:10D0800000000000000000000000000000000000A0
:10D090000000000000000000000000000000000090
:10D0A0000000000000000000000000000000000080
:10D0B0000000000000000000000000000000000070
:10D0C0000000000000000000000000000000000060
:10D0D0000000000000000000000000000000000050
:10D0E0000000000000000000000000000000000040
:10D0F0000000000000000000000000000000000030
:10D10000000000000000000000000000000000001F
:10D11000000000000000000000000000000000000F
:10D1200000000000000000000000000000000000FF
:10D1300000000000000000000000000000000000EF
:10D1400000000000000000000000000000000000DF
:10D1500000000000000000000000000000000000CF
:10D1600000000000000000000000000000000000BF
:10D1700000000000000000000000000000000000AF
:10D18000000000000000000000000000000000009F
:10D19000000000000000000000000000000000008F
:10D1A000000000000000000000000000000000007F
:10D1B000000000000000000000000000000000006F
:10D1C000000000000000000000000000000000005F
:10D1D000000000000000000000000000000000004F
:10D1E000000000000000000000000000000000003F
:10D1F000000000000000000000000000000000002F
:10D20000000000000000000000000000000000001E
:10D21000000000000000000000000000000000000E
:10D2200000000000000000000000000000000000FE
:10D2300000000000000000000000000000000000EE
:10D2400000000000000000000000000000000000DE
:10D2500000000000000000000000000000000000CE
:10D2600000000000000000000000000000000000BE
:10D2700000000000000000000000000000000000AE
:10D28000000000000000000000000000000000009E
:10D29000000000000000000000000000000000008E
:10D2A000000000000000000000000000000000007E
:10D2B000000000000000000000000000000000006E
:10D2C000000000000000000000000000000000005E
:10D2D000000000000000000000000000000000004E
:10D2E000000000000000000000000000000000003E
:10D2F000000000000000000000000000000000002E
:10D30000000000000000000000000000000000001D
:10D31000000000000000000000000000000000000D
:10D3200000000000000000000000000000000000FD
:10D3300000000000000000000000000000000000ED
:10D3400000000000000000000000000000000000DD
:10D3500000000000000000000000000000000000CD
:10D3600000000000000000000000000000000000BD
:10D3700000000000000000000000000000000000AD
:10D38000000000000000000000000000000000009D
:10D39000000000000000000000000000000000008D
:10D3A000000000000000000000000000000000007D
:10D3B000000000000000000000000000000000006D
:10D3C000000000000000000000000000000000005D
:10D3D000000000000000000000000000000000004D
:10D3E000000000000000000000000000000000003D
:10D3F000000000000000000000000000000000002D
:10D40000000000000000000000000000000000001C
:10D41000000000000000000000000000000000000C
:10D4200000000000000000000000000000000000FC
:10D4300000000000000000000000000000000000EC
:10D4400000000000000000000000000000000000DC
:10D4500000000000000000000000000000000000CC
:10D4600000000000000000000000000000000000BC
:10D4700000000000000000000000000000000000AC
:10D48000000000000000000000000000000000009C
:10D49000000000000000000000000000000000008C
:10D4A000000000000000000000000000000000007C
:10D4B000000000000000000000000000000000006C
:10D4C000000000000000000000000000000000005C
:10D4D000000000000000000000000000000000004C
:10D4E000000000000000000000000000000000003C
:10D4F000000000000000000000000000000000002C
:10D50000000000000000000000000000000000001B
:10D51000000000000000000000000000000000000B
:10D5200000000000000000000000000000000000FB
:10D5300000000000000000000000000000000000EB
:10D5400000000000000000000000000000000000DB
:10D5500000000000000000000000000000000000CB
:10D5600000000000000000000000000000000000BB
:10D5700000000000000000000000000000000000AB
:10D58000000000000000000000000000000000009B
:10D59000000000000000000000000000000000008B
:10D5A000000000000000000000000000000000007B
:10D5B000000000000000000000000000000000006B
:10D5C000000000000000000000000000000000005B
:10D5D000000000000000000000000000000000004B
:10D5E000000000000000000000000000000000003B
:10D5F000000000000000000000000000000000002B
:10D60000000000000000000000000000000000001A
:10D61000000000000000000000000000000000000A
:10D6200000000000000000000000000000000000FA
:10D6300000000000000000000000000000000000EA
:10D6400000000000000000000000000000000000DA
:10D6500000000000000000000000000000000000CA
:10D6600000000000000000000000000000000000BA
:10D6700000000000000000000000000000000000AA
:10D68000000000000000000000000000000000009A
:10D69000000000000000000000000000000000008A
:10D6A000000000000000000000000000000000007A
:10D6B000000000000000000000000000000000006A
:10D6C000000000000000000000000000000000005A
:10D6D000000000000000000000000000000000004A
:10D6E000000000000000000000000000000000003A
:10D6F000000000000000000000000000000000002A
:10D700000000000000000000000000000000000019
:10D710000000000000000000000000000000000009
:10D7200000000000000000000000000000000000F9
:10D7300000000000000000000000000000000000E9
:10D7400000000000000000000000000000000000D9
:10D7500000000000000000000000000000000000C9
:10D7600000000000000000000000000000000000B9
:10D7700000000000000000000000000000000000A9
:10D780000000000000000000000000000000000099
:10D790000000000000000000000000000000000089
:10D7A0000000000000000000000000000000000079
:10D7B0000000000000000000000000000000000069
:10D7C0000000000000000000000000000000000059
:10D7D0000000000000000000000000000000000049
:10D7E0000000000000000000000000000000000039
:10D7F0000000000000000000000000000000000029
:10D800000000000000000000000000000000000018
:10D810000000000000000000000000000000000008
:10D8200000000000000000000000000000000000F8
:10D8300000000000000000000000000000000000E8
:10D8400000000000000000000000000000000000D8
:10D8500000000000000000000000000000000000C8
:10D8600000000000000000000000000000000000B8
:10D8700000000000000000000000000000000000A8
:10D880000000000000000000000000000000000098
:10D890000000000000000000000000000000000088
:10D8A0000000000000000000000000000000000078
:10D8B0000000000000000000000000000000000068
:10D8C0000000000000000000000000000000000058
:10D8D0000000000000000000000000000000000048
:10D8E0000000000000000000000000000000000038
:10D8F0000000000000000000000000000000000028
:10D900000000000000000000000000000000000017
:10D910000000000000000000000000000000000007
:10D9200000000000000000000000000000000000F7
:10D9300000000000000000000000000000000000E7
:10D9400000000000000000000000000000000000D7
:10D9500000000000000000000000000000000000C7
:10D9600000000000000000000000000000000000B7
:10D9700000000000000000000000000000000000A7
:10D980000000000000000000000000000000000097
:10D990000000000000000000000000000000000087
:10D9A0000000000000000000000000000000000077
:10D9B0000000000000000000000000000000000067
:10D9C0000000000000000000000000000000000057
:10D9D0000000000000000000000000000000000047
:10D9E0000000000000000000000000000000000037
:10D9F0000000000000000000000000000000000027
:10DA00000000000000000000000000000000000016
:10DA10000000000000000000000000000000000006
:10DA200000000000000000000000000000000000F6
:10DA300000000000000000000000000000000000E6
:10DA400000000000000000000000000000000000D6
:10DA500000000000000000000000000000000000C6
:10DA600000000000000000000000000000000000B6
:10DA700000000000000000000000000000000000A6
:10DA80000000000000000000000000000000000096
:10DA90000000000000000000000000000000000086
:10DAA0000000000000000000000000000000000076
:10DAB0000000000000000000000000000000000066
:10DAC0000000000000000000000000000000000056
:10DAD0000000000000000000000000000000000046
:10DAE0000000000000000000000000000000000036
:10DAF0000000000000000000000000000000000026
:10DB00000000000000000000000000000000000015
:10DB10000000000000000000000000000000000005
:10DB200000000000000000000000000000000000F5
:10DB300000000000000000000000000000000000E5
:10DB400000000000000000000000000000000000D5
:10DB500000000000000000000000000000000000C5
:10DB600000000000000000000000000000000000B5
:10DB700000000000000000000000000000000000A5
:10DB80000000000000000000000000000000000095
:10DB90000000000000000000000000000000000085
:10DBA0000000000000000000000000000000000075
:10DBB0000000000000000000000000000000000065
:10DBC0000000000000000000000000000000000055
:10DBD0000000000000000000000000000000000045
:10DBE0000000000000000000000000000000000035
:10DBF0000000000000000000000000000000000025
:10DC00000000000000000000000000000000000014
:10DC10000000000000000000000000000000000004
:10DC200000000000000000000000000000000000F4
:10DC300000000000000000000000000000000000E4
:10DC400000000000000000000000000000000000D4
:10DC500000000000000000000000000000000000C4
:10DC600000000000000000000000000000000000B4
:10DC700000000000000000000000000000000000A4
:10DC80000000000000000000000000000000000094
:10DC90000000000000000000000000000000000084
:10DCA0000000000000000000000000000000000074
:10DCB0000000000000000000000000000000000064
:10DCC0000000000000000000000000000000000054
:10DCD0000000000000000000000000000000000044
:10DCE0000000000000000000000000000000000034
:10DCF0000000000000000000000000000000000024
:10DD00000000000000000000000000000000000013
:10DD10000000000000000000000000000000000003
:10DD200000000000000000000000000000000000F3
:10DD300000000000000000000000000000000000E3
:10DD400000000000000000000000000000000000D3
:10DD500000000000000000000000000000000000C3
:10DD600000000000000000000000000000000000B3
:10DD700000000000000000000000000000000000A3
:10DD80000000000000000000000000000000000093
:10DD90000000000000000000000000000000000083
:10DDA0000000000000000000000000000000000073
:10DDB0000000000000000000000000000000000063
:10DDC0000000000000000000000000000000000053
:10DDD0000000000000000000000000000000000043
:10DDE0000000000000000000000000000000000033
:10DDF0000000000000000000000000000000000023
:10DE00000000000000000000000000000000000012
:10DE10000000000000000000000000000000000002
:10DE200000000000000000000000000000000000F2
:10DE300000000000000000000000000000000000E2
:10DE400000000000000000000000000000000000D2
:10DE500000000000000000000000000000000000C2
:10DE600000000000000000000000000000000000B2
:10DE700000000000000000000000000000000000A2
:10DE80000000000000000000000000000000000092
:10DE90000000000000000000000000000000000082
:10DEA0000000000000000000000000000000000072
:10DEB0000000000000000000000000000000000062
:10DEC0000000000000000000000000000000000052
:10DED0000000000000000000000000000000000042
:10DEE0000000000000000000000000000000000032
:10DEF0000000000000000000000000000000000022
:10DF00000000000000000000000000000000000011
:10DF10000000000000000000000000000000000001
:10DF200000000000000000000000000000000000F1
:10DF300000000000000000000000000000000000E1
:10DF400000000000000000000000000000000000D1
:10DF500000000000000000000000000000000000C1
:10DF600000000000000000000000000000000000B1
:10DF700000000000000000000000000000000000A1
:10DF80000000000000000000000000000000000091
:10DF90000000000000000000000000000000000081
:10DFA0000000000000000000000000000000000071
:10DFB0000000000000000000000000000000000061
:10DFC0000000000000000000000000000000000051
:10DFD0000000000000000000000000000000000041
:10DFE0000000000000000000000000000000000031
:10DFF0000000000000000000000000000000000021
:10E000000000000000000000000000000000000010
:10E010000000000000000000000000000000000000
:10E0200000000000000000000000000000000000F0
:10E0300000000000000000000000000000000000E0
:10E0400000000000000000000000000000000000D0
:10E0500000000000000000000000000000000000C0
:10E0600000000000000000000000000000000000B0
:10E0700000000000000000000000000000000000A0
:10E080000000000000000000000000000000000090
:10E090000000000000000000000000000000000080
:10E0A0000000000000000000000000000000000070
:10E0B0000000000000000000000000000000000060
:10E0C0000000000000000000000000000000000050
:10E0D0000000000000000000000000000000000040
:10E0E0000000000000000000000000000000000030
:10E0F0000000000000000000000000000000000020
:10E10000000000000000000000000000000000000F
:10E1100000000000000000000000000000000000FF
:10E1200000000000000000000000000000000000EF
:10E1300000000000000000000000000000000000DF
:10E1400000000000000000000000000000000000CF
:10E1500000000000000000000000000000000000BF
:10E1600000000000000000000000000000000000AF
:10E17000000000000000000000000000000000009F
:10E18000000000000000000000000000000000008F
:10E19000000000000000000000000000000000007F
:10E1A000000000000000000000000000000000006F
:10E1B000000000000000000000000000000000005F
:10E1C000000000000000000000000000000000004F
:10E1D000000000000000000000000000000000003F
:10E1E000000000000000000000000000000000002F
:10E1F000000000000000000000000000000000001F
:10E20000000000000000000000000000000000000E
:10E2100000000000000000000000000000000000FE
:10E2200000000000000000000000000000000000EE
:10E2300000000000000000000000000000000000DE
:10E2400000000000000000000000000000000000CE
:10E2500000000000000000000000000000000000BE
:10E2600000000000000000000000000000000000AE
:10E27000000000000000000000000000000000009E
:10E28000000000000000000000000000000000008E
:10E29000000000000000000000000000000000007E
:10E2A000000000000000000000000000000000006E
:10E2B000000000000000000000000000000000005E
:10E2C000000000000000000000000000000000004E
:10E2D000000000000000000000000000000000003E
:10E2E000000000000000000000000000000000002E
:10E2F000000000000000000000000000000000001E
:10E30000000000000000000000000000000000000D
:10E3100000000000000000000000000000000000FD
:10E3200000000000000000000000000000000000ED
:10E3300000000000000000000000000000000000DD
:10E3400000000000000000000000000000000000CD
:10E3500000000000000000000000000000000000BD
:10E3600000000000000000000000000000000000AD
:10E37000000000000000000000000000000000009D
:10E38000000000000000000000000000000000008D
:10E39000000000000000000000000000000000007D
:10E3A000000000000000000000000000000000006D
:10E3B000000000000000000000000000000000005D
:10E3C000000000000000000000000000000000004D
:10E3D000000000000000000000000000000000003D
:10E3E000000000000000000000000000000000002D
:10E3F000000000000000000000000000000000001D
:10E40000000000000000000000000000000000000C
:10E4100000000000000000000000000000000000FC
:10E4200000000000000000000000000000000000EC
:10E4300000000000000000000000000000000000DC
:10E4400000000000000000000000000000000000CC
:10E4500000000000000000000000000000000000BC
:10E4600000000000000000000000000000000000AC
:10E47000000000000000000000000000000000009C
:10E48000000000000000000000000000000000008C
:10E49000000000000000000000000000000000007C
:10E4A000000000000000000000000000000000006C
:10E4B000000000000000000000000000000000005C
:10E4C000000000000000000000000000000000004C
:10E4D000000000000000000000000000000000003C
:10E4E000000000000000000000000000000000002C
:10E4F000000000000000000000000000000000001C
:10E50000000000000000000000000000000000000B
:10E5100000000000000000000000000000000000FB
:10E5200000000000000000000000000000000000EB
:10E5300000000000000000000000000000000000DB
:10E5400000000000000000000000000000000000CB
:10E5500000000000000000000000000000000000BB
:10E5600000000000000000000000000000000000AB
:10E57000000000000000000000000000000000009B
:10E58000000000000000000000000000000000008B
:10E59000000000000000000000000000000000007B
:10E5A000000000000000000000000000000000006B
:10E5B000000000000000000000000000000000005B
:10E5C000000000000000000000000000000000004B
:10E5D000000000000000000000000000000000003B
:10E5E000000000000000000000000000000000002B
:10E5F000000000000000000000000000000000001B
:10E60000000000000000000000000000000000000A
:10E6100000000000000000000000000000000000FA
:10E6200000000000000000000000000000000000EA
:10E6300000000000000000000000000000000000DA
:10E6400000000000000000000000000000000000CA
:10E6500000000000000000000000000000000000BA
:10E6600000000000000000000000000000000000AA
:10E67000000000000000000000000000000000009A
:10E68000000000000000000000000000000000008A
:10E69000000000000000000000000000000000007A
:10E6A000000000000000000000000000000000006A
:10E6B000000000000000000000000000000000005A
:10E6C000000000000000000000000000000000004A
:10E6D000000000000000000000000000000000003A
:10E6E000000000000000000000000000000000002A
:10E6F000000000000000000000000000000000001A
:10E700000000000000000000000000000000000009
:10E7100000000000000000000000000000000000F9
:10E7200000000000000000000000000000000000E9
:10E7300000000000000000000000000000000000D9
:10E7400000000000000000000000000000000000C9
:10E7500000000000000000000000000000000000B9
:10E7600000000000000000000000000000000000A9
:10E770000000000000000000000000000000000099
:10E780000000000000000000000000000000000089
:10E790000000000000000000000000000000000079
:10E7A0000000000000000000000000000000000069
:10E7B0000000000000000000000000000000000059
:10E7C0000000000000000000000000000000000049
:10E7D0000000000000000000000000000000000039
:10E7E0000000000000000000000000000000000029
:10E7F0000000000000000000000000000000000019
:10E800000000000000000000000000000000000008
:10E8100000000000000000000000000000000000F8
:10E8200000000000000000000000000000000000E8
:10E8300000000000000000000000000000000000D8
:10E8400000000000000000000000000000000000C8
:10E8500000000000000000000000000000000000B8
:10E8600000000000000000000000000000000000A8
:10E870000000000000000000000000000000000098
:10E880000000000000000000000000000000000088
:10E890000000000000000000000000000000000078
:10E8A0000000000000000000000000000000000068
:10E8B0000000000000000000000000000000000058
:10E8C0000000000000000000000000000000000048
:10E8D0000000000000000000000000000000000038
:10E8E0000000000000000000000000000000000028
:10E8F0000000000000000000000000000000000018
:10E900000000000000000000000000000000000007
:10E9100000000000000000000000000000000000F7
:10E9200000000000000000000000000000000000E7
:10E9300000000000000000000000000000000000D7
:10E9400000000000000000000000000000000000C7
:10E9500000000000000000000000000000000000B7
:10E9600000000000000000000000000000000000A7
:10E970000000000000000000000000000000000097
:10E980000000000000000000000000000000000087
:10E990000000000000000000000000000000000077
:10E9A0000000000000000000000000000000000067
:10E9B0000000000000000000000000000000000057
:10E9C0000000000000000000000000000000000047
:10E9D0000000000000000000000000000000000037
:10E9E0000000000000000000000000000000000027
:10E9F0000000000000000000000000000000000017
:10EA00000000000000000000000000000000000006
:10EA100000000000000000000000000000000000F6
:10EA200000000000000000000000000000000000E6
:10EA300000000000000000000000000000000000D6
:10EA400000000000000000000000000000000000C6
:10EA500000000000000000000000000000000000B6
:10EA600000000000000000000000000000000000A6
:10EA70000000000000000000000000000000000096
:10EA80000000000000000000000000000000000086
:10EA90000000000000000000000000000000000076
:10EAA0000000000000000000000000000000000066
:10EAB0000000000000000000000000000000000056
:10EAC0000000000000000000000000000000000046
:10EAD0000000000000000000000000000000000036
:10EAE0000000000000000000000000000000000026
:10EAF0000000000000000000000000000000000016
:10EB00000000000000000000000000000000000005
:10EB100000000000000000000000000000000000F5
:10EB200000000000000000000000000000000000E5
:10EB300000000000000000000000000000000000D5
:10EB400000000000000000000000000000000000C5
:10EB500000000000000000000000000000000000B5
:10EB600000000000000000000000000000000000A5
:10EB70000000000000000000000000000000000095
:10EB80000000000000000000000000000000000085
:10EB90000000000000000000000000000000000075
:10EBA0000000000000000000000000000000000065
:10EBB0000000000000000000000000000000000055
:10EBC0000000000000000000000000000000000045
:10EBD0000000000000000000000000000000000035
:10EBE0000000000000000000000000000000000025
:10EBF0000000000000000000000000000000000015
:10EC00000000000000000000000000000000000004
:10EC100000000000000000000000000000000000F4
:10EC200000000000000000000000000000000000E4
:10EC300000000000000000000000000000000000D4
:10EC400000000000000000000000000000000000C4
:10EC500000000000000000000000000000000000B4
:10EC600000000000000000000000000000000000A4
:10EC70000000000000000000000000000000000094
:10EC80000000000000000000000000000000000084
:10EC90000000000000000000000000000000000074
:10ECA0000000000000000000000000000000000064
:10ECB0000000000000000000000000000000000054
:10ECC0000000000000000000000000000000000044
:10ECD0000000000000000000000000000000000034
:10ECE0000000000000000000000000000000000024
:10ECF0000000000000000000000000000000000014
:10ED00000000000000000000000000000000000003
:10ED100000000000000000000000000000000000F3
:10ED200000000000000000000000000000000000E3
:10ED300000000000000000000000000000000000D3
:10ED400000000000000000000000000000000000C3
:10ED500000000000000000000000000000000000B3
:10ED600000000000000000000000000000000000A3
:10ED70000000000000000000000000000000000093
:10ED80000000000000000000000000000000000083
:10ED90000000000000000000000000000000000073
:10EDA0000000000000000000000000000000000063
:10EDB0000000000000000000000000000000000053
:10EDC0000000000000000000000000000000000043
:10EDD0000000000000000000000000000000000033
:10EDE0000000000000000000000000000000000023
:10EDF0000000000000000000000000000000000013
:10EE00000000000000000000000000000000000002
:10EE100000000000000000000000000000000000F2
:10EE200000000000000000000000000000000000E2
:10EE300000000000000000000000000000000000D2
:10EE400000000000000000000000000000000000C2
:10EE500000000000000000000000000000000000B2
:10EE600000000000000000000000000000000000A2
:10EE70000000000000000000000000000000000092
:10EE80000000000000000000000000000000000082
:10EE90000000000000000000000000000000000072
:10EEA0000000000000000000000000000000000062
:10EEB0000000000000000000000000000000000052
:10EEC0000000000000000000000000000000000042
:10EED0000000000000000000000000000000000032
:10EEE0000000000000000000000000000000000022
:10EEF0000000000000000000000000000000000012
:10EF00000000000000000000000000000000000001
:10EF100000000000000000000000000000000000F1
:10EF200000000000000000000000000000000000E1
:10EF300000000000000000000000000000000000D1
:10EF400000000000000000000000000000000000C1
:10EF500000000000000000000000000000000000B1
:10EF600000000000000000000000000000000000A1
:10EF70000000000000000000000000000000000091
:10EF80000000000000000000000000000000000081
:10EF90000000000000000000000000000000000071
:10EFA0000000000000000000000000000000000061
:10EFB0000000000000000000000000000000000051
:10EFC0000000000000000000000000000000000041
:10EFD0000000000000000000000000000000000031
:10EFE0000000000000000000000000000000000021
:10EFF0000000000000000000000000000000000011
:10F000000000000000000000000000000000000000
:10F0100000000000000000000000000000000000F0
:10F0200000000000000000000000000000000000E0
:10F0300000000000000000000000000000000000D0
:10F0400000000000000000000000000000000000C0
:10F0500000000000000000000000000000000000B0
:10F0600000000000000000000000000000000000A0
:10F070000000000000000000000000000000000090
:10F080000000000000000000000000000000000080
:10F090000000000000000000000000000000000070
:10F0A0000000000000000000000000000000000060
:10F0B0000000000000000000000000000000000050
:10F0C0000000000000000000000000000000000040
:10F0D0000000000000000000000000000000000030
:10F0E0000000000000000000000000000000000020
:10F0F0000000000000000000000000000000000010
:10F1000000000000000000000000000000000000FF
:10F1100000000000000000000000000000000000EF
:10F1200000000000000000000000000000000000DF
:10F1300000000000000000000000000000000000CF
:10F1400000000000000000000000000000000000BF
:10F1500000000000000000000000000000000000AF
:10F16000000000000000000000000000000000009F
:10F17000000000000000000000000000000000008F
:10F18000000000000000000000000000000000007F
:10F19000000000000000000000000000000000006F
:10F1A000000000000000000000000000000000005F
:10F1B000000000000000000000000000000000004F
:10F1C000000000000000000000000000000000003F
:10F1D000000000000000000000000000000000002F
:10F1E000000000000000000000000000000000001F
:10F1F000000000000000000000000000000000000F
:10F2000000000000000000000000000000000000FE
:10F2100000000000000000000000000000000000EE
:10F2200000000000000000000000000000000000DE
:10F2300000000000000000000000000000000000CE
:10F2400000000000000000000000000000000000BE
:10F2500000000000000000000000000000000000AE
:10F26000000000000000000000000000000000009E
:10F27000000000000000000000000000000000008E
:10F28000000000000000000000000000000000007E
:10F29000000000000000000000000000000000006E
:10F2A000000000000000000000000000000000005E
:10F2B000000000000000000000000000000000004E
:10F2C000000000000000000000000000000000003E
:10F2D000000000000000000000000000000000002E
:10F2E000000000000000000000000000000000001E
:10F2F000000000000000000000000000000000000E
:10F3000000000000000000000000000000000000FD
:10F3100000000000000000000000000000000000ED
:10F3200000000000000000000000000000000000DD
:10F3300000000000000000000000000000000000CD
:10F3400000000000000000000000000000000000BD
:10F3500000000000000000000000000000000000AD
:10F36000000000000000000000000000000000009D
:10F37000000000000000000000000000000000008D
:10F38000000000000000000000000000000000007D
:10F39000000000000000000000000000000000006D
:10F3A000000000000000000000000000000000005D
:10F3B000000000000000000000000000000000004D
:10F3C000000000000000000000000000000000003D
:10F3D000000000000000000000000000000000002D
:10F3E000000000000000000000000000000000001D
:10F3F000000000000000000000000000000000000D
:10F4000000000000000000000000000000000000FC
:10F4100000000000000000000000000000000000EC
:10F4200000000000000000000000000000000000DC
:10F4300000000000000000000000000000000000CC
:10F4400000000000000000000000000000000000BC
:10F4500000000000000000000000000000000000AC
:10F46000000000000000000000000000000000009C
:10F47000000000000000000000000000000000008C
:10F48000000000000000000000000000000000007C
:10F49000000000000000000000000000000000006C
:10F4A000000000000000000000000000000000005C
:10F4B000000000000000000000000000000000004C
:10F4C000000000000000000000000000000000003C
:10F4D000000000000000000000000000000000002C
:10F4E000000000000000000000000000000000001C
:10F4F000000000000000000000000000000000000C
:10F5000000000000000000000000000000000000FB
:10F5100000000000000000000000000000000000EB
:10F5200000000000000000000000000000000000DB
:10F5300000000000000000000000000000000000CB
:10F5400000000000000000000000000000000000BB
:10F5500000000000000000000000000000000000AB
:10F56000000000000000000000000000000000009B
:10F57000000000000000000000000000000000008B
:10F58000000000000000000000000000000000007B
:10F59000000000000000000000000000000000006B
:10F5A000000000000000000000000000000000005B
:10F5B000000000000000000000000000000000004B
:10F5C000000000000000000000000000000000003B
:10F5D000000000000000000000000000000000002B
:10F5E000000000000000000000000000000000001B
:10F5F000000000000000000000000000000000000B
:10F6000000000000000000000000000000000000FA
:10F6100000000000000000000000000000000000EA
:10F6200000000000000000000000000000000000DA
:10F6300000000000000000000000000000000000CA
:10F6400000000000000000000000000000000000BA
:10F6500000000000000000000000000000000000AA
:10F66000000000000000000000000000000000009A
:10F67000000000000000000000000000000000008A
:10F68000000000000000000000000000000000007A
:10F69000000000000000000000000000000000006A
:10F6A000000000000000000000000000000000005A
:10F6B000000000000000000000000000000000004A
:10F6C000000000000000000000000000000000003A
:10F6D000000000000000000000000000000000002A
:10F6E000000000000000000000000000000000001A
:10F6F000000000000000000000000000000000000A
:10F7000000000000000000000000000000000000F9
:10F7100000000000000000000000000000000000E9
:10F7200000000000000000000000000000000000D9
:10F7300000000000000000000000000000000000C9
:10F7400000000000000000000000000000000000B9
:10F7500000000000000000000000000000000000A9
:10F760000000000000000000000000000000000099
:10F770000000000000000000000000000000000089
:10F780000000000000000000000000000000000079
:10F790000000000000000000000000000000000069
:10F7A0000000000000000000000000000000000059
:10F7B0000000000000000000000000000000000049
:10F7C0000000000000000000000000000000000039
:10F7D0000000000000000000000000000000000029
:10F7E0000000000000000000000000000000000019
:10F7F0000000000000000000000000000000000009
:10F8000000000000000000000000000000000000F8
:10F8100000000000000000000000000000000000E8
:10F8200000000000000000000000000000000000D8
:10F8300000000000000000000000000000000000C8
:10F8400000000000000000000000000000000000B8
:10F8500000000000000000000000000000000000A8
:10F860000000000000000000000000000000000098
:10F870000000000000000000000000000000000088
:10F880000000000000000000000000000000000078
:10F890000000000000000000000000000000000068
:10F8A0000000000000000000000000000000000058
:10F8B0000000000000000000000000000000000048
:10F8C0000000000000000000000000000000000038
:10F8D0000000000000000000000000000000000028
:10F8E0000000000000000000000000000000000018
:10F8F0000000000000000000000000000000000008
:10F9000000000000000000000000000000000000F7
:10F9100000000000000000000000000000000000E7
:10F9200000000000000000000000000000000000D7
:10F9300000000000000000000000000000000000C7
:10F9400000000000000000000000000000000000B7
:10F9500000000000000000000000000000000000A7
:10F960000000000000000000000000000000000097
:10F970000000000000000000000000000000000087
:10F980000000000000000000000000000000000077
:10F990000000000000000000000000000000000067
:10F9A0000000000000000000000000000000000057
:10F9B0000000000000000000000000000000000047
:10F9C0000000000000000000000000000000000037
:10F9D0000000000000000000000000000000000027
:10F9E0000000000000000000000000000000000017
:10F9F0000000000000000000000000000000000007
:10FA000000000000000000000000000000000000F6
:10FA100000000000000000000000000000000000E6
:10FA200000000000000000000000000000000000D6
:10FA300000000000000000000000000000000000C6
:10FA400000000000000000000000000000000000B6
:10FA500000000000000000000000000000000000A6
:10FA60000000000000000000000000000000000096
:10FA70000000000000000000000000000000000086
:10FA80000000000000000000000000000000000076
:10FA90000000000000000000000000000000000066
:10FAA0000000000000000000000000000000000056
:10FAB0000000000000000000000000000000000046
:10FAC0000000000000000000000000000000000036
:10FAD0000000000000000000000000000000000026
:10FAE0000000000000000000000000000000000016
:10FAF0000000000000000000000000000000000006
:10FB000000000000000000000000000000000000F5
:10FB100000000000000000000000000000000000E5
:10FB200000000000000000000000000000000000D5
:10FB300000000000000000000000000000000000C5
:10FB400000000000000000000000000000000000B5
:10FB500000000000000000000000000000000000A5
:10FB60000000000000000000000000000000000095
:10FB70000000000000000000000000000000000085
:10FB80000000000000000000000000000000000075
:10FB90000000000000000000000000000000000065
:10FBA0000000000000000000000000000000000055
:10FBB0000000000000000000000000000000000045
:10FBC0000000000000000000000000000000000035
:10FBD0000000000000000000000000000000000025
:10FBE0000000000000000000000000000000000015
:10FBF0000000000000000000000000000000000005
:10FC000000000000000000000000000000000000F4
:10FC100000000000000000000000000000000000E4
:10FC200000000000000000000000000000000000D4
:10FC300000000000000000000000000000000000C4
:10FC400000000000000000000000000000000000B4
:10FC500000000000000000000000000000000000A4
:10FC60000000000000000000000000000000000094
:10FC70000000000000000000000000000000000084
:10FC80000000000000000000000000000000000074
:10FC90000000000000000000000000000000000064
:10FCA0000000000000000000000000000000000054
:10FCB0000000000000000000000000000000000044
:10FCC0000000000000000000000000000000000034
:10FCD0000000000000000000000000000000000024
:10FCE0000000000000000000000000000000000014
:10FCF0000000000000000000000000000000000004
:10FD000000000000000000000000000000000000F3
:10FD100000000000000000000000000000000000E3
:10FD200000000000000000000000000000000000D3
:10FD300000000000000000000000000000000000C3
:10FD400000000000000000000000000000000000B3
:10FD500000000000000000000000000000000000A3
:10FD60000000000000000000000000000000000093
:10FD70000000000000000000000000000000000083
:10FD80000000000000000000000000000000000073
:10FD90000000000000000000000000000000000063
:10FDA0000000000000000000000000000000000053
:10FDB0000000000000000000000000000000000043
:10FDC0000000000000000000000000000000000033
:10FDD0000000000000000000000000000000000023
:10FDE0000000000000000000000000000000000013
:10FDF0000000000000000000000000000000000003
:10FE000000000000000000000000000000000000F2
:10FE100000000000000000000000000000000000E2
:10FE200000000000000000000000000000000000D2
:10FE300000000000000000000000000000000000C2
:10FE400000000000000000000000000000000000B2
:10FE500000000000000000000000000000000000A2
:10FE60000000000000000000000000000000000092
:10FE70000000000000000000000000000000000082
:10FE80000000000000000000000000000000000072
:10FE90000000000000000000000000000000000062
:10FEA0000000000000000000000000000000000052
:10FEB0000000000000000000000000000000000042
:10FEC0000000000000000000000000000000000032
:10FED0000000000000000000000000000000000022
:10FEE0000000000000000000000000000000000012
:10FEF0000000000000000000000000000000000002
:10FF000000000000000000000000000000000000F1
:10FF100000000000000000000000000000000000E1
:10FF200000000000000000000000000000000000D1
:10FF300000000000000000000000000000000000C1
:10FF400000000000000000000000000000000000B1
:10FF500000000000000000000000000000000000A1
:10FF60000000000000000000000000000000000091
:10FF70000000000000000000000000000000000081
:10FF80000000000000000000000000000000000071
:10FF90000000000000000000000000000000000061
:10FFA0000000000000000000000000000000000051
:10FFB0000000000000000000000000000000000041
:10FFC0000000000000000000000000000000000031
:10FFD0000000000000000000000000000000000021
:10FFE0000000000000000000000000000000000011
:10FFF0000000000000000000000000000000000001
:020000024000BC
:100000000800000010000000200000004000000078
:100010008000000000010000000200000004000059
:1000200054696E795553422053657269616C0000C2
:100030000000000000000000FDE8000093E900005F
:1000400085E9000079E9000015E9000055E90000A4
:1000500031E900000DE80000F0FFFFFF00000000A4
:10006000F5E80000474141434500444D53204D34DD
:100070000012010002000000409A232B80000101C1
:1000800002030109020900000100A0324D617373EF
:100090002053746F7261676500000000000000006B
:1000A0000000000031EE0000FC6180001060800064
:1000B0001460800018608000050F390002181005D8
:1000C0000038B60834A909A0478BFDA0768815B67C
:1000D00065000101011C100500DF60DDD88945C7FE
:1000E0004C9CD2659D9E648A9F00000306B200026C
:1000F0000000000009F400005DF4000089F4000035
:100100002DF50000E9F5000000000000B1FE000040
:10011000C1FE0000D1FE000059FF0000790001007F
:1001200000000000F9F60000E9F6000001F7000009
:10013000D5F70000F5F900000000000029FB0000E1
:1001400069FB000091FB000065FC000069FC0000F9
:1001500000000000F5050100310601005106010014
:10016000D1F10000D90601000000000000000000ED
:1001700000000000D51F0100752301005D1D010076
:10018000111E0100691E0100191F0100BD1E0100A2
:10019000591F0100791D010000000000000000004F
:1001A000A521010075230100ED1F010009200100B8
:1001B000D12001005D200100B122010031210100A8
:1001C000EB1F010019000000190000001D000000D5
:1001D00009000000090000001A0000001A000000D9
:1001E00000000000100000000300000000010000FB
:1001F000FF000001000500000000000011000000E9
:100200000300000000010000FF00010101050100E2
:100210000000000007000000010000000A000000CC
:10022000070001040104070001000000160000009F
:100230000E00000004000000FF00FFFFFFFF0600AB
:10024000000000000E0000000E0000000001000091
:10025000FF00000200060E00000000000F0000007A
:100260000E00000000010000FF00010201060F0067
:100270000100000002000000010000000200000078
:100280000E00FFFFFFFF0200000000001200000050
:100290000E00000000010000FF0002010006020045
:1002A0000100000003000000010000000200000047
:1002B0000F00FFFFFFFF030000000000130000001D
:1002C0000E00000000010000FF0003010106030012
:1002D00000000000140000000E00000000020000FA
:1002E000FF000000FFFF04000000000015000000F8
:1002F0000E00000000020000FF000100FFFF0500EB
:1003000000000000170000000E00000000020000C6
:10031000FF000300FFFF07000000000016000000C0
:100320000E00000000020000FF000200FFFF0600B8
:1003300000000000020000000100000002000000B8
:100340000000FFFFFFFF02000000000005000000AA
:1003500001000000020000000500FFFFFFFF050094
:100360000100000008000000010000000200000081
:100370000200FFFFFFFF080001000000090000006D
:1003800001000000020000000300FFFFFFFF090062
:100390000000000004000000010000000A0000004E
:1003A0000400000300030400000000000600000039
:1003B000010000000A00000006000004000406001E
:1003C0000000000007000000010000000A0000001B
:1003D0000700010401040700000000000C000000F9
:1003E0000200000004000000FF00FFFF00050C00F9
:1003F000000000000D0000000200000004000000EA
:10040000FF00FFFF01050D000100000017000000C4
:100410000200000004000000FF00FFFFFFFF0700D4
:1004200000000000010000000300000008000000C0
:10043000FF000105010501000000000000000000B0
:100440000300000008000000FF0000050005000098
:10045000000000001B00000007000000000000007A
:10046000FF00FFFFFFFF0B0000000000180000006E
:100470000700000000000000FF00FFFFFFFF080072
:10048000000000001900000007000000000000004C
:10049000FF00FFFFFFFF0900000000000300000055
:1004A0000100000002000000FF00FFFFFFFF03004B
:1004B0000000000002000000010000000200000037
:1004C0001400FFFFFFFF0200000000000500000015
:1004D00001000000020000001500FFFFFFFF050003
:1004E000010000000A0000000700000000000000FA
:1004F000FF00FFFFFFFF0A00010000000B000000EB
:100500000700000000000000FF00FFFFFFFF0B00DE
:1005100000000000080000000700000000000000CC
:10052000FF00FFFFFFFF10000000000009000000B7
:100530000700000000000000FF00FFFFFFFF0900B0
:10054000000000000A00000007000000000000009A
:10055000FF00FFFFFFFF0A00000000000B0000008B
:100560000700000000000000FF00FFFFFFFF0B007E
:100570000D0A006E616E00696E66006F766600009F
:100580000030004007032E002F0030003100000033
:10059000003400400803320033003400350000000E
:1005A00000200141170336003700380039000000F1
:1005B0000040014118033A003B003C003D000000B0
:1005C0000000004322033E003F00400041000000C5
:1005D00000040043230342004300440045000000A0
:1005E000000000000000000039360100252A01004B
:1005F00055350100033501001F350100F9360100B2
:100600002F33010025330100A133010049330100DC
:1006100021330100000000000000000098060400E3
:100620002547010039470100EBAC0100EDAC0100AA
:10063000CD470100BD4601009D47010025AD0100E9
:100640002D4901006B4701005D4701007F47010014
:1006500021490100A947010000000000A406040090
:10066000114701004B47010053AD010055AD01009A
:1006700017480100E7460100A34701008DAD0100C6
:100680006F480100A748010061480100BB48010014
:10069000FD480100D9480100A4170400B006040079
:1006A0007C100400A4170400E60604008410040073
:1006B0004E395F5F676E755F637878313873746445
:1006C000696F5F73796E635F66696C6562756649B1
:1006D0006353743131636861725F747261697473FA
:1006E0004963454545004E395F5F676E755F6378C6
:1006F000783138737464696F5F73796E635F6669AC
:100700006C65627566497753743131636861725FF5
:100710007472616974734977454545006261736914
:10072000635F696F733A3A636C6561720000000041
:100730000000000050070400E9490100114A0100CF
:10074000000000005C070400FD490100234A01008D
:10075000A417040068070400AC070400A4170400F1
:100760008A070400AC07040053743962617369633B
:100770005F696F73496353743131636861725F7489
:1007800072616974734963454500537439626173DA
:1007900069635F696F73497753743131636861725C
:1007A0005F747261697473497745450044170400AA
:1007B000B4070400537438696F735F626173650036
:1007C00000000000AC0704002D4C0100654C010046
:1007D000E4070400F807040008000000000000001F
:1007E00030080400794C0100D94C0100F8FFFFFFEC
:1007F000F8FFFFFF30080400994C0100EB4C0100AA
:10080000140804002808040008000000000000008C
:1008100048080400A94C0100FB4C0100F8FFFFFF51
:10082000F8FFFFFF48080400C94C01000D4D01000E
:100830001C18040060080400000000000100000013
:100840005007040003F4FFFF1C18040063080400B1
:1008500000000000010000005C07040003F4FFFF3B
:100860005369005374313362617369635F697374F0
:100870007265616D497753743131636861725F7479
:1008800072616974734977454500252E2A4C6600CC
:10089000256D2F25642F25790025483A254D002503
:1008A000483A254D3A25530053743974696D655F94
:1008B000626173650000000044170400A80804008A
:1008C000537431306D6F6E65795F626173650000DE
:1008D00044170400C0080400537431336D6573730A
:1008E000616765735F62617365000000441704000F
:1008F000D808040053743132636F64656376745FA3
:10090000626173650000000044170400F4080400ED
:100910005374313063747970655F62617365000090
:10092000441704001009040000000000DC0B040060
:100930003D52010059520100BB5201003D530100DC
:10094000314F010000000000200C0400912502003E
:10095000B1250200174F01001F4F0100D1510100C6
:10096000E5510100F951010000000000E80B04000E
:1009700019500100D7500100A38801006D880100C3
:100980008D8D0100F990010065940100F19801003E
:10099000119D010071830100FD8301008984010024
:1009A0009B94010000000000F40B04002D50010096
:1009B000E9500100076C0100DF6B0100216E0100AE
:1009C000FF6F01005171010083730100B1750100D7
:1009D000496E010000000000980B04004150010026
:1009E000FB50010000000000800B04006D5201006C
:1009F000A952010000000000600B04000523020062
:100A000025230200B54E0100BB4E010081510100BB
:100A100095510100A9510100BD510100C14E0100D5
:100A2000C74E0100EF4E010000000000400B040023
:100A30003923020059230200534E0100594E010090
:100A40003151010045510100595101006D51010022
:100A50005F4E0100654E01008D4E01000000000058
:100A6000000C04000D520100295201002B4F01001F
:100A7000D92102002F4F010000000000BC0B040030
:100A80000000000000000000A5390100A5390100A8
:100A9000A5390100A5390100A5390100A5390100DA
:100AA000A539010000000000580C0400BD4F0100F2
:100AB000A1500100E1A7010065A8010000000000AD
:100AC000640C0400D14F0100B3500100896801009B
:100AD000A5690100000000004C0C04005550010005
:100AE0000D510100D9690100000000002C0C040028
:100AF000695001001F510100274F0100059F0100AF
:100B0000779F0100D19D01006B9E0100479D010070
:100B100000000000A40B0400454F01007D500100BF
:100B200000000000B00B0400814F01008F50010055
:100B3000000000008C0B0400E54F0100C5500100CF
:100B40001C180400700C04000000000002000000EB
:100B50002419040002000000D00804000200000074
:100B60001C180400860C04000000000002000000B5
:100B70002419040002000000D00804000200000054
:100B8000A41704009C0C040024190400A4170400FA
:100B9000AF0C040024190400A4170400C70C0400BF
:100BA00024190400A4170400E00C04002419040014
:100BB000A4170400FE0C0400241904001C180400EF
:100BC0001C0D0400000000000200000024190400B5
:100BD000020000000809040002000000A41704003D
:100BE000480D040024190400A4170400560D040045
:100BF00024190400A4170400900D04002419040013
:100C00001C180400CA0D04000000000002000000CF
:100C10002419040002000000EC0804000200000097
:100C2000A4170400D90D0400241904001C180400A2
:100C3000E80D040000000000020000002419040078
:100C400002000000B808040002000000A41704001D
:100C5000230E040024190400A41704005E0E0400EF
:100C600024190400A41704009A0E04002419040097
:100C7000537431306D6F6E657970756E637449634E
:100C80004C6230454500537431306D6F6E6579703C
:100C9000756E637449634C6231454500537431315C
:100CA0005F5F74696D6570756E6374496345005369
:100CB0007431365F5F6E756D70756E63745F6361FE
:100CC00063686549634500537431375F5F74696DCC
:100CD0006570756E63745F63616368654963450041
:100CE000537431385F5F6D6F6E657970756E6374C4
:100CF0005F636163686549634C62304545005374C6
:100D000031385F5F6D6F6E657970756E63745F63A8
:100D10006163686549634C62314545005374323301
:100D20005F5F636F64656376745F61627374726141
:100D300063745F6261736549636331305F6D6273D1
:100D4000746174655F744500537437636F6C6C61D4
:100D50007465496345005374376E756D5F676574DC
:100D60004963537431396973747265616D62756674
:100D70005F6974657261746F724963537431316372
:100D80006861725F747261697473496345454500B7
:100D90005374376E756D5F70757449635374313970
:100DA0006F73747265616D6275665F697465726197
:100DB000746F72496353743131636861725F747226
:100DC000616974734963454545005374386D6573B3
:100DD0007361676573496345005374386E756D7050
:100DE000756E63744963450053743874696D655F4B
:100DF0006765744963537431396973747265616DE1
:100E00006275665F6974657261746F724963537469
:100E10003131636861725F747261697473496345EB
:100E200045450053743874696D655F707574496326
:100E3000537431396F73747265616D6275665F6981
:100E400074657261746F72496353743131636861A0
:100E5000725F7472616974734963454545005374E8
:100E6000396D6F6E65795F676574496353743139A5
:100E70006973747265616D6275665F6974657261CC
:100E8000746F72496353743131636861725F747255
:100E9000616974734963454545005374396D6F6EDC
:100EA00065795F7075744963537431396F73747207
:100EB00065616D6275665F6974657261746F7249B0
:100EC0006353743131636861725F74726169747302
:100ED0004963454545000000EC0E0400000F040086
:100EE0000400000000000000380F0400D1A9010038
:100EF00029AA0100FCFFFFFFFCFFFFFF380F0400E1
:100F0000EDA901003BAA01001C0F0400300F0400F2
:100F10000400000000000000500F0400FDA90100C3
:100F20004BAA0100FCFFFFFFFCFFFFFF500F040076
:100F300019AA01005DAA01001C180400680F040032
:100F400000000000010000005007040003F4FFFF50
:100F50001C1804006B0F04000000000001000000DA
:100F60005C07040003F4FFFF536F005374313362D6
:100F7000617369635F6F73747265616D49775374F0
:100F80003131636861725F74726169747349774566
:100F900045006E6F7420656E6F75676820737061B1
:100FA000636520666F7220666F726D61742065786C
:100FB00070616E73696F6E2028506C656173652077
:100FC0007375626D69742066756C6C20627567203C
:100FD0007265706F72742061742068747470733AF3
:100FE0002F2F6763632E676E752E6F72672F627582
:100FF00067732F293A0A20202020000000000000FB
:101000007C100400BDAD0100EDAD0100EBAC0100B2
:10101000EDAC0100EFAC010005AD010021AD010018
:1010200025AD0100BDAE010029AD01002FAD0100CD
:1010300047AD010011AE01004DAD01000000000000
:1010400084100400D5AD0100FFAD010053AD0100D7
:1010500055AD010057AD01006DAD010089AD010036
:101060008DAD01000FAF010091AD010097AD010002
:10107000AFAD010063AE0100B5AD0100441704003F
:101080008C10040044170400B5100400537431356B
:1010900062617369635F73747265616D62756649DD
:1010A0006353743131636861725F74726169747320
:1010B00049634545005374313562617369635F73F9
:1010C000747265616D627566497753743131636816
:1010D00061725F74726169747349774545000000FD
:1010E00000000000F413040005B4010021B4010065
:1010F00083B4010009B50100FBB00100000000004D
:10110000B41304000000000000000000A539010035
:10111000A5390100A5390100A5390100A539010053
:10112000A5390100A5390100A5390100A539010043
:10113000A5390100A5390100A53901000000000012
:10114000381404006126020081260200E5B0010087
:10115000EBB0010021B30100ADB30100C1B3010048
:101160000000000000140400E1B101009FB2010082
:1011700097E9010061E9010061EE0100A9F10100B8
:10118000F1F4010059F9010055FD010085E4010069
:1011900011E501009DE5010027F5010000000000B8
:1011A0000C140400F5B10100B1B2010013CD01002F
:1011B000EDCC01001FCF0100E9D0010031D20100C8
:1011C00057D4010079D6010045CF0100000000008E
:1011D0009013040009B20100C3B201000000000036
:1011E0007813040035B4010071B401000000000060
:1011F000581304008D240200AD24020083B00100C6
:1012000089B001000DB3010071B3010085B3010085
:1012100099B301008FB0010095B00100BDB001008D
:101220000000000038130400C1240200E124020081
:1012300021B0010027B00100F9B2010035B301006F
:1012400049B301005DB301002DB0010033B00100CE
:101250005BB001000000000018140400D5B30100C9
:10126000F1B30100F5B00100E7210200F9B001007F
:1012700000000000D4130400000000000000000083
:10128000A5390100A5390100A5390100A5390100E2
:10129000A5390100A5390100A539010000000000B1
:1012A0007014040085B1010069B201002D0802002C
:1012B000B1080200000000007C14040099B1010094
:1012C0007BB2010039C9010041CA010000000000E1
:1012D000641404001DB20100D5B201009FD60100C4
:1012E000000000004414040031B20100E7B2010024
:1012F000F1B0010049FF0100BBFF010015FE010034
:10130000AFFE01008BFD0100000000009C130400F3
:101310000DB1010045B2010000000000A813040057
:1013200049B1010057B2010000000000841304001D
:10133000ADB101008DB201001C1804008814040036
:101340000000000002000000241904000200000058
:10135000D0080400020000001C1804009E140400C1
:101360000000000002000000241904000200000038
:10137000D008040002000000A4170400B414040004
:1013800024190400A4170400C7140400241904003D
:10139000A4170400DF14040024190400A417040097
:1013A000F814040024190400A417040016150400FE
:1013B000241904001C180400341504000000000067
:1013C00002000000241904000200000020090400AB
:1013D000020000001C180400511504000000000069
:1013E00002000000241904000200000008090400A3
:1013F00002000000A41704007D1504002419040055
:10140000A41704008B15040024190400A417040079
:10141000C5150400241904001C180400FF1504005D
:101420000000000002000000241904000200000077
:10143000EC08040002000000A41704000E160400CB
:10144000241904001C1804001D16040000000000EC
:10145000020000002419040002000000B808040083
:1014600002000000A4170400581604002419040008
:10147000A41704009316040024190400A417040000
:10148000CF16040024190400537431306D6F6E655B
:101490007970756E637449774C62304545005374BA
:1014A00031306D6F6E657970756E637449774C621B
:1014B00031454500537431315F5F74696D657075F6
:1014C0006E637449774500537431365F5F6E756D96
:1014D00070756E63745F6361636865497745005337
:1014E0007431375F5F74696D6570756E63745F63C7
:1014F0006163686549774500537431385F5F6D6F8C
:101500006E657970756E63745F6361636865497752
:101510004C6230454500537431385F5F6D6F6E65C6
:101520007970756E63745F636163686549774C6257
:1015300031454500537432315F5F63747970655F84
:1015400061627374726163745F6261736549774548
:1015500000537432335F5F636F64656376745F61F9
:10156000627374726163745F62617365497763313A
:10157000305F6D6273746174655F744500537437D6
:10158000636F6C6C617465497745005374376E7591
:101590006D5F676574497753743139697374726527
:1015A000616D6275665F6974657261746F724977A7
:1015B00053743131636861725F7472616974734925
:1015C00077454545005374376E756D5F7075744986
:1015D00077537431396F73747265616D6275665FCC
:1015E0006974657261746F724977537431316368DD
:1015F00061725F7472616974734977454545005340
:1016000074386D657373616765734977450053740A
:10161000386E756D70756E63744977450053743814
:1016200074696D655F67657449775374313969739F
:10163000747265616D6275665F6974657261746FFD
:1016400072497753743131636861725F7472616992
:10165000747349774545450053743874696D655F07
:101660007075744977537431396F73747265616D35
:101670006275665F6974657261746F7249775374DD
:101680003131636861725F7472616974734977455F
:101690004545005374396D6F6E65795F67657449B0
:1016A00077537431396973747265616D6275665F01
:1016B0006974657261746F7249775374313163680C
:1016C00061725F747261697473497745454500536F
:1016D00074396D6F6E65795F7075744977537431C5
:1016E000396F73747265616D6275665F6974657276
:1016F00061746F72497753743131636861725F74DA
:10170000726169747349774545450000A417040068
:1017100018170400C81704004E31305F5F637878F3
:10172000616269763131375F5F636C6173735F74D7
:101730007970655F696E666F45000000000000000B
:101740000C1704005D0A0200710A0200C90C0200B5
:10175000C90C0200DB0A02001D0A0200C30A0200D3
:10176000850A0200510A0200A4170400741704003D
:101770000C1704004E31305F5F63787861626976E0
:101780003132305F5F73695F636C6173735F74796B
:1017900070655F696E666F45000000000000000024
:1017A00068170400C90B0200DD0B0200C90C02001F
:1017B000C90C0200DB0A02001D0A02009D0C020097
:1017C000290C0200F10B020044170400D01704009A
:1017D000537439747970655F696E666F000000003C
:1017E000A4170400EC1704000C1704004E31305FFE
:1017F0005F637878616269763132315F5F766D69F7
:101800005F636C6173735F747970655F696E666F37
:101810004500000000000000E0170400F90C020081
:101820000D0D0200C90C0200C90C0200DB0A020007
:101830001D0A02002D100200C10D0200210D020040
:10184000254C66006C6F63616C653A3A666163654E
:10185000743A3A5F535F6372656174655F635F6C8E
:101860006F63616C65206E616D65206E6F742076AC
:10187000616C696400000000A41704009018040063
:10188000BC0B0400A4170400AB180400D41304001C
:10189000537437636F646563767449636331305F93
:1018A0006D6273746174655F744500537437636F60
:1018B000646563767449776331305F6D6273746118
:1018C00074655F7445000000000000007818040093
:1018D000B9130200DD1302008B13020099130200FA
:1018E0008B130200A1130200A5130200A91302002A
:1018F000A11302000000000084180400F11302008C
:101900001514020069140200991302002115020047
:1019100089150200B51302009B15020097150200FD
:1019200043000000441704002C1904004E53743681
:101930006C6F63616C6535666163657445002D2B62
:101940007858303132333435363738396162636430
:1019500065663031323334353637383941424344A5
:101960004546002D2B7858303132333435363738F0
:1019700039616263646566414243444546002D30E7
:1019800031323334353637383900474D54004853F7
:101990005400414B535400505354004D5354004392
:1019A00053540045535400415354004E5354004384
:1019B00045540049535400454554004A53540000CF
:1019C000470000004D00000054000000000000002F
:1019D0004800000053000000540000000000000018
:1019E000410000004B0000005300000054000000C4
:1019F00000000000500000005300000054000000F0
:101A0000000000004D0000005300000054000000E2
:101A100000000000430000005300000054000000DC
:101A200000000000450000005300000054000000CA
:101A300000000000410000005300000054000000BE
:101A4000000000004E0000005300000054000000A1
:101A500000000000430000004500000054000000AA
:101A60000000000049000000530000005400000086
:101A70000000000045000000450000005400000088
:101A8000000000004A000000530000005400000065
:101A90000000000002030004A0350020344B0020A9
:101AA00084350020284B00208C350020304B00204E
:101AB000A83500203C4B0020A4350020384B0020E6
:101AC000B0350020444B0020AC350020404B0020B6
:101AD000883500202C4B002000360020744B00205D
:101AE000E4350020684B0020EC350020704B0020CE
:101AF000083600207C4B002004360020784B002064
:101B000010360020844B00200C360020804B002033
:101B1000E83500206C4B00200000000000000000B1
:101B2000747275650066616C736500007400000076
:101B30007200000075000000650000000000000059
:101B400066000000610000006C00000073000000EF
:101B50006500000000000000504D0053756E646188
:101B600079004D6F6E6461790054756573646179B5
:101B7000005765646E6573646179005468757273AB
:101B800064617900467269646179005361747572A9
:101B90006461790053756E004D6F6E005475650079
:101BA000576564005468750046726900536174009B
:101BB0004A616E756172790046656272756172790B
:101BC000004D6172636800417072696C004D61790B
:101BD000004A756E65004A756C79004175677573CA
:101BE000740053657074656D626572004F63746F45
:101BF000626572004E6F76656D6265720044656362
:101C0000656D626572004A616E00466562004D61F5
:101C10007200417072004A756E004A756C00417521
:101C20006700536570004F6374004E6F7600446523
:101C300063000000250000006D0000002F00000080
:101C400025000000640000002F00000025000000B7
:101C5000790000000000000025000000480000009E
:101C60003A000000250000004D0000003A0000008E
:101C700025000000530000000000000041000000AB
:101C80004D00000000000000500000004D0000006A
:101C90000000000053000000750000006E0000000E
:101CA00064000000610000007900000000000000F6
:101CB0004D0000006F0000006E0000006400000096
:101CC00061000000790000000000000054000000E6
:101CD0007500000065000000730000006400000053
:101CE00061000000790000000000000057000000C3
:101CF00065000000640000006E0000006500000048
:101D00007300000064000000610000007900000022
:101D10000000000054000000680000007500000092
:101D20007200000073000000640000006100000009
:101D30007900000000000000460000007200000072
:101D400069000000640000006100000079000000EC
:101D5000000000005300000061000000740000005B
:101D600075000000720000006400000061000000C7
:101D70007900000000000000530000007500000022
:101D80006E000000000000004D0000006F00000029
:101D90006E0000000000000054000000750000000C
:101DA0006500000000000000570000006500000012
:101DB0006400000000000000540000006800000003
:101DC00075000000000000004600000072000000E6
:101DD00069000000000000005300000061000000E6
:101DE00074000000000000004A00000061000000D4
:101DF0006E0000007500000061000000720000002D
:101E000079000000000000004600000065000000AE
:101E10006200000072000000750000006100000018
:101E20007200000079000000000000004D0000007A
:101E30006100000072000000630000006800000004
:101E4000000000004100000070000000720000006F
:101E5000690000006C000000000000004D00000060
:101E60006100000079000000000000004A0000004E
:101E7000750000006E00000065000000000000001A
:101E80004A000000750000006C00000079000000AE
:101E90000000000041000000750000006700000025
:101EA00075000000730000007400000000000000D6
:101EB0005300000065000000700000007400000086
:101EC000650000006D000000620000006500000079
:101ED00072000000000000004F00000063000000DE
:101EE000740000006F000000620000006500000048
:101EF00072000000000000004E0000006F000000B3
:101F000076000000650000006D0000006200000027
:101F100065000000720000000000000044000000A6
:101F20006500000063000000650000006D00000017
:101F30006200000065000000720000000000000068
:101F40004A000000610000006E0000000000000078
:101F50004600000065000000620000000000000074
:101F60004D00000061000000720000000000000051
:101F7000410000007000000072000000000000003E
:101F80004A000000750000006E0000000000000024
:101F90004A000000750000006C0000000000000016
:101FA0004100000075000000670000000000000014
:101FB00053000000650000007000000000000000F9
:101FC0004F000000630000007400000000000000EB
:101FD0004E0000006F0000007600000000000000CE
:101FE00044000000650000006300000000000000E5
:101FF000EFBBBF000000000008210400000000004B
:1020000000000000A5390100A5390100A539010033
:10201000A5390100A5390100A5390100A539010044
:1020200000000000C82004000000000000000000C4
:10203000A5390100A5390100A5390100A539010024
:10204000A5390100A5390100A539010000000000F3
:10205000E82004000000000000000000A539010095
:10206000A5390100A5390100A5390100A5390100F4
:10207000A5390100A539010000000000A8200400D6
:102080000000000000000000A5390100A539010092
:10209000A5390100A5390100A5390100A5390100C4
:1020A000A5390100EFBBBF001C1804005821040033
:1020B00000000000020000002419040002000000DB
:1020C00008090400020000001C1804008621040016
:1020D00000000000020000002419040002000000BB
:1020E00008090400020000001C180400B3210400C9
:1020F000000000000200000024190400020000009B
:1021000008090400020000001C180400E12104007A
:10211000000000000200000024190400020000007A
:102120000809040002000000A41704000E220400A5
:10213000A8200400A41704002B220400C8200400D7
:10214000A417040047220400E8200400A417040098
:102150006422040008210400537432335F5F636F0C
:1021600064656376745F61627374726163745F62E5
:10217000617365494469447531305F6D62737461A0
:1021800074655F744500537432335F5F636F6465D9
:102190006376745F61627374726163745F626173AA
:1021A000654944696331305F6D6273746174655F62
:1021B000744500537432335F5F636F646563767494
:1021C0005F61627374726163745F626173654944D5
:1021D00073447531305F6D6273746174655F74450B
:1021E00000537432335F5F636F64656376745F615D
:1021F000627374726163745F62617365494473638F
:1022000031305F6D6273746174655F74450053743F
:1022100037636F6465637674494469447531305F30
:102220006D6273746174655F744500537437636FD6
:1022300064656376744944696331305F6D627374B9
:102240006174655F744500537437636F64656376CA
:1022500074494473447531305F6D627374617465A1
:102260005F744500537437636F64656376744944E3
:10227000736331305F6D6273746174655F744500C0
:102280000000000028210400CD320200E1320200EB
:10229000E12E02005D2B020009320200512B0200E8
:1022A000552B0200D9310200592B0200000000001A
:1022B000342104007D3202009132020031330200E9
:1022C000492B0200912F0200512B0200552B0200D6
:1022D000F12F0200592B02000000000040210400F1
:1022E000A5320200B9320200653102005D2B020006
:1022F00061330200512B0200552B0200992E02007F
:10230000592B0200000000004C210400553202004D
:102310006932020065340200492B02009530020048
:10232000512B0200552B02001D310200592B0200D7
:1023300063616E6E6F74206372656174652073688B
:10234000696D20666F7220756E6B6E6F776E206C94
:102350006F63616C653A3A666163657400756E69B6
:102360006E697469616C697A6564205F5F616E791A
:102370005F737472696E67004E5374366C6F63617D
:102380006C65356661636574365F5F7368696D455A
:102390000000000044170400782304001C18040007
:1023A0009C2504000000000002000000DC0B04007B
:1023B0000200000094230400020C00001C1804001A
:1023C000D02504000000000002000000F413040007
:1023D0000200000094230400020C00001C180400FA
:1023E000042604000000000002000000000C0400AD
:1023F0000200000094230400021000001C180400D6
:102400003926040000000000020000001814040037
:102410000200000094230400021000001C180400B5
:102420006E2604000000000002000000200C0400E2
:102430000200000094230400020C00001C18040099
:10244000A32604000000000002000000381404006D
:102450000200000094230400020C00001C18040079
:10246000D826040000000000020000002C0C04002C
:102470000200000094230400020800001C1804005D
:102480000D270400000000000200000044140400B6
:102490000200000094230400020800001C1804003D
:1024A000422704000000000002000000580C040055
:1024B0000200000094230400020800001C1804001D
:1024C00078270400000000000200000070140400DF
:1024D0000200000094230400020800001C180400FD
:1024E000AE2704000000000002000000640C04009D
:1024F0000200000094230400020800001C180400DD
:10250000E427040000000000020000007C14040026
:102510000200000094230400020800001C180400BC
:102520001A2804000000000002000000400B040014
:102530000200000094230400020C00001C18040098
:10254000552804000000000002000000600B040099
:102550000200000094230400020C00001C18040078
:10256000902804000000000002000000381304005E
:102570000200000094230400020C00001C18040058
:10258000CB280400000000000200000058130400E3
:102590000200000094230400020C00002A4E537431
:1025A00031335F5F66616365745F7368696D733152
:1025B000325F474C4F42414C5F5F4E5F3131326377
:1025C0006F6C6C6174655F7368696D496345450044
:1025D0002A4E537431335F5F66616365745F73685D
:1025E000696D7331325F474C4F42414C5F5F4E5FC4
:1025F000313132636F6C6C6174655F7368696D490A
:10260000774545002A4E537431335F5F66616365D9
:10261000745F7368696D7331325F474C4F42414C50
:102620005F5F4E5F3131336D657373616765735FF3
:102630007368696D49634545002A4E537431335FB1
:102640005F66616365745F7368696D7331325F479C
:102650004C4F42414C5F5F4E5F3131336D65737358
:10266000616765735F7368696D49774545002A4EF8
:10267000537431335F5F66616365745F7368696D5E
:102680007331325F474C4F42414C5F5F4E5F313197
:10269000336E756D70756E63745F7368696D4963D1
:1026A0004545002A4E537431335F5F66616365743C
:1026B0005F7368696D7331325F474C4F42414C5FC5
:1026C0005F4E5F3131336E756D70756E63745F731D
:1026D00068696D49774545002A4E537431335F5F11
:1026E00066616365745F7368696D7331325F474C0F
:1026F0004F42414C5F5F4E5F31313374696D655FAE
:102700006765745F7368696D49634545002A4E5378
:102710007431335F5F66616365745F7368696D739D
:1027200031325F474C4F42414C5F5F4E5F31313336
:1027300074696D655F6765745F7368696D49774536
:1027400045002A4E537431335F5F66616365745F81
:102750007368696D7331325F474C4F42414C5F5F24
:102760004E5F3131346D6F6E65795F6765745F738D
:1027700068696D49634545002A4E537431335F5F84
:1027800066616365745F7368696D7331325F474C6E
:102790004F42414C5F5F4E5F3131346D6F6E6579F2
:1027A0005F6765745F7368696D49774545002A4EB8
:1027B000537431335F5F66616365745F7368696D1D
:1027C0007331325F474C4F42414C5F5F4E5F313156
:1027D000346D6F6E65795F7075745F7368696D498C
:1027E000634545002A4E537431335F5F666163650C
:1027F000745F7368696D7331325F474C4F42414C6F
:102800005F5F4E5F3131346D6F6E65795F707574E7
:102810005F7368696D49774545002A4E53743133BB
:102820005F5F66616365745F7368696D7331325FA2
:10283000474C4F42414C5F5F4E5F3131356D6F6E9B
:10284000657970756E63745F7368696D49634C6216
:1028500030454545002A4E537431335F5F666163EE
:1028600065745F7368696D7331325F474C4F4241E5
:102870004C5F5F4E5F3131356D6F6E657970756E8F
:1028800063745F7368696D49634C62314545450007
:102890002A4E537431335F5F66616365745F73689A
:1028A000696D7331325F474C4F42414C5F5F4E5F01
:1028B0003131356D6F6E657970756E63745F7368F5
:1028C000696D49774C6230454545002A4E53743155
:1028D000335F5F66616365745F7368696D7331321E
:1028E0005F474C4F42414C5F5F4E5F3131356D6FFA
:1028F0006E657970756E63745F7368696D49774C46
:102900006231454545000000000000009C230400A2
:10291000393E0200553E0200E537020091490200AF
:10292000314F010000000000BC230400C93E02003A
:10293000E53E0200233A0200814C0200FBB0010098
:1029400000000000DC230400293D0200453D020098
:10295000073A0200BB490200FB39020000000000F8
:10296000FC230400093E0200253E0200433C020015
:10297000AB4C0200373C0200000000001C240400A5
:10298000793C02009D3C0200174F01001F4F0100DF
:10299000D1510100E5510100F95101000000000092
:1029A0003C240400593D02007D3D0200E5B00100D9
:1029B000EBB0010021B30100ADB30100C1B30100D0
:1029C000000000005C240400593F0200753F020033
:1029D0004939020007390200C53802008338020075
:1029E00041380200FF370200000000007C24040090
:1029F000893F0200A53F0200873B0200453B0200E1
:102A0000033B0200C13A02007F3A02003D3A020055
:102A1000000000009C240400693E0200853E020084
:102A2000533902005B4A020000000000BC2404008D
:102A3000F93E0200153F0200913B0200474D0200A3
:102A400000000000DC240400993E0200B53E0200B4
:102A5000C3390200094B020000000000FC240400FE
:102A6000293F0200453F0200013C0200F94D0200EF
:102A7000000000001C250400ED3C0200153D020092
:102A8000534E0100594E01003151010045510100E2
:102A9000595101006D5101005F4E0100654E01006A
:102AA0008D4E0100000000003C250400B13C0200F6
:102AB000D93C0200B54E0100BB4E0100815101001E
:102AC00095510100A9510100BD510100C14E010005
:102AD000C74E0100EF4E0100000000005C2504001D
:102AE000CD3D0200F53D020021B0010027B00100FC
:102AF000F9B2010035B3010049B301005DB3010033
:102B00002DB0010033B001005BB0010000000000F7
:102B10007C250400913D0200B93D020083B0010014
:102B200089B001000DB3010071B3010085B301004C
:102B300099B301008FB0010095B00100BDB0010054
:102B400025733A205F5F706F732028776869636828
:102B500020697320257A7529203E20746869732DB9
:102B60003E73697A65282920287768696368206937
:102B70007320257A75290062617369635F737472CB
:102B8000696E673A3A636F70790062617369635F77
:102B9000737472696E673A3A5F535F63726561740A
:102BA000650062617369635F737472696E673A3A54
:102BB00065726173650062617369635F73747269E2
:102BC0006E673A3A5F4D5F7265706C6163655F6115
:102BD00075780062617369635F737472696E673AD6
:102BE0003A696E736572740062617369635F7374CE
:102BF00072696E673A3A61737369676E00626173F6
:102C000069635F737472696E673A3A617070656E7A
:102C1000640062617369635F737472696E673A3AE4
:102C2000726573697A650062617369635F73747258
:102C3000696E673A3A5F535F636F6E737472756360
:102C400074206E756C6C206E6F742076616C696494
:102C5000000000001C180400802C0400000000008C
:102C600002000000241904000200000020090400F2
:102C700002000000A41704008C2C0400B41304000C
:102C800053743563747970654963450053743563D3
:102C9000747970654977450000000000542C0400E9
:102CA000195E0200415E0200795F0200895F020046
:102CB000A95F0200B95F02000F5E0200675E0200BA
:102CC000135E0200535E020000000000742C04003A
:102CD0007D5E0200A15E0200B5600200F1600200AC
:102CE0003B61020065610200756002007B600200CA
:102CF000956002009B6002008F61020097610200F4
:102D0000B3610200D76102007072696E7400636E75
:102D100074726C007570706572006C6F776572000C
:102D2000616C7068610070756E63740078646967C7
:102D3000697400616C6E756D006772617068000087
:102D400000000000A02E04003D640200596402004F
:102D5000E96502006B64020081630200000000006C
:102D6000CC2E040039D5020059D502006763020059
:102D70006F630200B9650200C9650200D9650200EF
:102D800000000000802E0400ADD20200CDD202006F
:102D9000056302000B630200796502008965020089
:102DA00099650200A9650200116302001763020021
:102DB0003F63020000000000602E0400E1D2020028
:102DC00001D30200A3620200A96202003965020079
:102DD000496502005965020069650200AF620200A0
:102DE000B5620200DD62020000000000AC2E0400AB
:102DF0000D640200296402007B63020077D10200A7
:102E00007F63020000000000F82E040095630200BA
:102E1000A9630200918402001F85020000000000E7
:102E2000042F0400BD630200D1630200A96E0200FA
:102E3000BD6F020000000000D82E0400E563020010
:102E4000F9630200776302002F7B02009D7B020082
:102E5000FB790200957A0200717902000B7C020076
:102E60001C180400102F04000000000002000000E5
:102E70002419040002000000D00804000200000031
:102E80001C180400302F04000000000002000000A5
:102E90002419040002000000D00804000200000011
:102EA000A4170400502F0400241904001C18040067
:102EB000682F040000000000020000002419040034
:102EC00002000000EC08040002000000A417040047
:102ED000812F0400241904001C1804009A2F0400F8
:102EE000000000000200000024190400020000009D
:102EF000B808040002000000A4170400DF2F04003B
:102F000024190400A4170400253004002419040027
:102F10004E5374375F5F637878313131306D6F6E47
:102F2000657970756E637449634C62304545450040
:102F30004E5374375F5F637878313131306D6F6E27
:102F4000657970756E637449634C6231454545001F
:102F50004E5374375F5F637878313137636F6C6CD1
:102F600061746549634545004E5374375F5F63780C
:102F7000783131386D6573736167657349634545B1
:102F8000004E5374375F5F6378783131386E756DFA
:102F900070756E637449634545004E5374375F5FC7
:102FA00063787831313874696D655F67657449633A
:102FB000537431396973747265616D6275665F69E6
:102FC00074657261746F72496353743131636861FF
:102FD000725F747261697473496345454545004E7B
:102FE0005374375F5F6378783131396D6F6E65790F
:102FF0005F676574496353743139697374726561CD
:103000006D6275665F6974657261746F724963534E
:10301000743131636861725F74726169747349639A
:1030200045454545004E5374375F5F6378783131CD
:10303000396D6F6E65795F7075744963537431399A
:103040006F73747265616D6275665F6974657261D4
:10305000746F72496353743131636861725F747263
:103060006169747349634545454500001C180400B7
:103070006C3204000000000002000000A02E0400DA
:103080000200000094230400020C00001C1804003D
:10309000A0320400000000000200000078390400A3
:1030A0000200000094230400020C00001C1804001D
:1030B000D43204000000000002000000AC2E040026
:1030C0000200000094230400021000001C180400F9
:1030D00009330400000000000200000084390400ED
:1030E0000200000094230400021000001C180400D9
:1030F0003E3304000000000002000000CC2E04005B
:103100000200000094230400020C00001C180400BC
:10311000733304000000000002000000A439040022
:103120000200000094230400020C00001C1804009C
:10313000A83304000000000002000000D82E0400A4
:103140000200000094230400020800001C18040080
:10315000DD3304000000000002000000B03904006C
:103160000200000094230400020800001C18040060
:10317000123404000000000002000000F82E0400D9
:103180000200000094230400020800001C18040040
:10319000483404000000000002000000D0390400A0
:1031A0000200000094230400020800001C18040020
:1031B0007E3404000000000002000000042F040020
:1031C0000200000094230400020800001C18040000
:1031D000B43404000000000002000000DC390400E8
:1031E0000200000094230400020800001C180400E0
:1031F000EA3404000000000002000000602E040019
:103200000200000094230400020C00001C180400BB
:10321000253504000000000002000000802E04009C
:103220000200000094230400020C00001C1804009B
:10323000603504000000000002000000383904007E
:103240000200000094230400020C00001C1804007B
:103250009B35040000000000020000005839040003
:103260000200000094230400020C00002A4E537454
:1032700031335F5F66616365745F7368696D733175
:10328000325F474C4F42414C5F5F4E5F313132639A
:103290006F6C6C6174655F7368696D496345450067
:1032A0002A4E537431335F5F66616365745F736880
:1032B000696D7331325F474C4F42414C5F5F4E5FE7
:1032C000313132636F6C6C6174655F7368696D492D
:1032D000774545002A4E537431335F5F66616365FD
:1032E000745F7368696D7331325F474C4F42414C74
:1032F0005F5F4E5F3131336D657373616765735F17
:103300007368696D49634545002A4E537431335FD4
:103310005F66616365745F7368696D7331325F47BF
:103320004C4F42414C5F5F4E5F3131336D6573737B
:10333000616765735F7368696D49774545002A4E1B
:10334000537431335F5F66616365745F7368696D81
:103350007331325F474C4F42414C5F5F4E5F3131BA
:10336000336E756D70756E63745F7368696D4963F4
:103370004545002A4E537431335F5F66616365745F
:103380005F7368696D7331325F474C4F42414C5FE8
:103390005F4E5F3131336E756D70756E63745F7340
:1033A00068696D49774545002A4E537431335F5F34
:1033B00066616365745F7368696D7331325F474C32
:1033C0004F42414C5F5F4E5F31313374696D655FD1
:1033D0006765745F7368696D49634545002A4E539C
:1033E0007431335F5F66616365745F7368696D73C1
:1033F00031325F474C4F42414C5F5F4E5F3131335A
:1034000074696D655F6765745F7368696D49774559
:1034100045002A4E537431335F5F66616365745FA4
:103420007368696D7331325F474C4F42414C5F5F47
:103430004E5F3131346D6F6E65795F6765745F73B0
:1034400068696D49634545002A4E537431335F5FA7
:1034500066616365745F7368696D7331325F474C91
:103460004F42414C5F5F4E5F3131346D6F6E657915
:103470005F6765745F7368696D49774545002A4EDB
:10348000537431335F5F66616365745F7368696D40
:103490007331325F474C4F42414C5F5F4E5F313179
:1034A000346D6F6E65795F7075745F7368696D49AF
:1034B000634545002A4E537431335F5F666163652F
:1034C000745F7368696D7331325F474C4F42414C92
:1034D0005F5F4E5F3131346D6F6E65795F7075740B
:1034E0005F7368696D49774545002A4E53743133DF
:1034F0005F5F66616365745F7368696D7331325FC6
:10350000474C4F42414C5F5F4E5F3131356D6F6EBE
:10351000657970756E63745F7368696D49634C6239
:1035200030454545002A4E537431335F5F66616311
:1035300065745F7368696D7331325F474C4F424108
:103540004C5F5F4E5F3131356D6F6E657970756EB2
:1035500063745F7368696D49634C6231454545002A
:103560002A4E537431335F5F66616365745F7368BD
:10357000696D7331325F474C4F42414C5F5F4E5F24
:103580003131356D6F6E657970756E63745F736818
:10359000696D49774C6230454545002A4E53743178
:1035A000335F5F66616365745F7368696D73313241
:1035B0005F474C4F42414C5F5F4E5F3131356D6F1D
:1035C0006E657970756E63745F7368696D49774C69
:1035D0006231454545000000000000006C300400E9
:1035E000E98C0200058D02009D8602009F98020072
:1035F00081630200000000008C300400798D02001D
:10360000958D0200D7880200979B0200E79E02007A
:1036100000000000AC300400D98B0200F58B0200E2
:10362000BF8802004F990200B3880200000000002A
:10363000CC300400B98C0200D58C0200F78A02005D
:10364000479C0200EB8A020000000000EC300400FE
:10365000298B02004D8B0200676302006F6302003A
:10366000B9650200C9650200D965020000000000CA
:103670000C310400098C02002D8C0200D19E020046
:10368000D79E02001BA0020079A1020089A10200BE
:10369000000000002C310400098E0200258E02007B
:1036A00001880200BF8702007D8702003B8702007D
:1036B000F9860200B78602000B7C020000000000C1
:1036C0004C310400398E0200558E02003B8A020004
:1036D000F9890200B7890200758902003389020066
:1036E000F188020087B70200000000006C3104007E
:1036F000198D0200358D02000B880200C998020066
:10370000000000008C310400A98D0200C58D02006C
:10371000458A0200C19B020000000000AC31040099
:10372000498D0200658D02007B880200719A0200BB
:1037300000000000CC310400D98D0200F58D02009C
:10374000B58A0200699D020000000000EC3104000F
:103750009D8B0200C58B0200A3620200A9620200D9
:103760003965020049650200596502006965020079
:10377000AF620200B5620200DD62020000000000DC
:103780000C320400618B0200898B02000563020089
:103790000B630200796502008965020099650200E9
:1037A000A965020011630200176302003F63020073
:1037B000000000002C3204007D8C0200A58C020069
:1037C0000D9E0200139E0200FB9F020019A1020041
:1037D00029A1020039A10200199E02001F9E0200C9
:1037E000479E0200000000004C320400418C0200A1
:1037F000698C02006F9E0200759E02000BA0020001
:1038000049A1020059A1020069A102007B9E0200A9
:10381000819E0200A99E0200000000007839040089
:10382000A19F0200BD9F020099A102002BA00200EF
:10383000E79E020000000000A439040009D602003F
:1038400029D60200D19E0200D79E02001BA00200D2
:1038500079A1020089A1020000000000583904008B
:1038600035D4020055D402006F9E0200759E0200FE
:103870000BA0020049A1020059A1020069A10200A7
:103880007B9E0200819E0200A99E020000000000B3
:103890003839040069D4020089D402000D9E020068
:1038A000139E0200FB9F020019A1020029A1020041
:1038B00039A10200199E02001F9E0200479E0200CD
:1038C0000000000084390400719F02008D9F0200F7
:1038D000E19E020085D10200E59E0200000000008A
:1038E000D0390400F99E02000D9F0200F5BF0200CE
:1038F00083C0020000000000DC390400219F0200A8
:10390000359F02003DAA020039AB02000000000012
:10391000B0390400499F02005D9F0200DD9E020055
:10392000ABB6020019B7020077B5020011B602006B
:10393000EDB4020087B702001C180400E839040047
:103940000000000002000000241904000200000032
:10395000D0080400020000001C180400083A04000B
:103960000000000002000000241904000200000012
:10397000D008040002000000A4170400283A040044
:10398000241904001C180400403A04000000000040
:10399000020000002419040002000000EC080400EA
:1039A00002000000A4170400593A0400241904007E
:1039B0001C180400723A040000000000020000001D
:1039C0002419040002000000B808040002000000EE
:1039D000A4170400B73A040024190400A417040033
:1039E000FD3A0400241904004E5374375F5F637876
:1039F00078313131306D6F6E657970756E637449F1
:103A0000774C6230454545004E5374375F5F6378AD
:103A100078313131306D6F6E657970756E637449D0
:103A2000774C6231454545004E5374375F5F63788C
:103A300078313137636F6C6C617465497745450047
:103A40004E5374375F5F6378783131386D657373C7
:103A50006167657349774545004E5374375F5F630F
:103A600078783131386E756D70756E63744977454D
:103A700045004E5374375F5F63787831313874692D
:103A80006D655F6765744977537431396973747212
:103A900065616D6275665F6974657261746F7249A4
:103AA0007753743131636861725F747261697473E2
:103AB000497745454545004E5374375F5F637878D5
:103AC0003131396D6F6E65795F676574497753740D
:103AD00031396973747265616D6275665F697465A9
:103AE0007261746F72497753743131636861725FC8
:103AF000747261697473497745454545004E537446
:103B0000375F5F6378783131396D6F6E65795F70DB
:103B100075744977537431396F73747265616D626E
:103B200075665F6974657261746F72497753743139
:103B300031636861725F7472616974734977454576
:103B400045450062617369635F737472696E673AB9
:103B50003A5F4D5F637265617465006261736963AA
:103B60005F737472696E673A3A5F4D5F7265706C2D
:103B70006163650062617369635F737472696E6724
:103B80003A3A5F4D5F636F6E737472756374206E43
:103B9000756C6C206E6F742076616C69640067656B
:103BA0006E65726963000000A4170400C83B04003E
:103BB000C03B0400A4170400F13B0400C03B040018
:103BC000441704001B3C04002A4E31325F474C4F1F
:103BD00042414C5F5F4E5F31323173797374656D72
:103BE0005F6572726F725F63617465676F7279454A
:103BF000002A4E31325F474C4F42414C5F5F4E5F6F
:103C000031323267656E657269635F6572726F72B9
:103C10005F63617465676F727945004E5374335FFB
:103C2000563231346572726F725F63617465676FAB
:103C30007279450000000000A83B0400E5C90200BD
:103C4000E9C9020021C9020001CA020025CA020016
:103C500029C90200A7C90200D1C902000000000062
:103C6000B43B0400E7C90200F5C9020019C902000B
:103C700001CA020025CA0200A1C90200A7C90200A8
:103C8000D1C90200706F7700000000000000000042
:103C9000000000000000304300000000000030C3BE
:103CA0002C2066756E6374696F6E3A2000617373C1
:103CB000657274696F6E2022257322206661696CBB
:103CC00065643A2066696C6520222573222C206C7D
:103CD000696E65202564257325730A000020202065
:103CE00020202020202028282828282020202020AC
:103CF000202020202020202020202020208810107C
:103D000010101010101010101010101010040404D7
:103D10000404040404040410101010101010414195
:103D20004141414101010101010101010101010183
:103D30000101010101010101101010101010424297
:103D40004242424202020202020202020202020253
:103D500002020202020202021010101020000000F3
:103D60000000000000000000000000000000000053
:103D70000000000000000000000000000000000043
:103D80000000000000000000000000000000000033
:103D90000000000000000000000000000000000023
:103DA0000000000000000000000000000000000013
:103DB0000000000000000000000000000000000003
:103DC00000000000000000000000000000000000F3
:103DD00000000000000000000000000000000000E3
:103DE00000000000000000000000000000000000D3
:103DF00000000000000000000000000000000000C3
:103E000000000000000000000000000000000000B2
:103E100000000000000000000000000000000000A2
:103E20000000000000000000000000000000000092
:103E30000000000000000000000000000000000082
:103E4000C00F0020504F53495800232D302B200025
:103E5000686C4C0065666745464700494E46004E13
:103E6000414E003031323334353637383961626390
:103E7000646566004E6F74206F776E6572004E6FDA
:103E800020737563682066696C65206F72206469B1
:103E9000726563746F7279004E6F2073756368206A
:103EA00070726F6365737300496E746572727570BA
:103EB0007465642073797374656D2063616C6C0044
:103EC000492F4F206572726F72004E6F20737563B9
:103ED0006820646576696365206F7220616464722E
:103EE00065737300417267206C69737420746F6F1F
:103EF000206C6F6E67004578656320666F726D6138
:103F000074206572726F7200536F636B6574206109
:103F10006C726561647920636F6E6E65637465644D
:103F2000004261642066696C65206E756D62657221
:103F3000004E6F206368696C6472656E004465733F
:103F400074696E6174696F6E206164647265737305
:103F5000207265717569726564004E6F206D6F72B5
:103F6000652070726F636573736573004E6F7420A4
:103F7000656E6F7567682073706163650050657268
:103F80006D697373696F6E2064656E696564004264
:103F9000616420616464726573730044657669636B
:103FA00065206F72207265736F757263652062752C
:103FB00073790046696C6520657869737473004392
:103FC000726F73732D646576696365206C696E6BBF
:103FD000004E6F20737563682064657669636500C1
:103FE0004E6F742061206469726563746F7279002A
:103FF000486F737420697320646F776E00436F6E2F
:104000006E656374696F6E20616C7265616479209E
:10401000696E2070726F67726573730049732061F7
:10402000206469726563746F727900496E76616CA1
:10403000696420617267756D656E74004E65747792
:104040006F726B20696E7465726661636520697357
:10405000206E6F7420636F6E6669677572656400A9
:10406000436F6E6E656374696F6E2061626F727408
:104070006564206279206E6574776F726B00546F8F
:104080006F206D616E79206F70656E2066696C655A
:104090007320696E2073797374656D0046696C6571
:1040A0002064657363726970746F722076616C75D9
:1040B0006520746F6F206C61726765004E6F7420AD
:1040C00061206368617261637465722064657669FA
:1040D000636500546578742066696C652062757349
:1040E000790046696C6520746F6F206C617267653A
:1040F00000486F737420697320756E726561636820
:1041000061626C65004E6F207370616365206C6541
:104110006674206F6E20646576696365004E6F7407
:1041200020737570706F7274656400496C6C65679C
:10413000616C207365656B00526561642D6F6E6CF8
:10414000792066696C652073797374656D00546FAE
:104150006F206D616E79206C696E6B730042726FB7
:104160006B656E2070697065004D617468656D6186
:104170007469637320617267756D656E74206F7505
:1041800074206F6620646F6D61696E206F662066B3
:10419000756E6374696F6E00526573756C7420740C
:1041A0006F6F206C61726765004E6F206D65737371
:1041B000616765206F662064657369726564207449
:1041C000797065004964656E74696669657220720C
:1041D000656D6F76656400496C6C6567616C206223
:1041E0007974652073657175656E636500446561FA
:1041F000646C6F636B004E6574776F726B206973CC
:1042000020756E726561636861626C65004E6F2037
:104210006C6F636B004E6F74206120737472656104
:104220006D0053747265616D20696F63746C2074E6
:10423000696D656F7574004E6F2073747265616D82
:10424000207265736F757263657300566972747559
:10425000616C206369726375697420697320676F8C
:104260006E650050726F746F636F6C206572726F51
:104270007200556E6B6E6F776E2070726F746F6325
:104280006F6C004D756C7469686F70206174746533
:104290006D7074656400426164206D65737361675D
:1042A000650046756E6374696F6E206E6F74206969
:1042B0006D706C656D656E746564004469726563EC
:1042C000746F7279206E6F7420656D70747900461A
:1042D000696C65206F722070617468206E616D6515
:1042E00020746F6F206C6F6E6700546F6F206D616C
:1042F0006E792073796D626F6C6963206C696E6B87
:1043000073004E6F2062756666657220737061631C
:104310006520617661696C61626C65004E6F206436
:1043200061746100416464726573732066616D69D4
:104330006C79206E6F7420737570706F7274656421
:104340002062792070726F746F636F6C2066616D8C
:10435000696C790050726F746F636F6C2077726F45
:104360006E67207479706520666F7220736F636B5F
:10437000657400536F636B6574206F706572617450
:10438000696F6E206F6E206E6F6E2D736F636B653D
:10439000740050726F746F636F6C206E6F74206165
:1043A0007661696C61626C6500436F6E6E65637403
:1043B000696F6E207265667573656400436F6E6E1B
:1043C000656374696F6E207265736574206279200D
:1043D00070656572004164647265737320616C720C
:1043E0006561647920696E2075736500416464724B
:1043F000657373206E6F7420617661696C61626CA5
:104400006500536F667477617265206361757365CB
:104410006420636F6E6E656374696F6E2061626F96
:10442000727400536F636B6574206973206E6F74D0
:1044300020636F6E6E656374656400536F636B65B4
:104440007420697320616C726561647920636F6E9A
:104450006E6563746564004F7065726174696F6E38
:104460002063616E63656C656400537461746520DC
:104470006E6F74207265636F76657261626C650041
:1044800050726576696F7573206F776E6572206400
:10449000696564004F7065726174696F6E206E6F3C
:1044A0007420737570706F72746564206F6E207302
:1044B0006F636B65740056616C756520746F6F2057
:1044C0006C6172676520666F7220646566696E65EF
:1044D0006420646174612074797065004D65737344
:1044E00061676520746F6F206C6F6E6700436F6E3D
:1044F0006E656374696F6E2074696D6564206F7595
:10450000740053756363657373002573252E2A64E5
:1045100000257325302E2A64002B00252E32642FAF
:10452000252E32642F252E326400256C7500592DFE
:10453000256D2D2564002E2A7500252E3364002557
:104540006C6C6400252E32643A252E32643A252E96
:10455000326400252B30336C64252E326C640000ED
:1045600035000000CEFBFFFFCB0300000100000080
:104570000000000034000000CEFBFFFFCB03000072
:104580000100000000000000BC89D897B2D29C3C1A
:1045900033A7A8D523F649393DA7F444FD0FA5322A
:1045A0009D978CCF08BA5B25436FAC6428066811D1
:1045B00025612025622025652025483A254D3A258C
:1045C0005320255900256120256220256520254896
:1045D0003A254D3A255320255A202559006D64006F
:1045E00025493A254D3A255320257000061C040024
:1045F0000A1C04000E1C0400121C0400CD1B040045
:10460000161C04001A1C04001E1C0400221C0400BA
:10461000261C04002A1C04002E1C0400B01B0400ED
:10462000B81B0400C11B0400C71B0400CD1B040001
:10463000D11B0400D61B0400DB1B0400E21B04009A
:10464000EC1B0400F41B0400FD1B0400941B04007D
:10465000981B04009C1B0400A01B0400A41B040066
:10466000A81B0400AC1B04005B1B0400621B0400BD
:10467000691B0400711B04007B1B0400841B0400E5
:104680008B1B04009F08040090080400B045040040
:10469000CCC30300581B0400C5450400B01B040034
:1046A000B81B0400C11B0400C71B0400CD1B040081
:1046B000D11B0400D61B0400DB1B0400E21B04001A
:1046C000EC1B0400F41B0400FD1B0400DD4504008A
:1046D000E045040031C1030031C1030031C10300D2
:1046E00031C1030031C10300545A002531305B5EF3
:1046F000302D392C2B2D5D256E004D256875256ECE
:104700002E256875256E2E256875256E002F256867
:1047100075256E3A256875256E3A256875256E00F3
:104720002500000073000000250000002E0000009E
:104730002A000000640000000000000025000000C6
:104740007300000025000000300000002E00000073
:104750002A000000640000000000000025000000A6
:10476000320000006400000000000000250000008E
:104770002E00000032000000640000002F00000046
:10478000250000002E000000320000006400000040
:104790002F000000250000002E0000003200000065
:1047A0006400000000000000250000006C00000014
:1047B0007500000000000000590000002D000000FE
:1047C000250000006D0000002D0000002500000005
:1047D00064000000000000002E0000002A0000001D
:1047E0007500000000000000250000002E00000001
:1047F00033000000640000000000000025000000FD
:104800006C0000006C00000064000000000000006C
:10481000250000002E0000003200000064000000AF
:104820003A000000250000002E00000032000000C9
:10483000640000003A000000250000002E00000087
:1048400032000000640000000000000025000000AD
:104850002B00000030000000330000006C0000005E
:1048600064000000250000002E000000320000005F
:104870006C0000006400000000000000626C616ECB
:104880006B00496E66696E697479004E614E000076
:10489000C188030031C10300F011002000000000B6
:1048A0000080E03779C34143176E05B5B5B893462C
:1048B000F5F93FE9034F384D321D30F94877825AF8
:1048C0003CBF737FDD4F1575000000000000F03F16
:1048D00000000000000024400000000000005940DB
:1048E0000000000000408F40000000000088C3402E
:1048F00000000000006AF8400000000080842E41A3
:1049000000000000D01263410000000084D79741EE
:104910000000000065CDCD41000000205FA00242F4
:10492000000000E876483742000000A2941A6D4269
:10493000000040E59C30A2420000901EC4BCD6425C
:1049400000003426F56B0C430080E03779C3414307
:1049500000A0D8855734764300C84E676DC1AB437D
:10496000003D9160E458E143408CB5781DAF15449B
:1049700050EFE2D6E41A4B4492D54D06CFF0804476
:10498000F64AE1C7022DB544B49DD9794378EA448B
:1049900005000000190000007D0000002B2D0030F4
:1049A0003000785800412D46612D6638393031325B
:1049B00033343536375D00009C4904009F490400BC
:1049C000A24904001F0000001C0000001F0000009E
:1049D0001E0000001F0000001E0000001F0000005D
:1049E0001F0000001E0000001F0000001E0000004D
:1049F0001F0000001F0000001D0000001F0000003D
:104A00001E0000001F0000001E0000001F0000002C
:104A10001F0000001E0000001F0000001E0000001C
:104A20001F000000490000004E000000460000008A
:104A300000000000690000006E0000006600000039
:104A4000000000004E000000410000004E00000089
:104A5000000000006E000000610000006E00000019
:104A600000000000300000003100000032000000B3
:104A70003300000034000000350000003600000064
:104A8000370000003800000039000000410000003D
:104A90004200000043000000440000004500000008
:104AA000460000000000000030000000310000005F
:104AB0003200000033000000340000003500000028
:104AC0003600000037000000380000003900000008
:104AD000610000006200000063000000640000004C
:104AE00065000000660000000000000030000000CB
:104AF0000000000020000000200000002000000056
:104B00002000000020000000200000002000000025
:104B10002000000020000000200000002000000015
:104B20002000000020000000200000002000000005
:104B300020000000300000003000000030000000C5
:104B400030000000300000003000000030000000A5
:104B50003000000030000000300000003000000095
:104B60003000000030000000300000003000000085
:084B700030000000000000000D
:084B780008ABFE7F0100000004
:104B800000000000D0070000D00700000600000071
:104B9000060000009401444D530000000000000096
:104BA000000000000000000000000100804F120023
:104BB00032000000000000000000000000000000C3
:104BC0000000803F000000000000000000002040C6
:104BD00000000000000000000000000000000000D5
:104BE000000000000000000000008C420000404077
:104BF0000000204100002041020000000A000000E7
:104C00003F0000001000000000C0604400393C4735
:104C1000120000007B04604400633C470E0000006B
:104C2000EC1103430000000011000000EC110343ED
:104C3000000000000F00000048E14E41A47042C493
:104C40000400000066D623C400FF7F470500000073
:104C500000CC4C460000000007000000AEB7124434
:104C60000048F4460900000052E812440076F44679
:104C70000A00000000CC4C46000000000B000000C1
:104C800000CC4C46000000000C00000000CC4C465C
:104C9000000000000D00000000CC4C4600000000A9
:104CA0000000FA4300007A44000020C100002041C7
:104CB000640000000A000000010000000A0000007B
:104CC0000000000000000000000000008FC2A443AC
:104CD0004821A5430A17A44348E1A443D703A543A9
:104CE0000000B343C3B5C843EC31DF4366E6F54388
:104CF000856B0644AEA71144E1DA1D447B84294448
:104D0000B88E3544AE3741449AC94C44D7C3584451
:104D1000A46065443D8A71445C3F7D44AE17854480
:104D200000507D44A5A555AA06000000060000001D
:104D3000C4090000C4090000189D0300C801002038
:104D40000000000001000000788D0300000000005A
:104D50000000000000000000000000007D8D030046
:104D60008E8D03000000000000000000DE17002010
:104D700000000000948D0300A78D030000000000D8
:104D800001000000DE17002000000000AD8D0300D0
:104D9000BD8D03000600000000000000514300002C
:104DA00000000000C28D0300D08D0300060000004B
:104DB000000000005546000000000000D88D0300F0
:104DC000E98D030006000000000000001546000009
:104DD00000000000F08D0300FD8D030006000000C0
:104DE00000000000AD42000000000000038E030040
:104DF000168E03000600000001000000614D000057
:104E000000000000208E0300468E03000600000014
:104E100000000000D9470000000000004C8E030095
:104E2000628E030006000000000000001D48000024
:104E300000000000688E0300808E03000600000062
:104E40000000000085470000000000008A8E03007B
:104E5000BA8E030006000000FFFFFFFF3959000073
:104E600000000000C08E0300E18E03000600000079
:104E7000FFFFFFFFD159000000000000E78E030094
:104E80000A8F03000600000000000000855A0000A1
:104E900000000000128F03003C8F0300060000009A
:104EA00000000000F95B000000000000448F0300D8
:104EB0006B8F03000600000000000000F14B0000B3
:104EC00000000000748F0300888F030006000000BC
:104ED0000000000011430000000000008B8F030061
:104EE000F193030006000000000000002D430000C5
:104EF00000000000988F0300A68F0300060000004A
:104F000001000000DD6F000000000000AB8F030017
:104F1000C58F03000400000000000000F31700200C
:104F200000000000CA8F0300E08F030004000000AF
:104F3000010000000418002000000000E68F0300BC
:104F40001790030004000000000000000418002077
:104F5000000000001D9003003290030001000000DB
:104F600001000000F417002028C00300389003005F
:104F7000519003000100000000000000F417002021
:104F8000000000005790030069900300010000003A
:104F900001000000F817002018C003006F90030004
:104FA0008D9003000100000000000000F8170020B1
:104FB0000000000093900300A69003000200000090
:104FC00001000000FC17002030C00300AB9003007C
:104FD000CA9003000200000000000000FC1700203F
:104FE00000000000CF900300E390030006000000E3
:104FF000010000005D63000000000000E890030075
:105000001C91030006000000010000002164000064
:1050100000000000229103004F91030002000000F5
:105020000000000000180020000000005491030060
:105030007A9103000200000000000000901E002092
:105040000000000080910300A69103000200000010
:10505000000000008C1E002000000000AC91030046
:10506000C89103000200000000000000701E002034
:1050700000000000CD910300E49103000200000055
:1050800000000000D417002000000000E991030098
:105090000192030001000000FFFFFFFF4018002005
:1050A000489D0300069203001A92030001000000CD
:1050B000FFFFFFFF44180020589D030020920300CB
:1050C0004092030001000000FFFFFFFF481800208E
:1050D000509D03004692030062920300020000000C
:1050E00000000000741E0020000000006B9203000E
:1050F0009692030002000000010000002818002022
:1051000020C003009E920300CF9203000200000023
:10511000000000002818002000000000D7920300C3
:105120000C93030002000000010000002018002082
:1051300020C0030015930300449303000200000005
:105140000000000020180020000000004D93030024
:10515000809303000200000000000000781E002081
:105160000000000089930300B493030002000000D4
:10517000010000002C18002020C00300BC93030095
:10518000ED93030002000000000000002C18002036
:1051900000000000F59303002A94030002000000C1
:1051A000010000002418002020C0030033940300F5
:1051B0006294030002000000000000002418002098
:1051C000000000006B9403009E94030006000000A2
:1051D00000000000F964000000000000A994030032
:1051E000C8940300020000000100000030180020F5
:1051F00000000000D0940300F494030002000000BB
:10520000000000003018002000000000FC940300A3
:105210001C9503000600000001000000014400008E
:1052200000000000209503003395030002000000F9
:10523000000000000C18002000000000379503005B
:105240004E9503000200000000000000841E0020B4
:105250000000000053950300719503000600000054
:105260000100000055440000000000007795030095
:105270008C950300020000000000000010180020C0
:105280000000000092950300AB95030002000000AF
:1052900000000000881E002000000000B2950300FE
:1052A000D29503000200000001000000F018002069
:1052B00000C00300DA950300F89503000200000027
:1052C00000000000F018002000000000009603001D
:1052D000229603000200000001000000F4180020E4
:1052E00000C0030029960300459603000200000059
:1052F00000000000F4180020000000004C9603009D
:105300006C9603000200000001000000E818002075
:1053100010C003007596030094960300020000007D
:1053200000000000E8180020000000009D96030027
:10533000C09603000200000001000000EC180020ED
:1053400010C00300C8960300E596030002000000A9
:1053500000000000EC18002000000000ED960300A3
:105360000E97030001000000010000000419002056
:10537000409D0300189703003497030001000000CC
:105380000000000004190020000000003E97030008
:105390005E970300010000000100000000190020DA
:1053A000389D030066970300899703000100000001
:1053B0000000000000190020000000009197030089
:1053C000B89703000100000001000000FC18002055
:1053D00008C00300C1970300E2970300010000002A
:1053E00000000000FC18002000000000EB97030004
:1053F000109803000100000001000000F8180020D0
:1054000038C003001898030035980300010000001D
:1054100000000000F8180020000000003D98030084
:105420005E98030006000000000000009174000078
:1054300000000000669803008A9803000600000040
:1054400000000000F94200000000000091980300F5
:10545000B098030006000000000000004D49000065
:1054600000000000B9980300D19803000600000076
:10547000030000009552000000000000D9980300CE
:105480002299030006000000030000009B52000068
:10549000000000002A990300739903000600000031
:1054A0000000000000000000000000007D990300E3
:1054B000A29903000600000001000000C549000099
:1054C00000000000AA990300E19903000600000013
:1054D00001000000A155000000000000E799030052
:1054E000009A03000600000001000000DD550000E6
:1054F00000000000069A0300259A03000600000041
:10550000FFFFFFFFF977000000000000299A030069
:10551000349A030006000000010000000577000037
:1055200000000000389A0300449A030006000000BF
:1055300001000000695D000000000000499A0300BE
:10554000539A0300060000000300000011760000DB
:10555000000000005C9A0300A19A0300060000000E
:10556000000000003143000000000000A69A030084
:10557000CE9A03000400000000000000B4160020D2
:1055800000000000D49A0300F89A03000100000014
:10559000000000001417002000000000009B030022
:1055A000269B03000600000000000000C168000008
:1055B00000000000309B0300509B03000600000029
:1055C00000000000F968000000000000589B030084
:1055D0006F9B030006000000000000003969000016
:1055E00000000000779B03008E9B03000600000074
:1055F000000000007969000000000000959B030096
:10560000A79B03000600000000000000956A000050
:1056100000000000B29B0300D09B030002000000CA
:10562000010000000818002000000000D69B0300C5
:10563000EC9B03000200000000000000081800209E
:1056400000000000F29B03000B9C0300060000001A
:1056500002000000516B0000000000000F9C0300DE
:10566000339C03000600000002000000C16C000033
:1056700000000000379C0300559C0300060000005A
:1056800000000000394A0000000000005A9C03009E
:10569000769C03000600000000000000794800002E
:1056A000000000007B9C0300919C030006000000AA
:1056B00000000000414C000000000000979C030027
:1056C000AF9C03000600000000000000654C0000D5
:1056D00000000000B69C0300CD9C03000600000003
:1056E00000000000954C000000000000D29C030068
:1056F000E79C03000600000000000000B94C000019
:1057000000000000EC9C0300019D03000600000067
:1057100001000000A944000000000000069D0300F5
:105720000000000000000000000000000000000079
:1057300000000000000000000C1E0020010000001E
:105740000F00000001000000140000000A0000002B
:105750003FC1030004000000FFFFFFFF0000000046
:105760000000000045C103005EC10300040000000A
:10577000FFFFFFFF000000000000000064C1030005
:105780007DC1030004000000FFFFFFFF00000000D8
:105790000000000083C10300A1C103000600000057
:1057A000FFFFFFFF1D97000000000000A7C10300DE
:1057B000CAC1030006000000FFFFFFFFC9970000F9
:1057C00000000000CFC10300000000000000000046
:1057D00000000000000000000000000000000000C9
:1057E000D00B002000000000C3C203000600000030
:1057F000FFFFFFFF31A2000000000000CEC2030047
:10580000E6C2030006000000FFFFFFFFD1A1000079
:1058100000000000F0C2030014C3030006000000F3
:10582000FFFFFFFF199D0000000000001AC30300E6
:1058300057C3030006000000FFFFFFFF99A200000E
:10584000000000005CC303009AC3030006000000D0
:10585000FFFFFFFFEDA00000000000009FC303005A
:10586000CBC3030006000000FFFFFFFF5DA00000A8
:1058700000000000CFC30300F8C3030006000000CF
:10588000FFFFFFFF899C00000000000000C4030030
:1058900033C4030006000000FFFFFFFFA19B0000D0
:1058A0000000000038C4030061C4030006000000CB
:1058B000FFFFFFFF8D9F00000000000065C4030094
:1058C0007FC4030006000000FFFFFFFF419F0000B0
:1058D0000000000086C40300AAC403000600000004
:1058E000FFFFFFFFF59E000000000000B1C40300B1
:1058F000D6C4030006000000FFFFFFFF99A00000D0
:1059000000000000DAC40300F1C403000600000038
:10591000FFFFFFFF459B000000000000F5C40300EF
:105920000EC5030006000000FFFFFFFF359B0000CF
:105930000000000014C503003EC50300060000007F
:10594000FFFFFFFFF19F00000000000045C50300BE
:105950006DC5030006000000FFFFFFFF459E00002D
:105960000000000073C503008FC50300060000009F
:10597000FFFFFFFF8D9E00000000000094C50300A4
:10598000B0C5030006000000FFFFFFFFC9A3000031
:1059900000000000B8C50300000000000000000087
:1059A00000000000000000000000000000000000F7
:1059B000680C0020000000000A0000000000030640
:1059C000B200080001000000A8000800020000006A
:1059D000A0001400030057494E5553420000000038
:1059E0000000000000008400040007002A004400BA
:1059F0006500760069006300650049006E00740070
:105A00006500720066006100630065004700550094
:105A1000490044007300000050007B00390037004B
:105A20003500460034003400440039002D003000B9
:105A30004400300038002D0034003300460044009C
:105A40002D0038004200330045002D0031003200A7
:105A50003700430041003800410046004600460040
:105A6000390044007D00000000000000910C01009E
:105A7000644D002010000C0000000000FF0000003A
:105A80000060014100800141000C004200380040EC
:105A9000003C004000A0014100C00141FFFFFFFFAA
:105AA000000E27070A0000000A0000000C0000009A
:105AB00001000000631904003E1904007E1904006F
:105AC0008A1904008E190400921904009719040021
:105AD0009B1904009F190400A3190400A7190400CE
:105AE000AB190400AF190400B3190400B71904007E
:105AF0009F190400BB190400C0190400D019040048
:105B0000E0190400F4190400041A0400141A040033
:105B1000241A0400341A0400441A0400541A04001D
:105B2000641A0400741A0400141A0400841A04008D
:105B30003C3C0400643C040001000000C00F002055
:105B400000000000003E0400203E0400E03D040090
:105B50000000000000000000000000000000000045
:105B60000000000000000000000000000000000035
:105B70000000000000000000000000000000000025
:105B80000000000000000000000000000000000015
:105B90000000000000000000000000000000000005
:105BA00043000000000000000000000000000000B2
:105BB00000000000000000000000000000000000E5
:105BC0004300000000000000000000000000000092
:105BD00000000000000000000000000000000000C5
:105BE0004300000000000000000000000000000072
:105BF00000000000000000000000000000000000A5
:105C00004300000000000000000000000000000051
:105C10000000000000000000000000000000000084
:105C20004300000000000000000000000000000031
:105C30000000000000000000000000000000000064
:105C40004300000000000000000000000000000011
:105C50000000000000000000000000000000000044
:105C600043000000000000000000000000000000F1
:105C70000000000000000000000000000000000024
:105C8000794B03005506030000000000DC3C0400D3
:105C9000C188030031C1030031C1030031C10300D9
:105CA00031C1030031C1030031C1030031C1030020
:105CB00031C1030031C10300FFFFFFFFFFFFFFFF02
:105CC000FFFFFFFFFFFF0000010041534349490070
:105CD00000000000000000000000000000000000C4
:105CE000000000000000000000004153434949004B
:105CF00000000000000000000000000000000000A4
:105D00000000000000000000000000008A190400EC
:105D10008A190400000000000100000000000000DB
:105D20004A00000000000000000000000000000029
:105D30000000000000000000000000000000000063
:105D400000000000000000004A0000000000000009
:105D50000000000000000000000000000000000043
:105D60000000000000000000000000000000000033
:105D7000FF000000B44B002089420000DD780000E5
:105D8000BDA90000E1B10000B9E600004DEA000045
:105D9000A92901000DA9010059090200B5850200D9
:105DA00019C1020055CA020065420000000000004F
:105DB00000000000000000000000000000000000E3
:105DC00000000000000000000000000000000000D3
:105DD00000000000000000000000000000000000C3
:105DE00000000000000000000000000000000000B3
:105DF00000000000000000000000000000000000A3
:105E00000000000000000000000000000000000092
:105E10000000000000000000000000000000000082
:105E20000000000000000000000000000000000072
:105E30000000000000000000000000000000000062
:105E40000000000000000000000000000000000052
:105E50000000000000000000000000000000000042
:105E60000000000000000000000000000000000032
:105E70000000000000000000000000000000000022
:105E80000000000000000000000000000000000012
:105E90000000000000000000000000000000000002
:105EA00000000000000000000000000000000000F2
:105EB00000000000000000000000000000000000E2
:105EC00000000000000000000000000000000000D2
:105ED00000000000000000000000000000000000C2
:105EE00000000000000000000000000000000000B2
:105EF00000000000000000000000000000000000A2
:105F00000000000000000000000000000000000091
:105F10000000000000000000000000000000000081
:105F20000000000000000000000000000000000071
:105F30000000000000000000000000000000000061
:105F40000000000000000000000000000000000051
:105F50000000000000000000000000000000000041
:105F60000000000000000000000000000000000031
:105F70000000000000000000000000000000000021
:105F80000000000000000000000000000000000011
:105F90000000000000000000000000000000000001
:105FA00000000000000000000000000000000000F1
:105FB00000000000000000000000000000000000E1
:105FC00000000000000000000000000000000000D1
:105FD00000000000000000000000000000000000C1
:105FE00000000000000000000000000000000000B1
:105FF00000000000000000000000000000000000A1
:106000000000000000000000000000000000000090
:106010000000000000000000000000000000000080
:106020000000000000000000000000000000000070
:106030000000000000000000000000000000000060
:106040000000000000000000000000000000000050
:106050000000000000000000000000000000000040
:106060000000000000000000000000000000000030
:106070000000000000000000000000000000000020
:106080000000000000000000000000000000000010
:106090000000000000000000000000000000000000
:1060A00000000000000000000000000000000000F0
:1060B00000000000000000000000000000000000E0
:1060C00000000000000000000000000000000000D0
:1060D00000000000000000000000000000000000C0
:1060E00000000000000000000000000000000000B0
:1060F00000000000000000000000000000000000A0
:10610000000000000000000000000000000000008F
:10611000000000000000000000000000000000007F
:10612000000000000000000000000000000000006F
:10613000000000000000000000000000000000005F
:10614000000000000000000000000000000000004F
:10615000000000000000000000000000000000003F
:10616000000000000000000000000000000000002F
:10617000000000000000000000000000000000001F
:10618000000000000000000000000000000000000F
:1061900000000000000000000000000000000000FF
:1061A00000000000000000000000000000000000EF
:04000003100039A907
:00000001FF
